"uid","domainID","siteID","plotID","subplotID","decimalLatitude","decimalLongitude","geodeticDatum","coordinateUncertainty","date","boutNumber","eventID","otherVariablesPresent","otherVariables","percentCover","samplingProtocol","measuredBy","recordedBy","remarks","duplicateVariablesBout1m2QF"
"BFDB146C27A14213A3069E3580741E96","D06","UKFS",,"31.1.1",39.035129,-95.194524,"WGS84",0.5,"2015-06-08",1,"DIV.UKFS.2015.1","Y","moss",0.5,"NEON.DOC.014042","IwiAeKKpgyDNoYNXo7Ff5Z9mnt7Mfl5M","B7fMha69fjYQVOb1ot6C4r/U6sfywj4h",,0
"354B6C42F253436983F90FE0665A4177","D06","UKFS",,"41.4.1",39.035287,-95.194301,"WGS84",0.4,"2015-06-08",1,"DIV.UKFS.2015.1","Y","moss",0.5,"NEON.DOC.014042","qwYRJUJUUn1NQYSSsfG9DieoOsSI/sT2","9ncDnDTowBQd9hSupIjx5CJgq3e17puy",,0
"A78DDC504675486A8FD90FC2D3CD6225","D06","UKFS",,"32.4.1",39.035206,-95.194295,"WGS84",0.5,"2015-06-08",1,"DIV.UKFS.2015.1","Y","moss",1,"NEON.DOC.014042","IwiAeKKpgyDNoYNXo7Ff5Z9mnt7Mfl5M","B7fMha69fjYQVOb1ot6C4r/U6sfywj4h",,0
"1B6331BAB66E4111A8FE600D65383F71","D06","UKFS",,"41.1.1",39.035204,-95.194404,"WGS84",0.3,"2015-06-08",1,"DIV.UKFS.2015.1","Y","moss",0.5,"NEON.DOC.014042","qwYRJUJUUn1NQYSSsfG9DieoOsSI/sT2","9ncDnDTowBQd9hSupIjx5CJgq3e17puy",,0
"147FDCD73C244CDD83614A312A21A702","D06","UKFS",,"31.1.1",39.041575,-95.197143,"WGS84",0.4,"2015-06-10",1,"DIV.UKFS.2015.1","Y","moss",0.5,"NEON.DOC.014042","IwiAeKKpgyDNoYNXo7Ff5Z9mnt7Mfl5M","uHorHgDqo3rmbGvlt3J+fC8Uot/6kvDFiz0X+FIku2A=",,0
"083ED240B0CA4D0EA8B57652DDDE9C24","D06","UKFS",,"32.4.1",39.036602,-95.191927,"WGS84",0.4,"2015-06-24",1,"DIV.UKFS.2015.1","Y","moss",0.5,"NEON.DOC.014042","IwiAeKKpgyDNoYNXo7Ff5Z9mnt7Mfl5M","uHorHgDqo3rmbGvlt3J+fC8Uot/6kvDFiz0X+FIku2A=",,0
"3A36185A0FD945F3A6CFD473C6C7E7A8","D06","UKFS",,"41.4.1",39.036701,-95.191912,"WGS84",0.4,"2015-06-24",1,"DIV.UKFS.2015.1","Y","moss",0.5,"NEON.DOC.014042","IwiAeKKpgyDNoYNXo7Ff5Z9mnt7Mfl5M","uHorHgDqo3rmbGvlt3J+fC8Uot/6kvDFiz0X+FIku2A=",,0
"51BD3D109D5F46568AD51A26DE4EE52B","D06","UKFS",,"32.2.1",39.036521,-95.191924,"WGS84",0.4,"2015-06-24",1,"DIV.UKFS.2015.1","Y","moss",2,"NEON.DOC.014042","IwiAeKKpgyDNoYNXo7Ff5Z9mnt7Mfl5M","uHorHgDqo3rmbGvlt3J+fC8Uot/6kvDFiz0X+FIku2A=",,0
"69D3142E35004396B0FE5E244236E3B4","D06","UKFS",,"31.1.1",39.037150,-95.205383,"WGS84",0.4,"2015-06-29",1,"DIV.UKFS.2015.1","Y","otherNonVascular",0.5,"NEON.DOC.014042","IwiAeKKpgyDNoYNXo7Ff5Z9mnt7Mfl5M","uHorHgDqo3rmbGvlt3J+fC8Uot/6kvDFiz0X+FIku2A=",,0
"C87E713EEEFF4A2E9D99E7AD8B746805","D06","UKFS",,"31.1.1",39.037150,-95.205383,"WGS84",0.4,"2015-06-29",1,"DIV.UKFS.2015.1","Y","wood",23,"NEON.DOC.014042","IwiAeKKpgyDNoYNXo7Ff5Z9mnt7Mfl5M","uHorHgDqo3rmbGvlt3J+fC8Uot/6kvDFiz0X+FIku2A=",,0
"619A809A50664893B214F3FBAD30A4C7","D06","UKFS",,"31.1.1",39.037150,-95.205383,"WGS84",0.4,"2015-06-29",1,"DIV.UKFS.2015.1","Y","moss",1,"NEON.DOC.014042","IwiAeKKpgyDNoYNXo7Ff5Z9mnt7Mfl5M","uHorHgDqo3rmbGvlt3J+fC8Uot/6kvDFiz0X+FIku2A=",,0
"EE514078DCC448BC93F9387F5B666D5A","D06","UKFS",,"31.4.1",39.037233,-95.205284,"WGS84",0.4,"2015-06-29",1,"DIV.UKFS.2015.1","Y","wood",10,"NEON.DOC.014042","IwiAeKKpgyDNoYNXo7Ff5Z9mnt7Mfl5M","uHorHgDqo3rmbGvlt3J+fC8Uot/6kvDFiz0X+FIku2A=",,0
"367038AA916D452F8E5462EEF548C2A6","D06","UKFS",,"31.4.1",39.037233,-95.205284,"WGS84",0.4,"2015-06-29",1,"DIV.UKFS.2015.1","Y","otherNonVascular",0.5,"NEON.DOC.014042","IwiAeKKpgyDNoYNXo7Ff5Z9mnt7Mfl5M","uHorHgDqo3rmbGvlt3J+fC8Uot/6kvDFiz0X+FIku2A=",,0
"C4549B64C4084CC4816C9DC71675D4C5","D06","UKFS",,"32.2.1",39.037145,-95.205171,"WGS84",0.4,"2015-06-29",1,"DIV.UKFS.2015.1","Y","litter",98,"NEON.DOC.014042","IwiAeKKpgyDNoYNXo7Ff5Z9mnt7Mfl5M","uHorHgDqo3rmbGvlt3J+fC8Uot/6kvDFiz0X+FIku2A=",,0
"5592D405F8DD4761ACA52D0F777E3BD9","D06","UKFS",,"32.2.1",39.037145,-95.205171,"WGS84",0.4,"2015-06-29",1,"DIV.UKFS.2015.1","Y","overstory",50,"NEON.DOC.014042","IwiAeKKpgyDNoYNXo7Ff5Z9mnt7Mfl5M","uHorHgDqo3rmbGvlt3J+fC8Uot/6kvDFiz0X+FIku2A=",,0
"A7B3048103024F87B9E3F203E1413F57","D06","UKFS",,"32.4.1",39.037226,-95.205174,"WGS84",0.4,"2015-06-29",1,"DIV.UKFS.2015.1","Y","litter",94,"NEON.DOC.014042","IwiAeKKpgyDNoYNXo7Ff5Z9mnt7Mfl5M","uHorHgDqo3rmbGvlt3J+fC8Uot/6kvDFiz0X+FIku2A=",,0
"660091FE990F4407A6B45BD3DE150801","D06","UKFS",,"32.4.1",39.037226,-95.205174,"WGS84",0.4,"2015-06-29",1,"DIV.UKFS.2015.1","Y","standingDead",2,"NEON.DOC.014042","IwiAeKKpgyDNoYNXo7Ff5Z9mnt7Mfl5M","uHorHgDqo3rmbGvlt3J+fC8Uot/6kvDFiz0X+FIku2A=",,0
"4F98E81567BB451BB698AFCD50057377","D06","UKFS",,"40.1.1",39.037240,-95.205386,"WGS84",0.4,"2015-06-29",1,"DIV.UKFS.2015.1","Y","litter",98,"NEON.DOC.014042","IwiAeKKpgyDNoYNXo7Ff5Z9mnt7Mfl5M","uHorHgDqo3rmbGvlt3J+fC8Uot/6kvDFiz0X+FIku2A=",,0
"0BA3C9C6EA6942B984017B494ADC7A4B","D06","UKFS",,"40.1.1",39.037240,-95.205386,"WGS84",0.4,"2015-06-29",1,"DIV.UKFS.2015.1","Y","overstory",85,"NEON.DOC.014042","IwiAeKKpgyDNoYNXo7Ff5Z9mnt7Mfl5M","uHorHgDqo3rmbGvlt3J+fC8Uot/6kvDFiz0X+FIku2A=",,0
"01ACEE3982B045F28842FE548961BEF4","D06","UKFS",,"40.1.1",39.037240,-95.205386,"WGS84",0.4,"2015-06-29",1,"DIV.UKFS.2015.1","Y","standingDead",3,"NEON.DOC.014042","IwiAeKKpgyDNoYNXo7Ff5Z9mnt7Mfl5M","uHorHgDqo3rmbGvlt3J+fC8Uot/6kvDFiz0X+FIku2A=",,0
"B1F4B03AF1E1495B8C396269B8A92343","D06","UKFS",,"40.3.1",39.037321,-95.205388,"WGS84",0.4,"2015-06-29",1,"DIV.UKFS.2015.1","Y","overstory",90,"NEON.DOC.014042","IwiAeKKpgyDNoYNXo7Ff5Z9mnt7Mfl5M","uHorHgDqo3rmbGvlt3J+fC8Uot/6kvDFiz0X+FIku2A=",,0
"9A92007D70394DA8B09F2DCF44888980","D06","UKFS",,"40.3.1",39.037321,-95.205388,"WGS84",0.4,"2015-06-29",1,"DIV.UKFS.2015.1","Y","litter",30,"NEON.DOC.014042","IwiAeKKpgyDNoYNXo7Ff5Z9mnt7Mfl5M","uHorHgDqo3rmbGvlt3J+fC8Uot/6kvDFiz0X+FIku2A=",,0
"57AA6F391BF64C43BEDC50100D760CB5","D06","UKFS",,"40.3.1",39.037321,-95.205388,"WGS84",0.4,"2015-06-29",1,"DIV.UKFS.2015.1","Y","soil",4,"NEON.DOC.014042","IwiAeKKpgyDNoYNXo7Ff5Z9mnt7Mfl5M","uHorHgDqo3rmbGvlt3J+fC8Uot/6kvDFiz0X+FIku2A=",,0
"8FB013310EB5448EBBE663969C84DAA1","D06","UKFS",,"40.3.1",39.037321,-95.205388,"WGS84",0.4,"2015-06-29",1,"DIV.UKFS.2015.1","Y","wood",4,"NEON.DOC.014042","IwiAeKKpgyDNoYNXo7Ff5Z9mnt7Mfl5M","uHorHgDqo3rmbGvlt3J+fC8Uot/6kvDFiz0X+FIku2A=",,0
"A6360E0B86F24109B85961298326318F","D06","UKFS",,"40.3.1",39.037321,-95.205388,"WGS84",0.4,"2015-06-29",1,"DIV.UKFS.2015.1","Y","moss",2,"NEON.DOC.014042","IwiAeKKpgyDNoYNXo7Ff5Z9mnt7Mfl5M","uHorHgDqo3rmbGvlt3J+fC8Uot/6kvDFiz0X+FIku2A=",,0
"611E1B60D1404662AD5D4716949EAAE0","D06","UKFS",,"41.1.1",39.037242,-95.205272,"WGS84",0.4,"2015-06-29",1,"DIV.UKFS.2015.1","Y","overstory",97,"NEON.DOC.014042","IwiAeKKpgyDNoYNXo7Ff5Z9mnt7Mfl5M","uHorHgDqo3rmbGvlt3J+fC8Uot/6kvDFiz0X+FIku2A=",,0
"1A1F05244AB14DB99BE93D4CE845BACB","D06","UKFS",,"41.1.1",39.037242,-95.205272,"WGS84",0.4,"2015-06-29",1,"DIV.UKFS.2015.1","Y","wood",4,"NEON.DOC.014042","IwiAeKKpgyDNoYNXo7Ff5Z9mnt7Mfl5M","uHorHgDqo3rmbGvlt3J+fC8Uot/6kvDFiz0X+FIku2A=",,0
"8218948673634FABB5F7BEA12593D02A","D06","UKFS",,"41.1.1",39.037242,-95.205272,"WGS84",0.4,"2015-06-29",1,"DIV.UKFS.2015.1","Y","standingDead",0.5,"NEON.DOC.014042","IwiAeKKpgyDNoYNXo7Ff5Z9mnt7Mfl5M","uHorHgDqo3rmbGvlt3J+fC8Uot/6kvDFiz0X+FIku2A=",,0
"FF729735800D40A3A612358A3095EF0F","D06","UKFS",,"41.1.1",39.037242,-95.205272,"WGS84",0.4,"2015-06-29",1,"DIV.UKFS.2015.1","Y","litter",96,"NEON.DOC.014042","IwiAeKKpgyDNoYNXo7Ff5Z9mnt7Mfl5M","uHorHgDqo3rmbGvlt3J+fC8Uot/6kvDFiz0X+FIku2A=",,0
"8810B4FB80DD4943959E4BC760545A7D","D06","UKFS",,"41.4.1",39.037316,-95.205167,"WGS84",0.4,"2015-06-29",1,"DIV.UKFS.2015.1","Y","otherNonVascular",0.5,"NEON.DOC.014042","IwiAeKKpgyDNoYNXo7Ff5Z9mnt7Mfl5M","uHorHgDqo3rmbGvlt3J+fC8Uot/6kvDFiz0X+FIku2A=",,0
"FE77DCF0FA1749518D226EB96FCE33F3","D06","UKFS",,"41.4.1",39.037316,-95.205167,"WGS84",0.4,"2015-06-29",1,"DIV.UKFS.2015.1","Y","wood",18,"NEON.DOC.014042","IwiAeKKpgyDNoYNXo7Ff5Z9mnt7Mfl5M","uHorHgDqo3rmbGvlt3J+fC8Uot/6kvDFiz0X+FIku2A=",,0
"B25B9C65EB4040919FC2835322085BA1","D06","UKFS",,"41.4.1",39.037316,-95.205167,"WGS84",0.4,"2015-06-29",1,"DIV.UKFS.2015.1","Y","litter",82,"NEON.DOC.014042","IwiAeKKpgyDNoYNXo7Ff5Z9mnt7Mfl5M","uHorHgDqo3rmbGvlt3J+fC8Uot/6kvDFiz0X+FIku2A=",,0
"3693BD2D6B7048CF8D4A7B5817E27DDF","D06","UKFS",,"41.4.1",39.037316,-95.205167,"WGS84",0.4,"2015-06-29",1,"DIV.UKFS.2015.1","Y","overstory",40,"NEON.DOC.014042","IwiAeKKpgyDNoYNXo7Ff5Z9mnt7Mfl5M","uHorHgDqo3rmbGvlt3J+fC8Uot/6kvDFiz0X+FIku2A=",,0
"33ACA090C05F450499CAC426A8DB0EB2","D06","UKFS",,"41.4.1",39.037316,-95.205167,"WGS84",0.4,"2015-06-29",1,"DIV.UKFS.2015.1","Y","moss",1,"NEON.DOC.014042","IwiAeKKpgyDNoYNXo7Ff5Z9mnt7Mfl5M","uHorHgDqo3rmbGvlt3J+fC8Uot/6kvDFiz0X+FIku2A=",,0
"C9478004BAB344B89C5E1A222FA013F7","D06","UKFS",,"31.1.1",39.037150,-95.205383,"WGS84",0.4,"2015-06-29",1,"DIV.UKFS.2015.1","Y","litter",77,"NEON.DOC.014042","IwiAeKKpgyDNoYNXo7Ff5Z9mnt7Mfl5M","uHorHgDqo3rmbGvlt3J+fC8Uot/6kvDFiz0X+FIku2A=",,0
"182004E2923149A98E385E321EAB41D7","D06","UKFS",,"31.1.1",39.037150,-95.205383,"WGS84",0.4,"2015-06-29",1,"DIV.UKFS.2015.1","Y","overstory",30,"NEON.DOC.014042","IwiAeKKpgyDNoYNXo7Ff5Z9mnt7Mfl5M","uHorHgDqo3rmbGvlt3J+fC8Uot/6kvDFiz0X+FIku2A=",,0
"DFE51F49E72E4CB690580A4ACF95383F","D06","UKFS",,"31.1.1",39.037150,-95.205383,"WGS84",0.4,"2015-06-29",1,"DIV.UKFS.2015.1","Y","standingDead",1,"NEON.DOC.014042","IwiAeKKpgyDNoYNXo7Ff5Z9mnt7Mfl5M","uHorHgDqo3rmbGvlt3J+fC8Uot/6kvDFiz0X+FIku2A=",,0
"8C703C4D1DDC4069AA85C67C3C61F4D1","D06","UKFS",,"31.4.1",39.037233,-95.205284,"WGS84",0.4,"2015-06-29",1,"DIV.UKFS.2015.1","Y","litter",90,"NEON.DOC.014042","IwiAeKKpgyDNoYNXo7Ff5Z9mnt7Mfl5M","uHorHgDqo3rmbGvlt3J+fC8Uot/6kvDFiz0X+FIku2A=",,0
"41C4CFB3A5684EECA23B6CBDB4517B29","D06","UKFS",,"31.4.1",39.037233,-95.205284,"WGS84",0.4,"2015-06-29",1,"DIV.UKFS.2015.1","Y","overstory",75,"NEON.DOC.014042","IwiAeKKpgyDNoYNXo7Ff5Z9mnt7Mfl5M","uHorHgDqo3rmbGvlt3J+fC8Uot/6kvDFiz0X+FIku2A=",,0
"F74036A0B0A143BE80BDB4650407E5CF","D06","UKFS",,"32.2.1",39.037145,-95.205171,"WGS84",0.4,"2015-06-29",1,"DIV.UKFS.2015.1","Y","wood",1,"NEON.DOC.014042","IwiAeKKpgyDNoYNXo7Ff5Z9mnt7Mfl5M","uHorHgDqo3rmbGvlt3J+fC8Uot/6kvDFiz0X+FIku2A=",,0
"C30320B5867940488A579107B9F2D527","D06","UKFS",,"32.2.1",39.037145,-95.205171,"WGS84",0.4,"2015-06-29",1,"DIV.UKFS.2015.1","Y","standingDead",3,"NEON.DOC.014042","IwiAeKKpgyDNoYNXo7Ff5Z9mnt7Mfl5M","uHorHgDqo3rmbGvlt3J+fC8Uot/6kvDFiz0X+FIku2A=",,0
"CAE707B2F12B4274AA901CD240E07226","D06","UKFS",,"32.4.1",39.037226,-95.205174,"WGS84",0.4,"2015-06-29",1,"DIV.UKFS.2015.1","Y","wood",4,"NEON.DOC.014042","IwiAeKKpgyDNoYNXo7Ff5Z9mnt7Mfl5M","uHorHgDqo3rmbGvlt3J+fC8Uot/6kvDFiz0X+FIku2A=",,0
"6675CC7C37564DE78B25688A9E08DEC9","D06","UKFS",,"32.4.1",39.037226,-95.205174,"WGS84",0.4,"2015-06-29",1,"DIV.UKFS.2015.1","Y","overstory",30,"NEON.DOC.014042","IwiAeKKpgyDNoYNXo7Ff5Z9mnt7Mfl5M","uHorHgDqo3rmbGvlt3J+fC8Uot/6kvDFiz0X+FIku2A=",,0
"837CC9F62ABC4281A1B2615232F13BC8","D06","UKFS",,"32.4.1",39.037226,-95.205174,"WGS84",0.4,"2015-06-29",1,"DIV.UKFS.2015.1","Y","moss",1,"NEON.DOC.014042","IwiAeKKpgyDNoYNXo7Ff5Z9mnt7Mfl5M","uHorHgDqo3rmbGvlt3J+fC8Uot/6kvDFiz0X+FIku2A=",,0
"2A7EE99D38134F049F69A0DBC3DB2B1A","D06","UKFS",,"40.1.1",39.037240,-95.205386,"WGS84",0.4,"2015-06-29",1,"DIV.UKFS.2015.1","Y","wood",2,"NEON.DOC.014042","IwiAeKKpgyDNoYNXo7Ff5Z9mnt7Mfl5M","uHorHgDqo3rmbGvlt3J+fC8Uot/6kvDFiz0X+FIku2A=",,0
"812E3609C2994ADFACBC663CD3BE2A38","D06","UKFS",,"41.4.1",39.043266,-95.202606,"WGS84",0.4,"2015-06-30",1,"DIV.UKFS.2015.1","Y","wood",2,"NEON.DOC.014042","IwiAeKKpgyDNoYNXo7Ff5Z9mnt7Mfl5M","uHorHgDqo3rmbGvlt3J+fC8Uot/6kvDFiz0X+FIku2A=",,0
"03CF763CC71E49D6B97F7BF988EA4F94","D06","UKFS",,"41.4.1",39.043266,-95.202606,"WGS84",0.4,"2015-06-30",1,"DIV.UKFS.2015.1","Y","soil",3,"NEON.DOC.014042","IwiAeKKpgyDNoYNXo7Ff5Z9mnt7Mfl5M","uHorHgDqo3rmbGvlt3J+fC8Uot/6kvDFiz0X+FIku2A=",,0
"49DC091CEB914892B0E1F154FB4CDF42","D06","UKFS",,"41.1.1",39.043192,-95.202717,"WGS84",0.4,"2015-06-30",1,"DIV.UKFS.2015.1","Y","overstory",95,"NEON.DOC.014042","IwiAeKKpgyDNoYNXo7Ff5Z9mnt7Mfl5M","uHorHgDqo3rmbGvlt3J+fC8Uot/6kvDFiz0X+FIku2A=",,0
"58A9D85CEFBD414E8FB5B85C85F7C9B1","D06","UKFS",,"41.1.1",39.043192,-95.202717,"WGS84",0.4,"2015-06-30",1,"DIV.UKFS.2015.1","Y","litter",100,"NEON.DOC.014042","IwiAeKKpgyDNoYNXo7Ff5Z9mnt7Mfl5M","uHorHgDqo3rmbGvlt3J+fC8Uot/6kvDFiz0X+FIku2A=",,0
"0CEBECACC9E949669D879A308B409B1C","D06","UKFS",,"41.4.1",39.043266,-95.202606,"WGS84",0.4,"2015-06-30",1,"DIV.UKFS.2015.1","Y","standingDead",0.5,"NEON.DOC.014042","IwiAeKKpgyDNoYNXo7Ff5Z9mnt7Mfl5M","uHorHgDqo3rmbGvlt3J+fC8Uot/6kvDFiz0X+FIku2A=",,0
"BFCA461F37834BF7B0F2A8A0533E340C","D06","UKFS",,"41.4.1",39.043266,-95.202606,"WGS84",0.4,"2015-06-30",1,"DIV.UKFS.2015.1","Y","lichen",0.5,"NEON.DOC.014042","IwiAeKKpgyDNoYNXo7Ff5Z9mnt7Mfl5M","uHorHgDqo3rmbGvlt3J+fC8Uot/6kvDFiz0X+FIku2A=",,0
"D93BA845074344BDA26B9670EF008BE6","D06","UKFS",,"32.4.1",39.043176,-95.202618,"WGS84",0.4,"2015-06-30",1,"DIV.UKFS.2015.1","Y","overstory",93,"NEON.DOC.014042","IwiAeKKpgyDNoYNXo7Ff5Z9mnt7Mfl5M","uHorHgDqo3rmbGvlt3J+fC8Uot/6kvDFiz0X+FIku2A=",,0
"B72C78E0794C4F1A99F9ED10648EE11D","D06","UKFS",,"32.4.1",39.043176,-95.202618,"WGS84",0.4,"2015-06-30",1,"DIV.UKFS.2015.1","Y","standingDead",0.5,"NEON.DOC.014042","IwiAeKKpgyDNoYNXo7Ff5Z9mnt7Mfl5M","uHorHgDqo3rmbGvlt3J+fC8Uot/6kvDFiz0X+FIku2A=",,0
"7728151E3E4E403CB089C4EACF45FB5D","D06","UKFS",,"40.1.1",39.043190,-95.202827,"WGS84",0.4,"2015-06-30",1,"DIV.UKFS.2015.1","Y","standingDead",0.5,"NEON.DOC.014042","IwiAeKKpgyDNoYNXo7Ff5Z9mnt7Mfl5M","uHorHgDqo3rmbGvlt3J+fC8Uot/6kvDFiz0X+FIku2A=",,0
"C5BF6BD10CC54B3EACB6A13EF20F4894","D06","UKFS",,"40.3.1",39.043271,-95.202829,"WGS84",0.4,"2015-06-30",1,"DIV.UKFS.2015.1","Y","litter",52,"NEON.DOC.014042","IwiAeKKpgyDNoYNXo7Ff5Z9mnt7Mfl5M","uHorHgDqo3rmbGvlt3J+fC8Uot/6kvDFiz0X+FIku2A=",,0
"C1A88A718D074008A181CA7B0B766FBE","D06","UKFS",,"40.3.1",39.043271,-95.202829,"WGS84",0.4,"2015-06-30",1,"DIV.UKFS.2015.1","Y","moss",1,"NEON.DOC.014042","IwiAeKKpgyDNoYNXo7Ff5Z9mnt7Mfl5M","uHorHgDqo3rmbGvlt3J+fC8Uot/6kvDFiz0X+FIku2A=",,0
"CD0D73F36E214452881897918D5BA72C","D06","UKFS",,"31.4.1",39.043183,-95.202728,"WGS84",0.4,"2015-06-30",1,"DIV.UKFS.2015.1","Y","scat",0.5,"NEON.DOC.014042","IwiAeKKpgyDNoYNXo7Ff5Z9mnt7Mfl5M","uHorHgDqo3rmbGvlt3J+fC8Uot/6kvDFiz0X+FIku2A=",,0
"F2CD76C8B14A40A2A6A85E34ECA907ED","D06","UKFS",,"31.4.1",39.043183,-95.202728,"WGS84",0.4,"2015-06-30",1,"DIV.UKFS.2015.1","Y","standingDead",0.5,"NEON.DOC.014042","IwiAeKKpgyDNoYNXo7Ff5Z9mnt7Mfl5M","uHorHgDqo3rmbGvlt3J+fC8Uot/6kvDFiz0X+FIku2A=",,0
"D99B2F8A1C1941779E9658F35BBD4057","D06","UKFS",,"32.2.1",39.043095,-95.202616,"WGS84",0.4,"2015-06-30",1,"DIV.UKFS.2015.1","Y","lichen",1,"NEON.DOC.014042","IwiAeKKpgyDNoYNXo7Ff5Z9mnt7Mfl5M","uHorHgDqo3rmbGvlt3J+fC8Uot/6kvDFiz0X+FIku2A=",,0
"9AAFF10E0D4A4D23AA606D635CF578AD","D06","UKFS",,"32.2.1",39.043095,-95.202616,"WGS84",0.4,"2015-06-30",1,"DIV.UKFS.2015.1","Y","litter",80,"NEON.DOC.014042","IwiAeKKpgyDNoYNXo7Ff5Z9mnt7Mfl5M","uHorHgDqo3rmbGvlt3J+fC8Uot/6kvDFiz0X+FIku2A=",,0
"CD8A99DBAC644BAD8D1F183DFAD18C5D","D06","UKFS",,"32.2.1",39.043095,-95.202616,"WGS84",0.4,"2015-06-30",1,"DIV.UKFS.2015.1","Y","wood",20,"NEON.DOC.014042","IwiAeKKpgyDNoYNXo7Ff5Z9mnt7Mfl5M","uHorHgDqo3rmbGvlt3J+fC8Uot/6kvDFiz0X+FIku2A=",,0
"84B8E656E3904D309385114B905FD64E","D06","UKFS",,"31.1.1",39.043100,-95.202834,"WGS84",0.3,"2015-06-30",1,"DIV.UKFS.2015.1","Y","litter",55,"NEON.DOC.014042","IwiAeKKpgyDNoYNXo7Ff5Z9mnt7Mfl5M","uHorHgDqo3rmbGvlt3J+fC8Uot/6kvDFiz0X+FIku2A=",,0
"0A68D6129C8043E89A83B8A0AF8ED14D","D06","UKFS",,"31.1.1",39.043100,-95.202834,"WGS84",0.3,"2015-06-30",1,"DIV.UKFS.2015.1","Y","wood",0.5,"NEON.DOC.014042","IwiAeKKpgyDNoYNXo7Ff5Z9mnt7Mfl5M","uHorHgDqo3rmbGvlt3J+fC8Uot/6kvDFiz0X+FIku2A=",,0
"0343B5EC7D5B4076B0181BFE5705E60C","D06","UKFS",,"31.1.1",39.043100,-95.202834,"WGS84",0.3,"2015-06-30",1,"DIV.UKFS.2015.1","Y","standingDead",1,"NEON.DOC.014042","IwiAeKKpgyDNoYNXo7Ff5Z9mnt7Mfl5M","uHorHgDqo3rmbGvlt3J+fC8Uot/6kvDFiz0X+FIku2A=",,0
"D46D524AC08D4D52A786700E847492DC","D06","UKFS",,"31.4.1",39.043183,-95.202728,"WGS84",0.4,"2015-06-30",1,"DIV.UKFS.2015.1","Y","litter",98,"NEON.DOC.014042","IwiAeKKpgyDNoYNXo7Ff5Z9mnt7Mfl5M","uHorHgDqo3rmbGvlt3J+fC8Uot/6kvDFiz0X+FIku2A=",,0
"9193394076F44482B9B4260858463629","D06","UKFS",,"40.3.1",39.043271,-95.202829,"WGS84",0.4,"2015-06-30",1,"DIV.UKFS.2015.1","Y","soil",6,"NEON.DOC.014042","IwiAeKKpgyDNoYNXo7Ff5Z9mnt7Mfl5M","uHorHgDqo3rmbGvlt3J+fC8Uot/6kvDFiz0X+FIku2A=",,0
"AF82A03EFF684D1FAF5DF8FDE1E79448","D06","UKFS",,"41.4.1",39.043266,-95.202606,"WGS84",0.4,"2015-06-30",1,"DIV.UKFS.2015.1","Y","overstory",95,"NEON.DOC.014042","IwiAeKKpgyDNoYNXo7Ff5Z9mnt7Mfl5M","uHorHgDqo3rmbGvlt3J+fC8Uot/6kvDFiz0X+FIku2A=",,0
"1DF73F944C634A7A8096D57E5881078B","D06","UKFS",,"41.4.1",39.043266,-95.202606,"WGS84",0.4,"2015-06-30",1,"DIV.UKFS.2015.1","Y","moss",1,"NEON.DOC.014042","IwiAeKKpgyDNoYNXo7Ff5Z9mnt7Mfl5M","uHorHgDqo3rmbGvlt3J+fC8Uot/6kvDFiz0X+FIku2A=",,0
"1F6FFB5DFD5741E69C8458F79DD5DFAE","D06","UKFS",,"41.4.1",39.043266,-95.202606,"WGS84",0.4,"2015-06-30",1,"DIV.UKFS.2015.1","Y","litter",92,"NEON.DOC.014042","IwiAeKKpgyDNoYNXo7Ff5Z9mnt7Mfl5M","uHorHgDqo3rmbGvlt3J+fC8Uot/6kvDFiz0X+FIku2A=",,0
"3A39E6C547134887B1A51DE8A15BC100","D06","UKFS",,"41.4.1",39.043266,-95.202606,"WGS84",0.4,"2015-06-30",1,"DIV.UKFS.2015.1","Y","otherNonVascular",0.5,"NEON.DOC.014042","IwiAeKKpgyDNoYNXo7Ff5Z9mnt7Mfl5M","uHorHgDqo3rmbGvlt3J+fC8Uot/6kvDFiz0X+FIku2A=",,0
"676F9D628AB94D8A92B8DA52D1CD3B03","D06","UKFS",,"32.4.1",39.043176,-95.202618,"WGS84",0.4,"2015-06-30",1,"DIV.UKFS.2015.1","Y","litter",95,"NEON.DOC.014042","IwiAeKKpgyDNoYNXo7Ff5Z9mnt7Mfl5M","uHorHgDqo3rmbGvlt3J+fC8Uot/6kvDFiz0X+FIku2A=",,0
"288F3BDE10AB40F583BF39B2932C43C8","D06","UKFS",,"40.1.1",39.043190,-95.202827,"WGS84",0.4,"2015-06-30",1,"DIV.UKFS.2015.1","Y","litter",100,"NEON.DOC.014042","IwiAeKKpgyDNoYNXo7Ff5Z9mnt7Mfl5M","uHorHgDqo3rmbGvlt3J+fC8Uot/6kvDFiz0X+FIku2A=",,0
"35CA7BD567C5457FB6F1D8A497516286","D06","UKFS",,"40.3.1",39.043271,-95.202829,"WGS84",0.4,"2015-06-30",1,"DIV.UKFS.2015.1","Y","otherNonVascular",0.5,"NEON.DOC.014042","IwiAeKKpgyDNoYNXo7Ff5Z9mnt7Mfl5M","uHorHgDqo3rmbGvlt3J+fC8Uot/6kvDFiz0X+FIku2A=",,0
"D201CB5BBBB943AB81031C02F21C4D4B","D06","UKFS",,"40.3.1",39.043271,-95.202829,"WGS84",0.4,"2015-06-30",1,"DIV.UKFS.2015.1","Y","overstory",45,"NEON.DOC.014042","IwiAeKKpgyDNoYNXo7Ff5Z9mnt7Mfl5M","uHorHgDqo3rmbGvlt3J+fC8Uot/6kvDFiz0X+FIku2A=",,0
"4CC09882C6BA43D39C5E394178C68CCA","D06","UKFS",,"31.4.1",39.043183,-95.202728,"WGS84",0.4,"2015-06-30",1,"DIV.UKFS.2015.1","Y","soil",1,"NEON.DOC.014042","IwiAeKKpgyDNoYNXo7Ff5Z9mnt7Mfl5M","uHorHgDqo3rmbGvlt3J+fC8Uot/6kvDFiz0X+FIku2A=",,0
"9A3C8D8D29874767A595C316461AE399","D06","UKFS",,"31.4.1",39.043183,-95.202728,"WGS84",0.4,"2015-06-30",1,"DIV.UKFS.2015.1","Y","overstory",5,"NEON.DOC.014042","IwiAeKKpgyDNoYNXo7Ff5Z9mnt7Mfl5M","uHorHgDqo3rmbGvlt3J+fC8Uot/6kvDFiz0X+FIku2A=",,0
"990BFDB782CF4F4485A5554C189615ED","D06","UKFS",,"32.2.1",39.043095,-95.202616,"WGS84",0.4,"2015-06-30",1,"DIV.UKFS.2015.1","Y","overstory",47,"NEON.DOC.014042","IwiAeKKpgyDNoYNXo7Ff5Z9mnt7Mfl5M","uHorHgDqo3rmbGvlt3J+fC8Uot/6kvDFiz0X+FIku2A=",,0
"BBE2A047AD1F4233809DDCADA23B51FB","D06","UKFS",,"32.2.1",39.043095,-95.202616,"WGS84",0.4,"2015-06-30",1,"DIV.UKFS.2015.1","Y","standingDead",0.5,"NEON.DOC.014042","IwiAeKKpgyDNoYNXo7Ff5Z9mnt7Mfl5M","uHorHgDqo3rmbGvlt3J+fC8Uot/6kvDFiz0X+FIku2A=",,0
"3520B02570E9476DBED1292743D54CF9","D06","UKFS",,"32.4.1",39.043176,-95.202618,"WGS84",0.4,"2015-06-30",1,"DIV.UKFS.2015.1","Y","wood",5,"NEON.DOC.014042","IwiAeKKpgyDNoYNXo7Ff5Z9mnt7Mfl5M","uHorHgDqo3rmbGvlt3J+fC8Uot/6kvDFiz0X+FIku2A=",,0
"F3D256E1E9DB4CB399C07731235934CF","D06","UKFS",,"31.1.1",39.043100,-95.202834,"WGS84",0.3,"2015-06-30",1,"DIV.UKFS.2015.1","Y","moss",2,"NEON.DOC.014042","IwiAeKKpgyDNoYNXo7Ff5Z9mnt7Mfl5M","uHorHgDqo3rmbGvlt3J+fC8Uot/6kvDFiz0X+FIku2A=",,0
"822DDB10E1AD455F93A658163D58B356","D06","UKFS",,"31.1.1",39.043100,-95.202834,"WGS84",0.3,"2015-06-30",1,"DIV.UKFS.2015.1","Y","overstory",15,"NEON.DOC.014042","IwiAeKKpgyDNoYNXo7Ff5Z9mnt7Mfl5M","uHorHgDqo3rmbGvlt3J+fC8Uot/6kvDFiz0X+FIku2A=",,0
"DB44F5BA3B2945D0B3B6060019D58B15","D06","UKFS",,"31.1.1",39.043100,-95.202834,"WGS84",0.3,"2015-06-30",1,"DIV.UKFS.2015.1","Y","soil",3,"NEON.DOC.014042","IwiAeKKpgyDNoYNXo7Ff5Z9mnt7Mfl5M","uHorHgDqo3rmbGvlt3J+fC8Uot/6kvDFiz0X+FIku2A=",,0
"77C8FB5A9C994BDC819933E806312965","D06","UKFS",,"31.4.1",39.043183,-95.202728,"WGS84",0.4,"2015-06-30",1,"DIV.UKFS.2015.1","Y","moss",0.5,"NEON.DOC.014042","IwiAeKKpgyDNoYNXo7Ff5Z9mnt7Mfl5M","uHorHgDqo3rmbGvlt3J+fC8Uot/6kvDFiz0X+FIku2A=",,0
