"uid","domainID","siteID","plotID","subplotID","decimalLatitude","decimalLongitude","geodeticDatum","coordinateUncertainty","date","boutNumber","eventID","otherVariablesPresent","otherVariables","percentCover","samplingProtocol","measuredBy","recordedBy","remarks","duplicateVariablesBout1m2QF"
"6CBF5E5831E6427E8C9418814981FDFC","D03","JERC",,"32.2.1",31.178382,-84.469845,"WGS84",0.4,"2014-06-02",1,"DIV.JERC.2014.1","Y","wood",0.5,"NEON.DOC.014042","LBWEN7wUtDAEuiSEuQlmFbeqn2o2bz4w","IwqbUz4V0zAQVomu45pENzGnZl3VmnU+",,0
"DD289F8C28B34151BE5AA87EB42B2725","D03","JERC",,"32.2.1",31.178382,-84.469845,"WGS84",0.4,"2014-06-02",1,"DIV.JERC.2014.1","Y","standingDead",25,"NEON.DOC.014042","LBWEN7wUtDAEuiSEuQlmFbeqn2o2bz4w","IwqbUz4V0zAQVomu45pENzGnZl3VmnU+",,0
"FB92BC11AC5E4157830B0E3ABD01589E","D03","JERC",,"32.2.1",31.178382,-84.469845,"WGS84",0.4,"2014-06-02",1,"DIV.JERC.2014.1","Y","moss",0.5,"NEON.DOC.014042","LBWEN7wUtDAEuiSEuQlmFbeqn2o2bz4w","IwqbUz4V0zAQVomu45pENzGnZl3VmnU+",,0
"1B490B11F3334C28AA9844D17E930E5F","D03","JERC",,"32.2.1",31.178382,-84.469845,"WGS84",0.4,"2014-06-02",1,"DIV.JERC.2014.1","Y","soil",0.5,"NEON.DOC.014042","LBWEN7wUtDAEuiSEuQlmFbeqn2o2bz4w","IwqbUz4V0zAQVomu45pENzGnZl3VmnU+",,0
"C099FF6796304AE2AE7E1691606E8210","D03","JERC",,"32.4.1",31.178463,-84.469843,"WGS84",0.4,"2014-06-02",1,"DIV.JERC.2014.1","Y","moss",0.5,"NEON.DOC.014042","LBWEN7wUtDAEuiSEuQlmFbeqn2o2bz4w","IwqbUz4V0zAQVomu45pENzGnZl3VmnU+",,0
"165DA73D2B0843888AF96139D3C97273","D03","JERC",,"31.4.1",31.178462,-84.469952,"WGS84",0.4,"2014-06-02",1,"DIV.JERC.2014.1","Y","litter",12,"NEON.DOC.014042","LBWEN7wUtDAEuiSEuQlmFbeqn2o2bz4w","IwqbUz4V0zAQVomu45pENzGnZl3VmnU+",,0
"591C80D1E7AE430B9245E40320A1BDD1","D03","JERC",,"31.4.1",31.178462,-84.469952,"WGS84",0.4,"2014-06-02",1,"DIV.JERC.2014.1","Y","standingDead",10,"NEON.DOC.014042","LBWEN7wUtDAEuiSEuQlmFbeqn2o2bz4w","IwqbUz4V0zAQVomu45pENzGnZl3VmnU+",,0
"059E91045236449CAA93A6C4C9282E81","D03","JERC",,"32.2.1",31.178382,-84.469845,"WGS84",0.4,"2014-06-02",1,"DIV.JERC.2014.1","Y","lichen",0.5,"NEON.DOC.014042","LBWEN7wUtDAEuiSEuQlmFbeqn2o2bz4w","IwqbUz4V0zAQVomu45pENzGnZl3VmnU+",,0
"70A1CB99AF99436095763A63627E2F0C","D03","JERC",,"32.2.1",31.178382,-84.469845,"WGS84",0.4,"2014-06-02",1,"DIV.JERC.2014.1","Y","litter",3,"NEON.DOC.014042","LBWEN7wUtDAEuiSEuQlmFbeqn2o2bz4w","IwqbUz4V0zAQVomu45pENzGnZl3VmnU+",,0
"4F6920FAC2C24DF8B02F00677FA45E4D","D03","JERC",,"32.2.1",31.178382,-84.469845,"WGS84",0.4,"2014-06-02",1,"DIV.JERC.2014.1","Y","otherNonVascular",0.5,"NEON.DOC.014042","LBWEN7wUtDAEuiSEuQlmFbeqn2o2bz4w","IwqbUz4V0zAQVomu45pENzGnZl3VmnU+",,0
"C679FEBBFEAC49F4A861441049B86C4C","D03","JERC",,"31.1.1",31.178383,-84.470045,"WGS84",0.4,"2014-06-02",1,"DIV.JERC.2014.1","Y","standingDead",3,"NEON.DOC.014042","LBWEN7wUtDAEuiSEuQlmFbeqn2o2bz4w","IwqbUz4V0zAQVomu45pENzGnZl3VmnU+",,0
"68DBCABE67684B0786DD0B276B6740FE","D03","JERC",,"31.1.1",31.178383,-84.470045,"WGS84",0.4,"2014-06-02",1,"DIV.JERC.2014.1","Y","litter",92,"NEON.DOC.014042","LBWEN7wUtDAEuiSEuQlmFbeqn2o2bz4w","IwqbUz4V0zAQVomu45pENzGnZl3VmnU+",,0
"878E11995DEE43DA8879222EC31384C1","D03","JERC",,"31.4.1",31.178462,-84.469952,"WGS84",0.4,"2014-06-02",1,"DIV.JERC.2014.1","Y","soil",2,"NEON.DOC.014042","LBWEN7wUtDAEuiSEuQlmFbeqn2o2bz4w","IwqbUz4V0zAQVomu45pENzGnZl3VmnU+",,0
"F9DF795648DA4500938396A57313B6E8","D03","JERC",,"31.4.1",31.178462,-84.469952,"WGS84",0.4,"2014-06-02",1,"DIV.JERC.2014.1","Y","wood",0.5,"NEON.DOC.014042","LBWEN7wUtDAEuiSEuQlmFbeqn2o2bz4w","IwqbUz4V0zAQVomu45pENzGnZl3VmnU+",,0
"B8D7BFF3C95D48C0866D6DF633E710E1","D03","JERC",,"41.1.1",31.178471,-84.469941,"WGS84",0.4,"2014-06-02",1,"DIV.JERC.2014.1","Y","litter",25,"NEON.DOC.014042","LBWEN7wUtDAEuiSEuQlmFbeqn2o2bz4w","IwqbUz4V0zAQVomu45pENzGnZl3VmnU+",,0
"C00B876CE7F34B7E987B7CA063A0E156","D03","JERC",,"41.4.1",31.178553,-84.469849,"WGS84",0.4,"2014-06-02",1,"DIV.JERC.2014.1","Y","wood",0.5,"NEON.DOC.014042","LBWEN7wUtDAEuiSEuQlmFbeqn2o2bz4w","IwqbUz4V0zAQVomu45pENzGnZl3VmnU+",,0
"18E1E299C009446B8E9B9C12F9C30C96","D03","JERC",,"41.4.1",31.178553,-84.469849,"WGS84",0.4,"2014-06-02",1,"DIV.JERC.2014.1","Y","litter",15,"NEON.DOC.014042","LBWEN7wUtDAEuiSEuQlmFbeqn2o2bz4w","IwqbUz4V0zAQVomu45pENzGnZl3VmnU+",,0
"E8C164CD74DD4B69AE1F44119E08C585","D03","JERC",,"41.4.1",31.178553,-84.469849,"WGS84",0.4,"2014-06-02",1,"DIV.JERC.2014.1","Y","standingDead",0.5,"NEON.DOC.014042","LBWEN7wUtDAEuiSEuQlmFbeqn2o2bz4w","IwqbUz4V0zAQVomu45pENzGnZl3VmnU+",,0
"0BC7E8872291486FA56615B8901C6472","D03","JERC",,"31.1.1",31.178383,-84.470045,"WGS84",0.4,"2014-06-02",1,"DIV.JERC.2014.1","Y","wood",2,"NEON.DOC.014042","LBWEN7wUtDAEuiSEuQlmFbeqn2o2bz4w","IwqbUz4V0zAQVomu45pENzGnZl3VmnU+",,0
"1F74089D492B4EFEBB60A0FA4DAAAE0C","D03","JERC",,"40.3.1",31.178554,-84.470045,"WGS84",0.4,"2014-06-02",1,"DIV.JERC.2014.1","Y","soil",0.5,"NEON.DOC.014042","LBWEN7wUtDAEuiSEuQlmFbeqn2o2bz4w","IwqbUz4V0zAQVomu45pENzGnZl3VmnU+",,0
"526DE6FCB0164B83B542BC55C2B4468C","D03","JERC",,"40.3.1",31.178554,-84.470045,"WGS84",0.4,"2014-06-02",1,"DIV.JERC.2014.1","Y","standingDead",2,"NEON.DOC.014042","LBWEN7wUtDAEuiSEuQlmFbeqn2o2bz4w","IwqbUz4V0zAQVomu45pENzGnZl3VmnU+",,0
"E3AD2CBEDB4043E68625141EDC68DAF4","D03","JERC",,"41.1.1",31.178471,-84.469941,"WGS84",0.4,"2014-06-02",1,"DIV.JERC.2014.1","Y","standingDead",1,"NEON.DOC.014042","LBWEN7wUtDAEuiSEuQlmFbeqn2o2bz4w","IwqbUz4V0zAQVomu45pENzGnZl3VmnU+",,0
"60E84E9990D1401181A75ACE41AE7B0F","D03","JERC",,"41.1.1",31.178471,-84.469941,"WGS84",0.4,"2014-06-02",1,"DIV.JERC.2014.1","Y","soil",4,"NEON.DOC.014042","LBWEN7wUtDAEuiSEuQlmFbeqn2o2bz4w","IwqbUz4V0zAQVomu45pENzGnZl3VmnU+",,0
"E380A0D12A4E43E1AE3F38A6BB8C07D8","D03","JERC",,"32.4.1",31.178463,-84.469843,"WGS84",0.4,"2014-06-02",1,"DIV.JERC.2014.1","Y","standingDead",5,"NEON.DOC.014042","LBWEN7wUtDAEuiSEuQlmFbeqn2o2bz4w","IwqbUz4V0zAQVomu45pENzGnZl3VmnU+",,0
"274B811BBC5144DF8BD56B48D2DE8172","D03","JERC",,"40.1.1",31.178472,-84.470048,"WGS84",0.4,"2014-06-02",1,"DIV.JERC.2014.1","Y","litter",13,"NEON.DOC.014042","LBWEN7wUtDAEuiSEuQlmFbeqn2o2bz4w","IwqbUz4V0zAQVomu45pENzGnZl3VmnU+",,0
"099EC4770D0340C6AA76D1808ABD8BBF","D03","JERC",,"40.1.1",31.178472,-84.470048,"WGS84",0.4,"2014-06-02",1,"DIV.JERC.2014.1","Y","soil",0.5,"NEON.DOC.014042","LBWEN7wUtDAEuiSEuQlmFbeqn2o2bz4w","IwqbUz4V0zAQVomu45pENzGnZl3VmnU+",,0
"A6D334E0E346460292F89123544016AF","D03","JERC",,"40.1.1",31.178472,-84.470048,"WGS84",0.4,"2014-06-02",1,"DIV.JERC.2014.1","Y","standingDead",15,"NEON.DOC.014042","LBWEN7wUtDAEuiSEuQlmFbeqn2o2bz4w","IwqbUz4V0zAQVomu45pENzGnZl3VmnU+",,0
"149303370BA84D89AC8FB90A41F8E844","D03","JERC",,"40.3.1",31.178554,-84.470045,"WGS84",0.4,"2014-06-02",1,"DIV.JERC.2014.1","Y","litter",15,"NEON.DOC.014042","LBWEN7wUtDAEuiSEuQlmFbeqn2o2bz4w","IwqbUz4V0zAQVomu45pENzGnZl3VmnU+",,0
"BC4F5A44F2674D8F94012BC0AE8189B2","D03","JERC",,"32.4.1",31.178463,-84.469843,"WGS84",0.4,"2014-06-02",1,"DIV.JERC.2014.1","Y","litter",35,"NEON.DOC.014042","LBWEN7wUtDAEuiSEuQlmFbeqn2o2bz4w","IwqbUz4V0zAQVomu45pENzGnZl3VmnU+",,0
"CAF866989A86455FB5EEE421D7A239A4","D03","JERC",,"32.4.1",31.178463,-84.469843,"WGS84",0.4,"2014-06-02",1,"DIV.JERC.2014.1","Y","overstory",65,"NEON.DOC.014042","LBWEN7wUtDAEuiSEuQlmFbeqn2o2bz4w","IwqbUz4V0zAQVomu45pENzGnZl3VmnU+",,0
"02D01A7E968F473F9A8DEB1E8279D108","D03","JERC",,"32.4.1",31.178463,-84.469843,"WGS84",0.4,"2014-06-02",1,"DIV.JERC.2014.1","Y","wood",1,"NEON.DOC.014042","LBWEN7wUtDAEuiSEuQlmFbeqn2o2bz4w","IwqbUz4V0zAQVomu45pENzGnZl3VmnU+",,0
"5D98E4D988824A0581515B90A2CF6775","D03","JERC",,"32.4.1",31.178463,-84.469843,"WGS84",0.4,"2014-06-02",1,"DIV.JERC.2014.1","Y","soil",12,"NEON.DOC.014042","LBWEN7wUtDAEuiSEuQlmFbeqn2o2bz4w","IwqbUz4V0zAQVomu45pENzGnZl3VmnU+",,0
"508AB354A4CD45C39CC028FB3DB1CA41","D03","JERC",,"41.4.1",31.175837,-84.468963,"WGS84",0.4,"2014-06-03",1,"DIV.JERC.2014.1","Y","standingDead",0.5,"NEON.DOC.014042","YK5ulgcjQA5M6hxjAkVbmv4a8AjznrKv","qwd4SsQjkwojVAYuvLRi2I6c493EEc9K",,0
"AC38BDA178DA4076B067DCD54335EE72","D03","JERC",,"41.4.1",31.175837,-84.468963,"WGS84",0.4,"2014-06-03",1,"DIV.JERC.2014.1","Y","wood",1,"NEON.DOC.014042","YK5ulgcjQA5M6hxjAkVbmv4a8AjznrKv","qwd4SsQjkwojVAYuvLRi2I6c493EEc9K",,0
"9CB600BF46794287981CDA2F23D4FBAF","D03","JERC",,"31.1.1",31.175672,-84.469161,"WGS84",0.4,"2014-06-03",1,"DIV.JERC.2014.1","Y","overstory",25,"NEON.DOC.014042","YK5ulgcjQA5M6hxjAkVbmv4a8AjznrKv","qwd4SsQjkwojVAYuvLRi2I6c493EEc9K",,0
"403A7F9B7EB54DD29148CD12B9743B03","D03","JERC",,"31.1.1",31.175672,-84.469161,"WGS84",0.4,"2014-06-03",1,"DIV.JERC.2014.1","Y","wood",0.5,"NEON.DOC.014042","YK5ulgcjQA5M6hxjAkVbmv4a8AjznrKv","qwd4SsQjkwojVAYuvLRi2I6c493EEc9K",,0
"B7F13EFE387345FE81A9386471BC668F","D03","JERC",,"31.1.1",31.175672,-84.469161,"WGS84",0.4,"2014-06-03",1,"DIV.JERC.2014.1","Y","soil",0.5,"NEON.DOC.014042","YK5ulgcjQA5M6hxjAkVbmv4a8AjznrKv","qwd4SsQjkwojVAYuvLRi2I6c493EEc9K",,0
"77E9C9B8FCC7441F9B276833800AD065","D03","JERC",,"32.2.1",31.175670,-84.468961,"WGS84",0.4,"2014-06-03",1,"DIV.JERC.2014.1","Y","wood",3,"NEON.DOC.014042","YK5ulgcjQA5M6hxjAkVbmv4a8AjznrKv","qwd4SsQjkwojVAYuvLRi2I6c493EEc9K",,0
"16A5791CD2D14AA8B9475956CBB4DDE6","D03","JERC",,"41.4.1",31.175837,-84.468963,"WGS84",0.4,"2014-06-03",1,"DIV.JERC.2014.1","Y","soil",0.5,"NEON.DOC.014042","YK5ulgcjQA5M6hxjAkVbmv4a8AjznrKv","qwd4SsQjkwojVAYuvLRi2I6c493EEc9K",,0
"2D25B4C596254B73AD8779EEEEEFF3A7","D03","JERC",,"41.1.1",31.175761,-84.469057,"WGS84",0.4,"2014-06-03",1,"DIV.JERC.2014.1","Y","litter",10,"NEON.DOC.014042","YK5ulgcjQA5M6hxjAkVbmv4a8AjznrKv","qwd4SsQjkwojVAYuvLRi2I6c493EEc9K",,0
"F93966A7010740899340FC3735602A3E","D03","JERC",,"41.1.1",31.175761,-84.469057,"WGS84",0.4,"2014-06-03",1,"DIV.JERC.2014.1","Y","lichen",0.5,"NEON.DOC.014042","YK5ulgcjQA5M6hxjAkVbmv4a8AjznrKv","qwd4SsQjkwojVAYuvLRi2I6c493EEc9K",,0
"C00982680F0F46ACB1B031E3850E2777","D03","JERC",,"41.4.1",31.175837,-84.468963,"WGS84",0.4,"2014-06-03",1,"DIV.JERC.2014.1","Y","litter",70,"NEON.DOC.014042","YK5ulgcjQA5M6hxjAkVbmv4a8AjznrKv","qwd4SsQjkwojVAYuvLRi2I6c493EEc9K",,0
"5D86FD2C661148FFB3E07A1517076CF2","D03","JERC",,"41.4.1",31.175837,-84.468963,"WGS84",0.4,"2014-06-03",1,"DIV.JERC.2014.1","Y","overstory",90,"NEON.DOC.014042","YK5ulgcjQA5M6hxjAkVbmv4a8AjznrKv","qwd4SsQjkwojVAYuvLRi2I6c493EEc9K",,0
"C5A29D262AFE4BBEBF7D1E0AC6D6FDAC","D03","JERC",,"40.3.1",31.175837,-84.469160,"WGS84",0.4,"2014-06-03",1,"DIV.JERC.2014.1","Y","overstory",5,"NEON.DOC.014042","YK5ulgcjQA5M6hxjAkVbmv4a8AjznrKv","qwd4SsQjkwojVAYuvLRi2I6c493EEc9K",,0
"0795BC9FCFF344729D3A8949D09A2E55","D03","JERC",,"40.3.1",31.175837,-84.469160,"WGS84",0.4,"2014-06-03",1,"DIV.JERC.2014.1","Y","wood",2,"NEON.DOC.014042","YK5ulgcjQA5M6hxjAkVbmv4a8AjznrKv","qwd4SsQjkwojVAYuvLRi2I6c493EEc9K",,0
"7AB0B334D6F74AF388BA16C5FC0EE102","D03","JERC",,"41.1.1",31.175761,-84.469057,"WGS84",0.4,"2014-06-03",1,"DIV.JERC.2014.1","Y","wood",1,"NEON.DOC.014042","YK5ulgcjQA5M6hxjAkVbmv4a8AjznrKv","qwd4SsQjkwojVAYuvLRi2I6c493EEc9K",,0
"B6741339264A4B80BFB21AF3F66D2DE3","D03","JERC",,"41.1.1",31.175761,-84.469057,"WGS84",0.4,"2014-06-03",1,"DIV.JERC.2014.1","Y","overstory",30,"NEON.DOC.014042","YK5ulgcjQA5M6hxjAkVbmv4a8AjznrKv","qwd4SsQjkwojVAYuvLRi2I6c493EEc9K",,0
"4288E76DF91B474A87EF1273979245FF","D03","JERC",,"41.1.1",31.175761,-84.469057,"WGS84",0.4,"2014-06-03",1,"DIV.JERC.2014.1","Y","standingDead",0.5,"NEON.DOC.014042","YK5ulgcjQA5M6hxjAkVbmv4a8AjznrKv","qwd4SsQjkwojVAYuvLRi2I6c493EEc9K",,0
"98BDD0B450A346828F78A2289BAD5344","D03","JERC",,"40.3.1",31.175837,-84.469160,"WGS84",0.4,"2014-06-03",1,"DIV.JERC.2014.1","Y","litter",20,"NEON.DOC.014042","YK5ulgcjQA5M6hxjAkVbmv4a8AjznrKv","qwd4SsQjkwojVAYuvLRi2I6c493EEc9K",,0
"4D6E16CC30D2494AAC29186B40E4AC4B","D03","JERC",,"40.3.1",31.175837,-84.469160,"WGS84",0.4,"2014-06-03",1,"DIV.JERC.2014.1","Y","moss",0.5,"NEON.DOC.014042","YK5ulgcjQA5M6hxjAkVbmv4a8AjznrKv","qwd4SsQjkwojVAYuvLRi2I6c493EEc9K",,0
"7C98547766154EBF93794D9ED5108172","D03","JERC",,"40.3.1",31.175837,-84.469160,"WGS84",0.4,"2014-06-03",1,"DIV.JERC.2014.1","Y","lichen",0.5,"NEON.DOC.014042","YK5ulgcjQA5M6hxjAkVbmv4a8AjznrKv","qwd4SsQjkwojVAYuvLRi2I6c493EEc9K",,0
"1CD322624C904A7EBCBD58AABD1DEE96","D03","JERC",,"40.3.1",31.175837,-84.469160,"WGS84",0.4,"2014-06-03",1,"DIV.JERC.2014.1","Y","soil",1,"NEON.DOC.014042","YK5ulgcjQA5M6hxjAkVbmv4a8AjznrKv","qwd4SsQjkwojVAYuvLRi2I6c493EEc9K",,0
"5B2B88C28DEC4BE59E631EEE3EC84C38","D03","JERC",,"40.3.1",31.175837,-84.469160,"WGS84",0.4,"2014-06-03",1,"DIV.JERC.2014.1","Y","standingDead",1,"NEON.DOC.014042","YK5ulgcjQA5M6hxjAkVbmv4a8AjznrKv","qwd4SsQjkwojVAYuvLRi2I6c493EEc9K",,0
"01C85AFBC24141BD9F09C0BF75653310","D03","JERC",,"40.1.1",31.175756,-84.469162,"WGS84",0.4,"2014-06-03",1,"DIV.JERC.2014.1","Y","standingDead",0.5,"NEON.DOC.014042","YK5ulgcjQA5M6hxjAkVbmv4a8AjznrKv","qwd4SsQjkwojVAYuvLRi2I6c493EEc9K",,0
"07DF76829D574DE68573914CC9E30B32","D03","JERC",,"40.1.1",31.175756,-84.469162,"WGS84",0.4,"2014-06-03",1,"DIV.JERC.2014.1","Y","overstory",90,"NEON.DOC.014042","YK5ulgcjQA5M6hxjAkVbmv4a8AjznrKv","qwd4SsQjkwojVAYuvLRi2I6c493EEc9K",,0
"8230FCAA4924444ABFDF5A478136E335","D03","JERC",,"40.1.1",31.175756,-84.469162,"WGS84",0.4,"2014-06-03",1,"DIV.JERC.2014.1","Y","litter",25,"NEON.DOC.014042","YK5ulgcjQA5M6hxjAkVbmv4a8AjznrKv","qwd4SsQjkwojVAYuvLRi2I6c493EEc9K",,0
"318735FBE2F84A218C3423307937D834","D03","JERC",,"40.1.1",31.175756,-84.469162,"WGS84",0.4,"2014-06-03",1,"DIV.JERC.2014.1","Y","wood",2,"NEON.DOC.014042","YK5ulgcjQA5M6hxjAkVbmv4a8AjznrKv","qwd4SsQjkwojVAYuvLRi2I6c493EEc9K",,0
"C530ED123EB74F46A81196AD3922E031","D03","JERC",,"32.4.1",31.175751,-84.468959,"WGS84",0.4,"2014-06-03",1,"DIV.JERC.2014.1","Y","standingDead",1,"NEON.DOC.014042","YK5ulgcjQA5M6hxjAkVbmv4a8AjznrKv","qwd4SsQjkwojVAYuvLRi2I6c493EEc9K",,0
"F417F2840C574E8CA4690DE361C68863","D03","JERC",,"32.4.1",31.175751,-84.468959,"WGS84",0.4,"2014-06-03",1,"DIV.JERC.2014.1","Y","wood",2,"NEON.DOC.014042","YK5ulgcjQA5M6hxjAkVbmv4a8AjznrKv","qwd4SsQjkwojVAYuvLRi2I6c493EEc9K",,0
"9BBEAA820FDD40A9B20E91A6A4360726","D03","JERC",,"32.4.1",31.175751,-84.468959,"WGS84",0.4,"2014-06-03",1,"DIV.JERC.2014.1","Y","overstory",5,"NEON.DOC.014042","YK5ulgcjQA5M6hxjAkVbmv4a8AjznrKv","qwd4SsQjkwojVAYuvLRi2I6c493EEc9K",,0
"28920E6D35E04D1FACA71D3022D2C099","D03","JERC",,"32.4.1",31.175751,-84.468959,"WGS84",0.4,"2014-06-03",1,"DIV.JERC.2014.1","Y","lichen",0.5,"NEON.DOC.014042","YK5ulgcjQA5M6hxjAkVbmv4a8AjznrKv","qwd4SsQjkwojVAYuvLRi2I6c493EEc9K",,0
"52A407F4D9574F979A1ED957A464D4DE","D03","JERC",,"32.4.1",31.175751,-84.468959,"WGS84",0.4,"2014-06-03",1,"DIV.JERC.2014.1","Y","otherNonVascular",0.5,"NEON.DOC.014042","YK5ulgcjQA5M6hxjAkVbmv4a8AjznrKv","qwd4SsQjkwojVAYuvLRi2I6c493EEc9K",,0
"0D8A0D6633E74D8DB1397C3129D524AC","D03","JERC",,"32.2.1",31.175670,-84.468961,"WGS84",0.4,"2014-06-03",1,"DIV.JERC.2014.1","Y","litter",10,"NEON.DOC.014042","YK5ulgcjQA5M6hxjAkVbmv4a8AjznrKv","qwd4SsQjkwojVAYuvLRi2I6c493EEc9K",,0
"BACFFFD0FADD453CBF690DFC2BA950F2","D03","JERC",,"32.2.1",31.175670,-84.468961,"WGS84",0.4,"2014-06-03",1,"DIV.JERC.2014.1","Y","lichen",1,"NEON.DOC.014042","YK5ulgcjQA5M6hxjAkVbmv4a8AjznrKv","qwd4SsQjkwojVAYuvLRi2I6c493EEc9K",,0
"F55BF42337EB48C19330097C98F855F2","D03","JERC",,"32.4.1",31.175751,-84.468959,"WGS84",0.4,"2014-06-03",1,"DIV.JERC.2014.1","Y","litter",12,"NEON.DOC.014042","YK5ulgcjQA5M6hxjAkVbmv4a8AjznrKv","qwd4SsQjkwojVAYuvLRi2I6c493EEc9K",,0
"A030843BDA8C48A8B27391D54B0FF7B8","D03","JERC",,"32.4.1",31.175751,-84.468959,"WGS84",0.4,"2014-06-03",1,"DIV.JERC.2014.1","Y","soil",0.5,"NEON.DOC.014042","YK5ulgcjQA5M6hxjAkVbmv4a8AjznrKv","qwd4SsQjkwojVAYuvLRi2I6c493EEc9K",,0
"9B3059C857484DF499DF5E263EC8F439","D03","JERC",,"31.4.1",31.175752,-84.469068,"WGS84",0.4,"2014-06-03",1,"DIV.JERC.2014.1","Y","soil",0.5,"NEON.DOC.014042","YK5ulgcjQA5M6hxjAkVbmv4a8AjznrKv","qwd4SsQjkwojVAYuvLRi2I6c493EEc9K",,0
"15986750EACB460CAB9742F506EF01DA","D03","JERC",,"31.4.1",31.175752,-84.469068,"WGS84",0.4,"2014-06-03",1,"DIV.JERC.2014.1","Y","wood",1,"NEON.DOC.014042","YK5ulgcjQA5M6hxjAkVbmv4a8AjznrKv","qwd4SsQjkwojVAYuvLRi2I6c493EEc9K",,0
"3F79ED679247481A8150DA0D57E56A97","D03","JERC",,"31.4.1",31.175752,-84.469068,"WGS84",0.4,"2014-06-03",1,"DIV.JERC.2014.1","Y","standingDead",0.5,"NEON.DOC.014042","YK5ulgcjQA5M6hxjAkVbmv4a8AjznrKv","qwd4SsQjkwojVAYuvLRi2I6c493EEc9K",,0
"4FA496900DD24E6283759D1C61F19ECA","D03","JERC",,"32.2.1",31.175670,-84.468961,"WGS84",0.4,"2014-06-03",1,"DIV.JERC.2014.1","Y","standingDead",0.5,"NEON.DOC.014042","YK5ulgcjQA5M6hxjAkVbmv4a8AjznrKv","qwd4SsQjkwojVAYuvLRi2I6c493EEc9K",,0
"280B8A842C754A879C4F459B573CFA47","D03","JERC",,"32.2.1",31.175670,-84.468961,"WGS84",0.4,"2014-06-03",1,"DIV.JERC.2014.1","Y","moss",0.5,"NEON.DOC.014042","YK5ulgcjQA5M6hxjAkVbmv4a8AjznrKv","qwd4SsQjkwojVAYuvLRi2I6c493EEc9K",,0
"7E240F2F0C89462D9815030125C94DBD","D03","JERC",,"31.1.1",31.175672,-84.469161,"WGS84",0.4,"2014-06-03",1,"DIV.JERC.2014.1","Y","standingDead",1,"NEON.DOC.014042","YK5ulgcjQA5M6hxjAkVbmv4a8AjznrKv","qwd4SsQjkwojVAYuvLRi2I6c493EEc9K",,0
"105B3ECC374748A0B6DABFBEF8FE9869","D03","JERC",,"31.1.1",31.175672,-84.469161,"WGS84",0.4,"2014-06-03",1,"DIV.JERC.2014.1","Y","litter",20,"NEON.DOC.014042","YK5ulgcjQA5M6hxjAkVbmv4a8AjznrKv","qwd4SsQjkwojVAYuvLRi2I6c493EEc9K",,0
"57D7CAA81593479081C91488EC0BE630","D03","JERC",,"31.4.1",31.175752,-84.469068,"WGS84",0.4,"2014-06-03",1,"DIV.JERC.2014.1","Y","litter",30,"NEON.DOC.014042","YK5ulgcjQA5M6hxjAkVbmv4a8AjznrKv","qwd4SsQjkwojVAYuvLRi2I6c493EEc9K",,0
"6A2BD65511D641E2AA8275F2F9D3D7E3","D03","JERC",,"31.4.1",31.175752,-84.469068,"WGS84",0.4,"2014-06-03",1,"DIV.JERC.2014.1","Y","overstory",15,"NEON.DOC.014042","YK5ulgcjQA5M6hxjAkVbmv4a8AjznrKv","qwd4SsQjkwojVAYuvLRi2I6c493EEc9K",,0
"383F30450B78432DA610DB3E102CF455","D03","JERC",,"31.1.1",31.185134,-84.468308,"WGS84",0.5,"2014-06-04",1,"DIV.JERC.2014.1","Y","overstory",85,"NEON.DOC.014042","sJHVgeaUm9xlaUDYd+IwAL+wATCDBR80","n2lGiQS/CIzr1fpgF9pCUFu0UeGhqtAe","camera id: 11338 photo id: 0595",0
"97F85C52ADF946EBAD63C7B48E4754DB","D03","JERC",,"31.1.1",31.185134,-84.468308,"WGS84",0.5,"2014-06-04",1,"DIV.JERC.2014.1","Y","soil",0.5,"NEON.DOC.014042","sJHVgeaUm9xlaUDYd+IwAL+wATCDBR80","n2lGiQS/CIzr1fpgF9pCUFu0UeGhqtAe",,0
"359C20B756B946C48ADB912D093959A3","D03","JERC",,"31.1.1",31.185134,-84.468308,"WGS84",0.5,"2014-06-04",1,"DIV.JERC.2014.1","Y","litter",70,"NEON.DOC.014042","sJHVgeaUm9xlaUDYd+IwAL+wATCDBR80","n2lGiQS/CIzr1fpgF9pCUFu0UeGhqtAe",,0
"CF1919004BA346D59738B11BF0CBFA83","D03","JERC",,"31.4.1",31.185202,-84.468208,"WGS84",0.4,"2014-06-04",1,"DIV.JERC.2014.1","Y","litter",30,"NEON.DOC.014042","sJHVgeaUm9xlaUDYd+IwAL+wATCDBR80","n2lGiQS/CIzr1fpgF9pCUFu0UeGhqtAe",,0
"1D65820DC15D49DFB35042BA7F34FD20","D03","JERC",,"32.2.1",31.185123,-84.468102,"WGS84",0.4,"2014-06-04",1,"DIV.JERC.2014.1","Y","wood",0.5,"NEON.DOC.014042","sJHVgeaUm9xlaUDYd+IwAL+wATCDBR80","n2lGiQS/CIzr1fpgF9pCUFu0UeGhqtAe",,0
"231223C006814AB5A7204E039AD90678","D03","JERC",,"32.2.1",31.185123,-84.468102,"WGS84",0.4,"2014-06-04",1,"DIV.JERC.2014.1","Y","standingDead",2,"NEON.DOC.014042","sJHVgeaUm9xlaUDYd+IwAL+wATCDBR80","n2lGiQS/CIzr1fpgF9pCUFu0UeGhqtAe",,0
"D62511934753404088C5CD829C5FA5A1","D03","JERC",,"32.2.1",31.185123,-84.468102,"WGS84",0.4,"2014-06-04",1,"DIV.JERC.2014.1","Y","lichen",0.5,"NEON.DOC.014042","sJHVgeaUm9xlaUDYd+IwAL+wATCDBR80","n2lGiQS/CIzr1fpgF9pCUFu0UeGhqtAe",,0
"260D9DFD1D05408D859A53ED716867D3","D03","JERC",,"32.4.1",31.185204,-84.468100,"WGS84",0.4,"2014-06-04",1,"DIV.JERC.2014.1","Y","wood",0.5,"NEON.DOC.014042","sJHVgeaUm9xlaUDYd+IwAL+wATCDBR80","n2lGiQS/CIzr1fpgF9pCUFu0UeGhqtAe",,0
"8139EC7AF2A041388D94EA7181CDE0D0","D03","JERC",,"40.1.1",31.185212,-84.468303,"WGS84",0.4,"2014-06-04",1,"DIV.JERC.2014.1","Y","standingDead",4,"NEON.DOC.014042","sJHVgeaUm9xlaUDYd+IwAL+wATCDBR80","n2lGiQS/CIzr1fpgF9pCUFu0UeGhqtAe",,0
"61F23C75F1BD46BD895D08731F6D4C7C","D03","JERC",,"40.1.1",31.185212,-84.468303,"WGS84",0.4,"2014-06-04",1,"DIV.JERC.2014.1","Y","litter",25,"NEON.DOC.014042","sJHVgeaUm9xlaUDYd+IwAL+wATCDBR80","n2lGiQS/CIzr1fpgF9pCUFu0UeGhqtAe",,0
"E442A41BD4994B38A32805B65F091929","D03","JERC",,"40.3.1",31.185294,-84.468300,"WGS84",0.4,"2014-06-04",1,"DIV.JERC.2014.1","Y","litter",35,"NEON.DOC.014042","sJHVgeaUm9xlaUDYd+IwAL+wATCDBR80","n2lGiQS/CIzr1fpgF9pCUFu0UeGhqtAe",,0
"F68728460A1A4F52B564E2D95B525C55","D03","JERC",,"40.3.1",31.185294,-84.468300,"WGS84",0.4,"2014-06-04",1,"DIV.JERC.2014.1","Y","overstory",45,"NEON.DOC.014042","sJHVgeaUm9xlaUDYd+IwAL+wATCDBR80","n2lGiQS/CIzr1fpgF9pCUFu0UeGhqtAe","camera id: 11338 photo id:0600",0
"71D3FDE22AFC437B811B777C81E653EF","D03","JERC",,"41.1.1",31.185210,-84.468197,"WGS84",0.4,"2014-06-04",1,"DIV.JERC.2014.1","Y","lichen",0.5,"NEON.DOC.014042","sJHVgeaUm9xlaUDYd+IwAL+wATCDBR80","n2lGiQS/CIzr1fpgF9pCUFu0UeGhqtAe",,0
"833D4F397E5E47AE81FA01791E484F25","D03","JERC",,"41.1.1",31.185210,-84.468197,"WGS84",0.4,"2014-06-04",1,"DIV.JERC.2014.1","Y","soil",0.5,"NEON.DOC.014042","sJHVgeaUm9xlaUDYd+IwAL+wATCDBR80","n2lGiQS/CIzr1fpgF9pCUFu0UeGhqtAe",,0
"0D789B9792104595B3A230CC81446906","D03","JERC",,"41.4.1",31.185292,-84.468105,"WGS84",0.4,"2014-06-04",1,"DIV.JERC.2014.1","Y","litter",18,"NEON.DOC.014042","sJHVgeaUm9xlaUDYd+IwAL+wATCDBR80","n2lGiQS/CIzr1fpgF9pCUFu0UeGhqtAe",,0
"949383A662384C6689B9E9ADF01CC0C8","D03","JERC",,"41.4.1",31.185292,-84.468105,"WGS84",0.4,"2014-06-04",1,"DIV.JERC.2014.1","Y","overstory",80,"NEON.DOC.014042","sJHVgeaUm9xlaUDYd+IwAL+wATCDBR80","n2lGiQS/CIzr1fpgF9pCUFu0UeGhqtAe","camera id: 11338 photo id: 0602",0
"AD507F8FF0854B71B425ED4E3C55072F","D03","JERC",,"41.4.1",31.185292,-84.468105,"WGS84",0.4,"2014-06-04",1,"DIV.JERC.2014.1","Y","wood",0.5,"NEON.DOC.014042","sJHVgeaUm9xlaUDYd+IwAL+wATCDBR80","n2lGiQS/CIzr1fpgF9pCUFu0UeGhqtAe",,0
"E8142CC3EFD345939264D8E1DB070DC2","D03","JERC",,"31.1.1",31.185134,-84.468308,"WGS84",0.5,"2014-06-04",1,"DIV.JERC.2014.1","Y","standingDead",0.5,"NEON.DOC.014042","sJHVgeaUm9xlaUDYd+IwAL+wATCDBR80","n2lGiQS/CIzr1fpgF9pCUFu0UeGhqtAe",,0
"8EBD793EF5974DBF835858443FDB15C7","D03","JERC",,"31.1.1",31.185134,-84.468308,"WGS84",0.5,"2014-06-04",1,"DIV.JERC.2014.1","Y","wood",1,"NEON.DOC.014042","sJHVgeaUm9xlaUDYd+IwAL+wATCDBR80","n2lGiQS/CIzr1fpgF9pCUFu0UeGhqtAe",,0
"EC1E05442E8544BE923D30CB32F8CE53","D03","JERC",,"31.4.1",31.185202,-84.468208,"WGS84",0.4,"2014-06-04",1,"DIV.JERC.2014.1","Y","overstory",43,"NEON.DOC.014042","sJHVgeaUm9xlaUDYd+IwAL+wATCDBR80","n2lGiQS/CIzr1fpgF9pCUFu0UeGhqtAe","camera id:11338 photo id:0596",0
"65E4EFB0C202446C80C853552935CB90","D03","JERC",,"31.4.1",31.185202,-84.468208,"WGS84",0.4,"2014-06-04",1,"DIV.JERC.2014.1","Y","standingDead",2,"NEON.DOC.014042","sJHVgeaUm9xlaUDYd+IwAL+wATCDBR80","n2lGiQS/CIzr1fpgF9pCUFu0UeGhqtAe",,0
"D9860CCA2D4E4DBA9D11B6CC0AB41B57","D03","JERC",,"32.2.1",31.185123,-84.468102,"WGS84",0.4,"2014-06-04",1,"DIV.JERC.2014.1","Y","litter",18,"NEON.DOC.014042","sJHVgeaUm9xlaUDYd+IwAL+wATCDBR80","n2lGiQS/CIzr1fpgF9pCUFu0UeGhqtAe",,0
"E29E064E9295468997B97282C8D10CA9","D03","JERC",,"32.2.1",31.185123,-84.468102,"WGS84",0.4,"2014-06-04",1,"DIV.JERC.2014.1","Y","overstory",65,"NEON.DOC.014042","sJHVgeaUm9xlaUDYd+IwAL+wATCDBR80","n2lGiQS/CIzr1fpgF9pCUFu0UeGhqtAe","camera id: 11338 photo id: 0597",0
"F83764599A894B94B490D543E2A18548","D03","JERC",,"32.4.1",31.185204,-84.468100,"WGS84",0.4,"2014-06-04",1,"DIV.JERC.2014.1","Y","standingDead",3,"NEON.DOC.014042","sJHVgeaUm9xlaUDYd+IwAL+wATCDBR80","n2lGiQS/CIzr1fpgF9pCUFu0UeGhqtAe",,0
"7F31BFB7D7BA4B14BE7D1439684ACC52","D03","JERC",,"32.4.1",31.185204,-84.468100,"WGS84",0.4,"2014-06-04",1,"DIV.JERC.2014.1","Y","litter",30,"NEON.DOC.014042","sJHVgeaUm9xlaUDYd+IwAL+wATCDBR80","n2lGiQS/CIzr1fpgF9pCUFu0UeGhqtAe",,0
"254F4412929C4DD79E2B6242DFC33F7D","D03","JERC",,"40.1.1",31.185212,-84.468303,"WGS84",0.4,"2014-06-04",1,"DIV.JERC.2014.1","Y","wood",8,"NEON.DOC.014042","sJHVgeaUm9xlaUDYd+IwAL+wATCDBR80","n2lGiQS/CIzr1fpgF9pCUFu0UeGhqtAe",,0
"63CC0F62A9B444BAA0E073ECBF6DF6D1","D03","JERC",,"40.3.1",31.185294,-84.468300,"WGS84",0.4,"2014-06-04",1,"DIV.JERC.2014.1","Y","soil",0.5,"NEON.DOC.014042","sJHVgeaUm9xlaUDYd+IwAL+wATCDBR80","n2lGiQS/CIzr1fpgF9pCUFu0UeGhqtAe",,0
"56FEB817131545729FAAD0D819F48A01","D03","JERC",,"40.3.1",31.185294,-84.468300,"WGS84",0.4,"2014-06-04",1,"DIV.JERC.2014.1","Y","standingDead",2,"NEON.DOC.014042","sJHVgeaUm9xlaUDYd+IwAL+wATCDBR80","n2lGiQS/CIzr1fpgF9pCUFu0UeGhqtAe",,0
"C3D71E2275B84131B079A9E02DFEC83B","D03","JERC",,"41.1.1",31.185210,-84.468197,"WGS84",0.4,"2014-06-04",1,"DIV.JERC.2014.1","Y","litter",30,"NEON.DOC.014042","sJHVgeaUm9xlaUDYd+IwAL+wATCDBR80","n2lGiQS/CIzr1fpgF9pCUFu0UeGhqtAe",,0
"6129950E6D3B46AAA14B57D30FE0DBCA","D03","JERC",,"41.1.1",31.185210,-84.468197,"WGS84",0.4,"2014-06-04",1,"DIV.JERC.2014.1","Y","standingDead",0.5,"NEON.DOC.014042","sJHVgeaUm9xlaUDYd+IwAL+wATCDBR80","n2lGiQS/CIzr1fpgF9pCUFu0UeGhqtAe",,0
"D75079D01A5541D592986B220ADDBA72","D03","JERC",,"41.1.1",31.185210,-84.468197,"WGS84",0.4,"2014-06-04",1,"DIV.JERC.2014.1","Y","overstory",48,"NEON.DOC.014042","sJHVgeaUm9xlaUDYd+IwAL+wATCDBR80","n2lGiQS/CIzr1fpgF9pCUFu0UeGhqtAe","camera id: 11338 photo id: 0601",0
"D3777B83EFC34DD9B9D5490FE990AF83","D03","JERC",,"41.4.1",31.185292,-84.468105,"WGS84",0.4,"2014-06-04",1,"DIV.JERC.2014.1","Y","lichen",0.5,"NEON.DOC.014042","sJHVgeaUm9xlaUDYd+IwAL+wATCDBR80","n2lGiQS/CIzr1fpgF9pCUFu0UeGhqtAe",,0
"96840251970A4A0B84381B51483DAFBE","D03","JERC",,"41.4.1",31.185292,-84.468105,"WGS84",0.4,"2014-06-04",1,"DIV.JERC.2014.1","Y","standingDead",5,"NEON.DOC.014042","sJHVgeaUm9xlaUDYd+IwAL+wATCDBR80","n2lGiQS/CIzr1fpgF9pCUFu0UeGhqtAe",,0
"C1F53459FF7F4832AA20D9AA1688643F","D03","JERC",,"31.1.1",31.196065,-84.473341,"WGS84",0.5,"2014-06-04",1,"DIV.JERC.2014.1","Y","litter",92,"NEON.DOC.014042","YK5ulgcjQA5M6hxjAkVbmv4a8AjznrKv","qwd4SsQjkwojVAYuvLRi2I6c493EEc9K",,0
"7A76F6A9E1684CE5A81F6F22D9E9F2A8","D03","JERC",,"31.4.1",31.196145,-84.473248,"WGS84",0.4,"2014-06-04",1,"DIV.JERC.2014.1","Y","lichen",0.5,"NEON.DOC.014042","YK5ulgcjQA5M6hxjAkVbmv4a8AjznrKv","qwd4SsQjkwojVAYuvLRi2I6c493EEc9K",,0
"51A61489EB254025864B147C609DF3A0","D03","JERC",,"31.4.1",31.196145,-84.473248,"WGS84",0.4,"2014-06-04",1,"DIV.JERC.2014.1","Y","wood",3,"NEON.DOC.014042","YK5ulgcjQA5M6hxjAkVbmv4a8AjznrKv","qwd4SsQjkwojVAYuvLRi2I6c493EEc9K",,0
"393DDD1CBCAB4B328C43C2E580D23CB4","D03","JERC",,"31.4.1",31.196145,-84.473248,"WGS84",0.4,"2014-06-04",1,"DIV.JERC.2014.1","Y","otherNonVascular",0.5,"NEON.DOC.014042","YK5ulgcjQA5M6hxjAkVbmv4a8AjznrKv","qwd4SsQjkwojVAYuvLRi2I6c493EEc9K",,0
"D20E0633D9FE4699AC81E868F5833169","D03","JERC",,"32.2.1",31.196069,-84.473133,"WGS84",0.4,"2014-06-04",1,"DIV.JERC.2014.1","Y","wood",3,"NEON.DOC.014042","YK5ulgcjQA5M6hxjAkVbmv4a8AjznrKv","qwd4SsQjkwojVAYuvLRi2I6c493EEc9K",,0
"B00547B223FF492DB281E4312F010277","D03","JERC",,"32.2.1",31.196069,-84.473133,"WGS84",0.4,"2014-06-04",1,"DIV.JERC.2014.1","Y","standingDead",0.5,"NEON.DOC.014042","YK5ulgcjQA5M6hxjAkVbmv4a8AjznrKv","qwd4SsQjkwojVAYuvLRi2I6c493EEc9K",,0
"1EFED967A3BA448582CC248B624F60B5","D03","JERC",,"32.4.1",31.196150,-84.473131,"WGS84",0.4,"2014-06-04",1,"DIV.JERC.2014.1","Y","standingDead",0.5,"NEON.DOC.014042","YK5ulgcjQA5M6hxjAkVbmv4a8AjznrKv","qwd4SsQjkwojVAYuvLRi2I6c493EEc9K",,0
"EADBE0AE5B934B809B171408A58E70D2","D03","JERC",,"32.4.1",31.196150,-84.473131,"WGS84",0.4,"2014-06-04",1,"DIV.JERC.2014.1","Y","wood",3,"NEON.DOC.014042","YK5ulgcjQA5M6hxjAkVbmv4a8AjznrKv","qwd4SsQjkwojVAYuvLRi2I6c493EEc9K",,0
"704729420B244AB080B7A3E6FAD428C6","D03","JERC",,"32.4.1",31.196150,-84.473131,"WGS84",0.4,"2014-06-04",1,"DIV.JERC.2014.1","Y","overstory",95,"NEON.DOC.014042","YK5ulgcjQA5M6hxjAkVbmv4a8AjznrKv","qwd4SsQjkwojVAYuvLRi2I6c493EEc9K",,0
"D9AAF915CB9742168CCD473316177BC8","D03","JERC",,"40.1.1",31.196154,-84.473347,"WGS84",0.5,"2014-06-04",1,"DIV.JERC.2014.1","Y","overstory",90,"NEON.DOC.014042","sJHVgeaUm9xlaUDYd+IwAL+wATCDBR80","YcVXgY18D4pMut9e1uvmPlSTIHMlvs7T",,0
"CBE6B8887AC740C1B8E7BE5E84F20FBB","D03","JERC",,"40.1.1",31.196154,-84.473347,"WGS84",0.5,"2014-06-04",1,"DIV.JERC.2014.1","Y","wood",0.5,"NEON.DOC.014042","sJHVgeaUm9xlaUDYd+IwAL+wATCDBR80","YcVXgY18D4pMut9e1uvmPlSTIHMlvs7T",,0
"5AC1F1A7D1124C9BB3911B96164702AB","D03","JERC",,"40.3.1",31.196235,-84.473345,"WGS84",0.5,"2014-06-04",1,"DIV.JERC.2014.1","Y","standingDead",0.5,"NEON.DOC.014042","sJHVgeaUm9xlaUDYd+IwAL+wATCDBR80","YcVXgY18D4pMut9e1uvmPlSTIHMlvs7T",,0
"375142A12B4045BABAC0EDB1A9B42C77","D03","JERC",,"40.3.1",31.196235,-84.473345,"WGS84",0.5,"2014-06-04",1,"DIV.JERC.2014.1","Y","wood",0.5,"NEON.DOC.014042","sJHVgeaUm9xlaUDYd+IwAL+wATCDBR80","YcVXgY18D4pMut9e1uvmPlSTIHMlvs7T",,0
"B4CAD5EEBC524EA5B269E171CE8EB2F3","D03","JERC",,"40.3.1",31.196235,-84.473345,"WGS84",0.5,"2014-06-04",1,"DIV.JERC.2014.1","Y","overstory",10,"NEON.DOC.014042","sJHVgeaUm9xlaUDYd+IwAL+wATCDBR80","YcVXgY18D4pMut9e1uvmPlSTIHMlvs7T",,0
"F03EA713414E4116BAD716A1B06B4582","D03","JERC",,"41.1.1",31.196154,-84.473237,"WGS84",0.4,"2014-06-04",1,"DIV.JERC.2014.1","Y","overstory",99,"NEON.DOC.014042","sJHVgeaUm9xlaUDYd+IwAL+wATCDBR80","YcVXgY18D4pMut9e1uvmPlSTIHMlvs7T",,0
"885979F71479496394CDD92E8F0CED06","D03","JERC",,"41.1.1",31.196154,-84.473237,"WGS84",0.4,"2014-06-04",1,"DIV.JERC.2014.1","Y","wood",12,"NEON.DOC.014042","sJHVgeaUm9xlaUDYd+IwAL+wATCDBR80","YcVXgY18D4pMut9e1uvmPlSTIHMlvs7T",,0
"810D0F69133F4B69B9E2AEA1ACCDA3E5","D03","JERC",,"41.4.1",31.196236,-84.473146,"WGS84",0.5,"2014-06-04",1,"DIV.JERC.2014.1","Y","overstory",99,"NEON.DOC.014042","sJHVgeaUm9xlaUDYd+IwAL+wATCDBR80","YcVXgY18D4pMut9e1uvmPlSTIHMlvs7T",,0
"2E6F7BB8A8474AD69CC0760C15DD7F3F","D03","JERC",,"41.4.1",31.196236,-84.473146,"WGS84",0.5,"2014-06-04",1,"DIV.JERC.2014.1","Y","wood",5,"NEON.DOC.014042","sJHVgeaUm9xlaUDYd+IwAL+wATCDBR80","YcVXgY18D4pMut9e1uvmPlSTIHMlvs7T",,0
"14052233BD654F3092CECA466D854DE6","D03","JERC",,"31.1.1",31.196065,-84.473341,"WGS84",0.5,"2014-06-04",1,"DIV.JERC.2014.1","Y","wood",1,"NEON.DOC.014042","YK5ulgcjQA5M6hxjAkVbmv4a8AjznrKv","qwd4SsQjkwojVAYuvLRi2I6c493EEc9K",,0
"44EFC88FE2E04BB5BC2D0412225BFFCC","D03","JERC",,"31.1.1",31.196065,-84.473341,"WGS84",0.5,"2014-06-04",1,"DIV.JERC.2014.1","Y","overstory",100,"NEON.DOC.014042","YK5ulgcjQA5M6hxjAkVbmv4a8AjznrKv","qwd4SsQjkwojVAYuvLRi2I6c493EEc9K",,0
"E953C3369B4C4C8592F3042115737798","D03","JERC",,"31.4.1",31.196145,-84.473248,"WGS84",0.4,"2014-06-04",1,"DIV.JERC.2014.1","Y","litter",98,"NEON.DOC.014042","YK5ulgcjQA5M6hxjAkVbmv4a8AjznrKv","qwd4SsQjkwojVAYuvLRi2I6c493EEc9K",,0
"58CD932482D646D89734D5FA3D48BECB","D03","JERC",,"31.4.1",31.196145,-84.473248,"WGS84",0.4,"2014-06-04",1,"DIV.JERC.2014.1","Y","overstory",100,"NEON.DOC.014042","YK5ulgcjQA5M6hxjAkVbmv4a8AjznrKv","qwd4SsQjkwojVAYuvLRi2I6c493EEc9K",,0
"C2F4B08203F04B1391EDCD3FBE083BD9","D03","JERC",,"31.4.1",31.196145,-84.473248,"WGS84",0.4,"2014-06-04",1,"DIV.JERC.2014.1","Y","soil",0.5,"NEON.DOC.014042","YK5ulgcjQA5M6hxjAkVbmv4a8AjznrKv","qwd4SsQjkwojVAYuvLRi2I6c493EEc9K",,0
"29DCB25529A74F6595ADE7B4A5EFBE33","D03","JERC",,"32.2.1",31.196069,-84.473133,"WGS84",0.4,"2014-06-04",1,"DIV.JERC.2014.1","Y","overstory",100,"NEON.DOC.014042","YK5ulgcjQA5M6hxjAkVbmv4a8AjznrKv","qwd4SsQjkwojVAYuvLRi2I6c493EEc9K",,0
"3DFCCBC97DEA4A039C941FAD97348F5D","D03","JERC",,"32.2.1",31.196069,-84.473133,"WGS84",0.4,"2014-06-04",1,"DIV.JERC.2014.1","Y","litter",98,"NEON.DOC.014042","YK5ulgcjQA5M6hxjAkVbmv4a8AjznrKv","qwd4SsQjkwojVAYuvLRi2I6c493EEc9K",,0
"12928D9BEEEB4DB187963650CA3AE206","D03","JERC",,"32.4.1",31.196150,-84.473131,"WGS84",0.4,"2014-06-04",1,"DIV.JERC.2014.1","Y","litter",98,"NEON.DOC.014042","YK5ulgcjQA5M6hxjAkVbmv4a8AjznrKv","qwd4SsQjkwojVAYuvLRi2I6c493EEc9K",,0
"2D88896A395C42459726031B4A1FA242","D03","JERC",,"32.4.1",31.196150,-84.473131,"WGS84",0.4,"2014-06-04",1,"DIV.JERC.2014.1","Y","lichen",1,"NEON.DOC.014042","YK5ulgcjQA5M6hxjAkVbmv4a8AjznrKv","qwd4SsQjkwojVAYuvLRi2I6c493EEc9K",,0
"587A490ADBFE4479A72291F6041D11FA","D03","JERC",,"32.4.1",31.196150,-84.473131,"WGS84",0.4,"2014-06-04",1,"DIV.JERC.2014.1","Y","soil",0.5,"NEON.DOC.014042","YK5ulgcjQA5M6hxjAkVbmv4a8AjznrKv","qwd4SsQjkwojVAYuvLRi2I6c493EEc9K",,0
"A4337B6A6E5D4E5995FFB71604D108E1","D03","JERC",,"40.1.1",31.196154,-84.473347,"WGS84",0.5,"2014-06-04",1,"DIV.JERC.2014.1","Y","standingDead",0.5,"NEON.DOC.014042","sJHVgeaUm9xlaUDYd+IwAL+wATCDBR80","YcVXgY18D4pMut9e1uvmPlSTIHMlvs7T",,0
"FACB166C376847F3A0CDBB403584B746","D03","JERC",,"40.1.1",31.196154,-84.473347,"WGS84",0.5,"2014-06-04",1,"DIV.JERC.2014.1","Y","litter",98,"NEON.DOC.014042","sJHVgeaUm9xlaUDYd+IwAL+wATCDBR80","YcVXgY18D4pMut9e1uvmPlSTIHMlvs7T",,0
"C36CF211379C49579A5881BD19341BC8","D03","JERC",,"40.3.1",31.196235,-84.473345,"WGS84",0.5,"2014-06-04",1,"DIV.JERC.2014.1","Y","lichen",0.5,"NEON.DOC.014042","sJHVgeaUm9xlaUDYd+IwAL+wATCDBR80","YcVXgY18D4pMut9e1uvmPlSTIHMlvs7T",,0
"93A6262BA5FB41589499B6C471F8A2CB","D03","JERC",,"40.3.1",31.196235,-84.473345,"WGS84",0.5,"2014-06-04",1,"DIV.JERC.2014.1","Y","soil",0.5,"NEON.DOC.014042","sJHVgeaUm9xlaUDYd+IwAL+wATCDBR80","YcVXgY18D4pMut9e1uvmPlSTIHMlvs7T",,0
"76DEFAB272EF49FDA7B1C547112A4907","D03","JERC",,"40.3.1",31.196235,-84.473345,"WGS84",0.5,"2014-06-04",1,"DIV.JERC.2014.1","Y","litter",15,"NEON.DOC.014042","sJHVgeaUm9xlaUDYd+IwAL+wATCDBR80","YcVXgY18D4pMut9e1uvmPlSTIHMlvs7T",,0
"E180E7717B8641DAAB64B118B16B496B","D03","JERC",,"41.1.1",31.196154,-84.473237,"WGS84",0.4,"2014-06-04",1,"DIV.JERC.2014.1","Y","lichen",3,"NEON.DOC.014042","sJHVgeaUm9xlaUDYd+IwAL+wATCDBR80","YcVXgY18D4pMut9e1uvmPlSTIHMlvs7T",,0
"FB57ED575E76496C9DD58EE3E7F39D43","D03","JERC",,"41.1.1",31.196154,-84.473237,"WGS84",0.4,"2014-06-04",1,"DIV.JERC.2014.1","Y","litter",80,"NEON.DOC.014042","sJHVgeaUm9xlaUDYd+IwAL+wATCDBR80","YcVXgY18D4pMut9e1uvmPlSTIHMlvs7T",,0
"A4CE019F8C7E4E4A8F253D71D8CF2770","D03","JERC",,"41.4.1",31.196236,-84.473146,"WGS84",0.5,"2014-06-04",1,"DIV.JERC.2014.1","Y","lichen",0.5,"NEON.DOC.014042","sJHVgeaUm9xlaUDYd+IwAL+wATCDBR80","YcVXgY18D4pMut9e1uvmPlSTIHMlvs7T",,0
"94BCBB77FB87451281F8958B57B79CFA","D03","JERC",,"41.4.1",31.196236,-84.473146,"WGS84",0.5,"2014-06-04",1,"DIV.JERC.2014.1","Y","litter",95,"NEON.DOC.014042","sJHVgeaUm9xlaUDYd+IwAL+wATCDBR80","YcVXgY18D4pMut9e1uvmPlSTIHMlvs7T",,0
"1A6BEE59ACEE415483A22BE405F8AE10","D03","JERC",,"41.4.1",31.196236,-84.473146,"WGS84",0.5,"2014-06-04",1,"DIV.JERC.2014.1","Y","standingDead",4,"NEON.DOC.014042","sJHVgeaUm9xlaUDYd+IwAL+wATCDBR80","YcVXgY18D4pMut9e1uvmPlSTIHMlvs7T",,0
"FEF4C985881A4A8496B612CA250BDADA","D03","JERC",,"41.1.1",31.195971,-84.451221,"WGS84",0.4,"2014-06-17",1,"DIV.JERC.2014.1","Y","standingDead",4,"NEON.DOC.014042","qwd4SsQjkwojVAYuvLRi2I6c493EEc9K","n2lGiQS/CIzr1fpgF9pCUFu0UeGhqtAe",,1
"09514856879F4C7C91576C5C271672E5","D03","JERC",,"41.1.1",31.195971,-84.451221,"WGS84",0.4,"2014-06-17",1,"DIV.JERC.2014.1","Y","soil",1,"NEON.DOC.014042","qwd4SsQjkwojVAYuvLRi2I6c493EEc9K","n2lGiQS/CIzr1fpgF9pCUFu0UeGhqtAe",,1
"134A1CC8362545C9ABD4EC09804F7789","D03","JERC",,"41.4.1",31.196049,-84.451126,"WGS84",0.4,"2014-06-17",1,"DIV.JERC.2014.1","Y","lichen",0.5,"NEON.DOC.014042","qwd4SsQjkwojVAYuvLRi2I6c493EEc9K","n2lGiQS/CIzr1fpgF9pCUFu0UeGhqtAe",,1
"A077E1B4B7964FF8A74A29B0E97F0CE9","D03","JERC",,"41.4.1",31.196049,-84.451126,"WGS84",0.4,"2014-06-17",1,"DIV.JERC.2014.1","Y","standingDead",0.5,"NEON.DOC.014042","qwd4SsQjkwojVAYuvLRi2I6c493EEc9K","n2lGiQS/CIzr1fpgF9pCUFu0UeGhqtAe",,1
"D7CE0C1073854D7B86B1FB7EF831EDDB","D03","JERC",,"41.4.1",31.196049,-84.451126,"WGS84",0.4,"2014-06-17",1,"DIV.JERC.2014.1","Y","wood",10,"NEON.DOC.014042","qwd4SsQjkwojVAYuvLRi2I6c493EEc9K","n2lGiQS/CIzr1fpgF9pCUFu0UeGhqtAe",,1
"5CF3C1E66DCD427CB656503826351167","D03","JERC",,"40.3.1",31.196051,-84.451332,"WGS84",0.4,"2014-06-17",1,"DIV.JERC.2014.1","Y","wood",4,"NEON.DOC.014042","qwd4SsQjkwojVAYuvLRi2I6c493EEc9K","n2lGiQS/CIzr1fpgF9pCUFu0UeGhqtAe",,1
"2C99FB99D57C4E1691E0DA245E1ED620","D03","JERC",,"40.3.1",31.196051,-84.451332,"WGS84",0.4,"2014-06-17",1,"DIV.JERC.2014.1","Y","overstory",25,"NEON.DOC.014042","qwd4SsQjkwojVAYuvLRi2I6c493EEc9K","n2lGiQS/CIzr1fpgF9pCUFu0UeGhqtAe","camera id: 11339 photo id: 4014",1
"C7D3934B62184383969C1655A576F202","D03","JERC",,"40.3.1",31.196051,-84.451332,"WGS84",0.4,"2014-06-17",1,"DIV.JERC.2014.1","Y","litter",15,"NEON.DOC.014042","qwd4SsQjkwojVAYuvLRi2I6c493EEc9K","n2lGiQS/CIzr1fpgF9pCUFu0UeGhqtAe",,1
"CC21A4AECB874455ABEA05A4043908BD","D03","JERC",,"41.1.1",31.195971,-84.451221,"WGS84",0.4,"2014-06-17",1,"DIV.JERC.2014.1","Y","lichen",0.5,"NEON.DOC.014042","qwd4SsQjkwojVAYuvLRi2I6c493EEc9K","n2lGiQS/CIzr1fpgF9pCUFu0UeGhqtAe",,1
"8BCFE3A78AA14F908CC8E9C9BA94F91D","D03","JERC",,"41.4.1",31.196049,-84.451126,"WGS84",0.4,"2014-06-17",1,"DIV.JERC.2014.1","Y","litter",15,"NEON.DOC.014042","qwd4SsQjkwojVAYuvLRi2I6c493EEc9K","n2lGiQS/CIzr1fpgF9pCUFu0UeGhqtAe",,1
"21E5986B0E244123B3425418C1EF1C9F","D03","JERC",,"32.4.1",31.195959,-84.451130,"WGS84",0.4,"2014-06-17",1,"DIV.JERC.2014.1","Y","overstory",7,"NEON.DOC.014042","qwd4SsQjkwojVAYuvLRi2I6c493EEc9K","n2lGiQS/CIzr1fpgF9pCUFu0UeGhqtAe",,1
"AC17AB28B136488C8876F53919BDF36A","D03","JERC",,"32.4.1",31.195959,-84.451130,"WGS84",0.4,"2014-06-17",1,"DIV.JERC.2014.1","Y","standingDead",10,"NEON.DOC.014042","qwd4SsQjkwojVAYuvLRi2I6c493EEc9K","n2lGiQS/CIzr1fpgF9pCUFu0UeGhqtAe",,1
"2287ECEFEC8C4A5A8F0E7A30D9285399","D03","JERC",,"40.1.1",31.195969,-84.451334,"WGS84",0.4,"2014-06-17",1,"DIV.JERC.2014.1","Y","standingDead",0.5,"NEON.DOC.014042","qwd4SsQjkwojVAYuvLRi2I6c493EEc9K","n2lGiQS/CIzr1fpgF9pCUFu0UeGhqtAe",,1
"E6ED90EAF6B545D7B02FCE81291AEADC","D03","JERC",,"40.1.1",31.195969,-84.451334,"WGS84",0.4,"2014-06-17",1,"DIV.JERC.2014.1","Y","soil",6,"NEON.DOC.014042","qwd4SsQjkwojVAYuvLRi2I6c493EEc9K","n2lGiQS/CIzr1fpgF9pCUFu0UeGhqtAe",,1
"1EB45749172E4F6583A564302514A7DA","D03","JERC",,"41.1.1",31.195971,-84.451221,"WGS84",0.4,"2014-06-17",1,"DIV.JERC.2014.1","Y","litter",6,"NEON.DOC.014042","qwd4SsQjkwojVAYuvLRi2I6c493EEc9K","n2lGiQS/CIzr1fpgF9pCUFu0UeGhqtAe",,1
"3A136648E12C43D59D5A4054F7912DAE","D03","JERC",,"41.1.1",31.195971,-84.451221,"WGS84",0.4,"2014-06-17",1,"DIV.JERC.2014.1","Y","overstory",1,"NEON.DOC.014042","qwd4SsQjkwojVAYuvLRi2I6c493EEc9K","n2lGiQS/CIzr1fpgF9pCUFu0UeGhqtAe","camera id: 11339 photo id: 4015",1
"EFFA1557D87941FFAA32A5938B3D9C64","D03","JERC",,"41.4.1",31.196049,-84.451126,"WGS84",0.4,"2014-06-17",1,"DIV.JERC.2014.1","Y","soil",0.5,"NEON.DOC.014042","qwd4SsQjkwojVAYuvLRi2I6c493EEc9K","n2lGiQS/CIzr1fpgF9pCUFu0UeGhqtAe",,1
"98DE5486F4FB44119F48B1BB81250D72","D03","JERC",,"41.4.1",31.196049,-84.451126,"WGS84",0.4,"2014-06-17",1,"DIV.JERC.2014.1","Y","overstory",15,"NEON.DOC.014042","qwd4SsQjkwojVAYuvLRi2I6c493EEc9K","n2lGiQS/CIzr1fpgF9pCUFu0UeGhqtAe","camera id: 11339 photo id:4016",1
"33A4ADDCA01B4A61A9E510B9BD27894A","D03","JERC",,"40.1.1",31.195969,-84.451334,"WGS84",0.4,"2014-06-17",1,"DIV.JERC.2014.1","Y","litter",20,"NEON.DOC.014042","qwd4SsQjkwojVAYuvLRi2I6c493EEc9K","n2lGiQS/CIzr1fpgF9pCUFu0UeGhqtAe",,1
"A0091F87F2254224B966010B0A0769B9","D03","JERC",,"40.1.1",31.195969,-84.451334,"WGS84",0.4,"2014-06-17",1,"DIV.JERC.2014.1","Y","overstory",15,"NEON.DOC.014042","qwd4SsQjkwojVAYuvLRi2I6c493EEc9K","n2lGiQS/CIzr1fpgF9pCUFu0UeGhqtAe","camera id:11339 photo id:4012",1
"F0A306CFDA344B88B70720360732292A","D03","JERC",,"40.3.1",31.196051,-84.451332,"WGS84",0.4,"2014-06-17",1,"DIV.JERC.2014.1","Y","standingDead",2,"NEON.DOC.014042","qwd4SsQjkwojVAYuvLRi2I6c493EEc9K","n2lGiQS/CIzr1fpgF9pCUFu0UeGhqtAe",,1
"88619D7DC8304942A051688E96D41B50","D03","JERC",,"40.3.1",31.196051,-84.451332,"WGS84",0.4,"2014-06-17",1,"DIV.JERC.2014.1","Y","lichen",0.5,"NEON.DOC.014042","qwd4SsQjkwojVAYuvLRi2I6c493EEc9K","n2lGiQS/CIzr1fpgF9pCUFu0UeGhqtAe",,1
"DCA15B0164C04732800C6DEFAEB26173","D03","JERC",,"41.1.1",31.195971,-84.451221,"WGS84",0.4,"2014-06-17",1,"DIV.JERC.2014.1","Y","wood",0.5,"NEON.DOC.014042","qwd4SsQjkwojVAYuvLRi2I6c493EEc9K","n2lGiQS/CIzr1fpgF9pCUFu0UeGhqtAe",,1
"6B59CB762D104ABBBF07F5C1E526617D","D03","JERC",,"32.4.1",31.195959,-84.451130,"WGS84",0.4,"2014-06-17",1,"DIV.JERC.2014.1","Y","lichen",0.5,"NEON.DOC.014042","qwd4SsQjkwojVAYuvLRi2I6c493EEc9K","n2lGiQS/CIzr1fpgF9pCUFu0UeGhqtAe",,1
"9CC135CCF10341628FC95A7561BE6603","D03","JERC",,"32.4.1",31.195959,-84.451130,"WGS84",0.4,"2014-06-17",1,"DIV.JERC.2014.1","Y","wood",1,"NEON.DOC.014042","qwd4SsQjkwojVAYuvLRi2I6c493EEc9K","n2lGiQS/CIzr1fpgF9pCUFu0UeGhqtAe",,1
"F77AFAA58F014062BE017D7D101C2BB1","D03","JERC",,"40.1.1",31.195969,-84.451334,"WGS84",0.4,"2014-06-17",1,"DIV.JERC.2014.1","Y","wood",2,"NEON.DOC.014042","qwd4SsQjkwojVAYuvLRi2I6c493EEc9K","n2lGiQS/CIzr1fpgF9pCUFu0UeGhqtAe",,1
"2750F6C8F0854626A648E7BE5FE7F3E5","D03","JERC",,"40.1.1",31.195969,-84.451334,"WGS84",0.4,"2014-06-17",1,"DIV.JERC.2014.1","Y","lichen",0.5,"NEON.DOC.014042","qwd4SsQjkwojVAYuvLRi2I6c493EEc9K","n2lGiQS/CIzr1fpgF9pCUFu0UeGhqtAe",,1
"BBA16C3116454549A1B6FC18F6C813A4","D03","JERC",,"32.2.1",31.195878,-84.451132,"WGS84",0.4,"2014-06-17",1,"DIV.JERC.2014.1","Y","standingDead",1,"NEON.DOC.014042","qwd4SsQjkwojVAYuvLRi2I6c493EEc9K","n2lGiQS/CIzr1fpgF9pCUFu0UeGhqtAe",,1
"B26596C715C443078A3FF5D11F459A58","D03","JERC",,"32.2.1",31.195878,-84.451132,"WGS84",0.4,"2014-06-17",1,"DIV.JERC.2014.1","Y","soil",4,"NEON.DOC.014042","qwd4SsQjkwojVAYuvLRi2I6c493EEc9K","n2lGiQS/CIzr1fpgF9pCUFu0UeGhqtAe",,1
"0C2EF7DF49FE419499C40ECD97F1691E","D03","JERC",,"32.2.1",31.195878,-84.451132,"WGS84",0.4,"2014-06-17",1,"DIV.JERC.2014.1","Y","wood",0.5,"NEON.DOC.014042","qwd4SsQjkwojVAYuvLRi2I6c493EEc9K","n2lGiQS/CIzr1fpgF9pCUFu0UeGhqtAe",,1
"906007950B6E44D78EBFEE97E46B05A1","D03","JERC",,"32.2.1",31.195878,-84.451132,"WGS84",0.4,"2014-06-17",1,"DIV.JERC.2014.1","Y","litter",15,"NEON.DOC.014042","qwd4SsQjkwojVAYuvLRi2I6c493EEc9K","n2lGiQS/CIzr1fpgF9pCUFu0UeGhqtAe",,1
"637187853FF94253A968F223D7A63B2A","D03","JERC",,"32.4.1",31.195959,-84.451130,"WGS84",0.4,"2014-06-17",1,"DIV.JERC.2014.1","Y","litter",30,"NEON.DOC.014042","qwd4SsQjkwojVAYuvLRi2I6c493EEc9K","n2lGiQS/CIzr1fpgF9pCUFu0UeGhqtAe",,1
"B17C38E1D5224971A626B7F8CE465E47","D03","JERC",,"31.4.1",31.195962,-84.451232,"WGS84",0.4,"2014-06-17",1,"DIV.JERC.2014.1","Y","lichen",0.5,"NEON.DOC.014042","qwd4SsQjkwojVAYuvLRi2I6c493EEc9K","n2lGiQS/CIzr1fpgF9pCUFu0UeGhqtAe",,1
"9050B36AF70C45F9B983BF772DEFA8BF","D03","JERC",,"31.4.1",31.195962,-84.451232,"WGS84",0.4,"2014-06-17",1,"DIV.JERC.2014.1","Y","standingDead",1,"NEON.DOC.014042","qwd4SsQjkwojVAYuvLRi2I6c493EEc9K","n2lGiQS/CIzr1fpgF9pCUFu0UeGhqtAe",,1
"F556D022CA1C4E3C9C0132A458FBA1B8","D03","JERC",,"31.4.1",31.195962,-84.451232,"WGS84",0.4,"2014-06-17",1,"DIV.JERC.2014.1","Y","litter",10,"NEON.DOC.014042","qwd4SsQjkwojVAYuvLRi2I6c493EEc9K","n2lGiQS/CIzr1fpgF9pCUFu0UeGhqtAe",,1
"D09C5F652F2C4480956F1A4E28DE7742","D03","JERC",,"31.4.1",31.195962,-84.451232,"WGS84",0.4,"2014-06-17",1,"DIV.JERC.2014.1","Y","soil",1,"NEON.DOC.014042","qwd4SsQjkwojVAYuvLRi2I6c493EEc9K","n2lGiQS/CIzr1fpgF9pCUFu0UeGhqtAe",,1
"D4C0E7A068394EECAB5F3853616F51D7","D03","JERC",,"31.1.1",31.195874,-84.451319,"WGS84",0.4,"2014-06-17",1,"DIV.JERC.2014.1","Y","standingDead",3,"NEON.DOC.014042","qwd4SsQjkwojVAYuvLRi2I6c493EEc9K","PO+gLcqpgG6WKM8lPge6HQp6NUBLdhs8",,1
"7C275509BD2E4C48B27EE86989BD0D59","D03","JERC",,"31.1.1",31.195874,-84.451319,"WGS84",0.4,"2014-06-17",1,"DIV.JERC.2014.1","Y","wood",2,"NEON.DOC.014042","qwd4SsQjkwojVAYuvLRi2I6c493EEc9K","PO+gLcqpgG6WKM8lPge6HQp6NUBLdhs8",,1
"5ED0CC59E4454DA0A7F2CE25D3702053","D03","JERC",,"31.4.1",31.195962,-84.451232,"WGS84",0.4,"2014-06-17",1,"DIV.JERC.2014.1","Y","wood",0.5,"NEON.DOC.014042","qwd4SsQjkwojVAYuvLRi2I6c493EEc9K","n2lGiQS/CIzr1fpgF9pCUFu0UeGhqtAe",,1
"29B89BC52E244F16AC3A3972C0DB550C","D03","JERC",,"31.4.1",31.195962,-84.451232,"WGS84",0.4,"2014-06-17",1,"DIV.JERC.2014.1","Y","overstory",10,"NEON.DOC.014042","qwd4SsQjkwojVAYuvLRi2I6c493EEc9K","n2lGiQS/CIzr1fpgF9pCUFu0UeGhqtAe",,1
"C9B335317F8B4B15AFC01C8D769F70FE","D03","JERC",,"31.4.1",31.195962,-84.451232,"WGS84",0.4,"2014-06-17",1,"DIV.JERC.2014.1","Y","moss",0.5,"NEON.DOC.014042","qwd4SsQjkwojVAYuvLRi2I6c493EEc9K","n2lGiQS/CIzr1fpgF9pCUFu0UeGhqtAe",,1
"12171AD0B4DC415FB487705678629520","D03","JERC",,"31.1.1",31.195874,-84.451319,"WGS84",0.4,"2014-06-17",1,"DIV.JERC.2014.1","Y","lichen",0.5,"NEON.DOC.014042","qwd4SsQjkwojVAYuvLRi2I6c493EEc9K","PO+gLcqpgG6WKM8lPge6HQp6NUBLdhs8",,1
"C04A55F7D99F49DEA96AC13ADF53BB9D","D03","JERC",,"31.1.1",31.195874,-84.451319,"WGS84",0.4,"2014-06-17",1,"DIV.JERC.2014.1","Y","overstory",55,"NEON.DOC.014042","qwd4SsQjkwojVAYuvLRi2I6c493EEc9K","PO+gLcqpgG6WKM8lPge6HQp6NUBLdhs8",,1
"C89738AD4A0948358BE19D6393CFE094","D03","JERC",,"31.1.1",31.195874,-84.451319,"WGS84",0.4,"2014-06-17",1,"DIV.JERC.2014.1","Y","litter",65,"NEON.DOC.014042","qwd4SsQjkwojVAYuvLRi2I6c493EEc9K","PO+gLcqpgG6WKM8lPge6HQp6NUBLdhs8",,1
"266A07F14DBE414C813A283A35EF538E","D03","JERC",,"31.1.1",31.195874,-84.451319,"WGS84",0.4,"2014-06-17",1,"DIV.JERC.2014.1","Y","soil",0.5,"NEON.DOC.014042","qwd4SsQjkwojVAYuvLRi2I6c493EEc9K","PO+gLcqpgG6WKM8lPge6HQp6NUBLdhs8",,1
"33D246366B854AF7B5220DFC9E40C729","D03","JERC",,"41.4.1",31.195241,-84.450838,"WGS84",0.4,"2014-06-18",1,"DIV.JERC.2014.1","Y","standingDead",1,"NEON.DOC.014042","qwd4SsQjkwojVAYuvLRi2I6c493EEc9K","n2lGiQS/CIzr1fpgF9pCUFu0UeGhqtAe",,0
"BAE7534520094F1BB86904F0200763AA","D03","JERC",,"41.4.1",31.195241,-84.450838,"WGS84",0.4,"2014-06-18",1,"DIV.JERC.2014.1","Y","soil",1,"NEON.DOC.014042","qwd4SsQjkwojVAYuvLRi2I6c493EEc9K","n2lGiQS/CIzr1fpgF9pCUFu0UeGhqtAe",,0
"E22CBA18B8B74519BC503AE4443EDA48","D03","JERC",,"41.1.1",31.195157,-84.450922,"WGS84",0.4,"2014-06-18",1,"DIV.JERC.2014.1","Y","soil",0.5,"NEON.DOC.014042","qwd4SsQjkwojVAYuvLRi2I6c493EEc9K","n2lGiQS/CIzr1fpgF9pCUFu0UeGhqtAe",,0
"412D2F20A01040F588A430EF7EBBE83A","D03","JERC",,"41.1.1",31.195157,-84.450922,"WGS84",0.4,"2014-06-18",1,"DIV.JERC.2014.1","Y","lichen",0.5,"NEON.DOC.014042","qwd4SsQjkwojVAYuvLRi2I6c493EEc9K","n2lGiQS/CIzr1fpgF9pCUFu0UeGhqtAe",,0
"8CA1E533CAF54B4EB940B3C1A38FBE71","D03","JERC",,"41.1.1",31.195157,-84.450922,"WGS84",0.4,"2014-06-18",1,"DIV.JERC.2014.1","Y","litter",45,"NEON.DOC.014042","qwd4SsQjkwojVAYuvLRi2I6c493EEc9K","n2lGiQS/CIzr1fpgF9pCUFu0UeGhqtAe",,0
"B77EEDCFF0224883ABC51A35D27D2FC1","D03","JERC",,"41.4.1",31.195241,-84.450838,"WGS84",0.4,"2014-06-18",1,"DIV.JERC.2014.1","Y","moss",1,"NEON.DOC.014042","qwd4SsQjkwojVAYuvLRi2I6c493EEc9K","n2lGiQS/CIzr1fpgF9pCUFu0UeGhqtAe",,0
"EED941C663544AD0B99897C9CEBB77EE","D03","JERC",,"40.1.1",31.195150,-84.451039,"WGS84",0.4,"2014-06-18",1,"DIV.JERC.2014.1","Y","wood",0.5,"NEON.DOC.014042","qwd4SsQjkwojVAYuvLRi2I6c493EEc9K","n2lGiQS/CIzr1fpgF9pCUFu0UeGhqtAe",,0
"498DDE9691F749C484C8F1387CACD30E","D03","JERC",,"40.1.1",31.195150,-84.451039,"WGS84",0.4,"2014-06-18",1,"DIV.JERC.2014.1","Y","lichen",0.5,"NEON.DOC.014042","qwd4SsQjkwojVAYuvLRi2I6c493EEc9K","n2lGiQS/CIzr1fpgF9pCUFu0UeGhqtAe",,0
"818EB92AF47749CF8F50A93895FD8215","D03","JERC",,"40.3.1",31.195231,-84.451037,"WGS84",0.4,"2014-06-18",1,"DIV.JERC.2014.1","Y","soil",0.5,"NEON.DOC.014042","qwd4SsQjkwojVAYuvLRi2I6c493EEc9K","n2lGiQS/CIzr1fpgF9pCUFu0UeGhqtAe",,0
"FD51D20BFA7D42BC8206CDB99EA8410E","D03","JERC",,"40.3.1",31.195231,-84.451037,"WGS84",0.4,"2014-06-18",1,"DIV.JERC.2014.1","Y","lichen",0.5,"NEON.DOC.014042","qwd4SsQjkwojVAYuvLRi2I6c493EEc9K","n2lGiQS/CIzr1fpgF9pCUFu0UeGhqtAe",,0
"884C666C19A34CCDBD7E5A7F2941AB3A","D03","JERC",,"40.3.1",31.195231,-84.451037,"WGS84",0.4,"2014-06-18",1,"DIV.JERC.2014.1","Y","litter",60,"NEON.DOC.014042","qwd4SsQjkwojVAYuvLRi2I6c493EEc9K","n2lGiQS/CIzr1fpgF9pCUFu0UeGhqtAe",,0
"66B35DC6D1354C9CA3077E5375607915","D03","JERC",,"32.2.1",31.195053,-84.450836,"WGS84",0.4,"2014-06-18",1,"DIV.JERC.2014.1","Y","wood",40,"NEON.DOC.014042","qwd4SsQjkwojVAYuvLRi2I6c493EEc9K","n2lGiQS/CIzr1fpgF9pCUFu0UeGhqtAe",,0
"CCFFF4CC946E42B684C5514ACC542BA8","D03","JERC",,"32.4.1",31.195134,-84.450833,"WGS84",0.4,"2014-06-18",1,"DIV.JERC.2014.1","Y","lichen",0.5,"NEON.DOC.014042","qwd4SsQjkwojVAYuvLRi2I6c493EEc9K","n2lGiQS/CIzr1fpgF9pCUFu0UeGhqtAe",,0
"61395C9A133C46DA8F36E43397CE0592","D03","JERC",,"32.4.1",31.195134,-84.450833,"WGS84",0.4,"2014-06-18",1,"DIV.JERC.2014.1","Y","moss",0.5,"NEON.DOC.014042","qwd4SsQjkwojVAYuvLRi2I6c493EEc9K","n2lGiQS/CIzr1fpgF9pCUFu0UeGhqtAe",,0
"A388EEF24A414520B7BDE8B334E8E435","D03","JERC",,"32.4.1",31.195134,-84.450833,"WGS84",0.4,"2014-06-18",1,"DIV.JERC.2014.1","Y","litter",25,"NEON.DOC.014042","qwd4SsQjkwojVAYuvLRi2I6c493EEc9K","n2lGiQS/CIzr1fpgF9pCUFu0UeGhqtAe",,0
"EA8C9599208F4C1CBD203CBA2FBF349B","D03","JERC",,"31.4.1",31.195148,-84.450932,"WGS84",0.4,"2014-06-18",1,"DIV.JERC.2014.1","Y","standingDead",1,"NEON.DOC.014042","qwd4SsQjkwojVAYuvLRi2I6c493EEc9K","n2lGiQS/CIzr1fpgF9pCUFu0UeGhqtAe",,0
"5CA24FA1250E4E7597566380BD32B6B0","D03","JERC",,"31.4.1",31.195148,-84.450932,"WGS84",0.4,"2014-06-18",1,"DIV.JERC.2014.1","Y","lichen",0.5,"NEON.DOC.014042","qwd4SsQjkwojVAYuvLRi2I6c493EEc9K","n2lGiQS/CIzr1fpgF9pCUFu0UeGhqtAe",,0
"6A21B7775B634231A7ECF6882145D542","D03","JERC",,"31.4.1",31.195148,-84.450932,"WGS84",0.4,"2014-06-18",1,"DIV.JERC.2014.1","Y","soil",1,"NEON.DOC.014042","qwd4SsQjkwojVAYuvLRi2I6c493EEc9K","n2lGiQS/CIzr1fpgF9pCUFu0UeGhqtAe",,0
"E347E872AEA14FFBBED712469FB8D7DE","D03","JERC",,"32.2.1",31.195053,-84.450836,"WGS84",0.4,"2014-06-18",1,"DIV.JERC.2014.1","Y","lichen",0.5,"NEON.DOC.014042","qwd4SsQjkwojVAYuvLRi2I6c493EEc9K","n2lGiQS/CIzr1fpgF9pCUFu0UeGhqtAe",,0
"2B40C5A9110345E0A7F765056E8CEC10","D03","JERC",,"32.2.1",31.195053,-84.450836,"WGS84",0.4,"2014-06-18",1,"DIV.JERC.2014.1","Y","standingDead",1,"NEON.DOC.014042","qwd4SsQjkwojVAYuvLRi2I6c493EEc9K","n2lGiQS/CIzr1fpgF9pCUFu0UeGhqtAe",,0
"DAEAAF0A337A445CA34996CF25B12050","D03","JERC",,"41.4.1",31.195241,-84.450838,"WGS84",0.4,"2014-06-18",1,"DIV.JERC.2014.1","Y","wood",10,"NEON.DOC.014042","qwd4SsQjkwojVAYuvLRi2I6c493EEc9K","n2lGiQS/CIzr1fpgF9pCUFu0UeGhqtAe",,0
"23183F820A634C73A2EA2D8E7AC5676A","D03","JERC",,"31.1.1",31.195060,-84.451034,"WGS84",0.4,"2014-06-18",1,"DIV.JERC.2014.1","Y","overstory",75,"NEON.DOC.014042","qwd4SsQjkwojVAYuvLRi2I6c493EEc9K","n2lGiQS/CIzr1fpgF9pCUFu0UeGhqtAe",,0
"8D91E7F7C0BB42C0BDD8D7D91EE546F1","D03","JERC",,"31.1.1",31.195060,-84.451034,"WGS84",0.4,"2014-06-18",1,"DIV.JERC.2014.1","Y","rock",0.5,"NEON.DOC.014042","qwd4SsQjkwojVAYuvLRi2I6c493EEc9K","n2lGiQS/CIzr1fpgF9pCUFu0UeGhqtAe",,0
"C805FD01EDEB49A48A1D1FCDC12B58DC","D03","JERC",,"31.1.1",31.195060,-84.451034,"WGS84",0.4,"2014-06-18",1,"DIV.JERC.2014.1","Y","soil",10,"NEON.DOC.014042","qwd4SsQjkwojVAYuvLRi2I6c493EEc9K","n2lGiQS/CIzr1fpgF9pCUFu0UeGhqtAe",,0
"23502A90FD5C403581F4639855E926A4","D03","JERC",,"31.1.1",31.195060,-84.451034,"WGS84",0.4,"2014-06-18",1,"DIV.JERC.2014.1","Y","wood",0.5,"NEON.DOC.014042","qwd4SsQjkwojVAYuvLRi2I6c493EEc9K","n2lGiQS/CIzr1fpgF9pCUFu0UeGhqtAe",,0
"33E3A32B450D4154886996AC57E1E8C4","D03","JERC",,"41.1.1",31.195157,-84.450922,"WGS84",0.4,"2014-06-18",1,"DIV.JERC.2014.1","Y","overstory",45,"NEON.DOC.014042","qwd4SsQjkwojVAYuvLRi2I6c493EEc9K","n2lGiQS/CIzr1fpgF9pCUFu0UeGhqtAe",,0
"78C18EB85D3F4BB9A1D139168CBB491D","D03","JERC",,"41.1.1",31.195157,-84.450922,"WGS84",0.4,"2014-06-18",1,"DIV.JERC.2014.1","Y","wood",0.5,"NEON.DOC.014042","qwd4SsQjkwojVAYuvLRi2I6c493EEc9K","n2lGiQS/CIzr1fpgF9pCUFu0UeGhqtAe",,0
"D1F468B64D2742E783E0B6BAFDAE746F","D03","JERC",,"41.4.1",31.195241,-84.450838,"WGS84",0.4,"2014-06-18",1,"DIV.JERC.2014.1","Y","litter",40,"NEON.DOC.014042","qwd4SsQjkwojVAYuvLRi2I6c493EEc9K","n2lGiQS/CIzr1fpgF9pCUFu0UeGhqtAe",,0
"CBA3B8CC92AB42B78E38EE483487E7A2","D03","JERC",,"41.4.1",31.195241,-84.450838,"WGS84",0.4,"2014-06-18",1,"DIV.JERC.2014.1","Y","lichen",0.5,"NEON.DOC.014042","qwd4SsQjkwojVAYuvLRi2I6c493EEc9K","n2lGiQS/CIzr1fpgF9pCUFu0UeGhqtAe",,0
"7BAA335D6C8245AB91ABCE620F5D4011","D03","JERC",,"40.1.1",31.195150,-84.451039,"WGS84",0.4,"2014-06-18",1,"DIV.JERC.2014.1","Y","overstory",83,"NEON.DOC.014042","qwd4SsQjkwojVAYuvLRi2I6c493EEc9K","n2lGiQS/CIzr1fpgF9pCUFu0UeGhqtAe",,0
"836DCBD8B86146D48C517D46EA2E58CF","D03","JERC",,"40.1.1",31.195150,-84.451039,"WGS84",0.4,"2014-06-18",1,"DIV.JERC.2014.1","Y","litter",50,"NEON.DOC.014042","qwd4SsQjkwojVAYuvLRi2I6c493EEc9K","n2lGiQS/CIzr1fpgF9pCUFu0UeGhqtAe",,0
"9F56DC420E3048B7A9AC20CD9B5E2AC1","D03","JERC",,"40.3.1",31.195231,-84.451037,"WGS84",0.4,"2014-06-18",1,"DIV.JERC.2014.1","Y","overstory",95,"NEON.DOC.014042","qwd4SsQjkwojVAYuvLRi2I6c493EEc9K","n2lGiQS/CIzr1fpgF9pCUFu0UeGhqtAe",,0
"A0DC9CB41A94489FB73192FCF6F27A17","D03","JERC",,"40.3.1",31.195231,-84.451037,"WGS84",0.4,"2014-06-18",1,"DIV.JERC.2014.1","Y","otherNonVascular",0.5,"NEON.DOC.014042","qwd4SsQjkwojVAYuvLRi2I6c493EEc9K","n2lGiQS/CIzr1fpgF9pCUFu0UeGhqtAe",,0
"322AE15053674D63B9ECB4B349051E36","D03","JERC",,"40.3.1",31.195231,-84.451037,"WGS84",0.4,"2014-06-18",1,"DIV.JERC.2014.1","Y","wood",0.5,"NEON.DOC.014042","qwd4SsQjkwojVAYuvLRi2I6c493EEc9K","n2lGiQS/CIzr1fpgF9pCUFu0UeGhqtAe",,0
"9ED7E944B14D442D9F825FE29F046776","D03","JERC",,"32.4.1",31.195134,-84.450833,"WGS84",0.4,"2014-06-18",1,"DIV.JERC.2014.1","Y","standingDead",1,"NEON.DOC.014042","qwd4SsQjkwojVAYuvLRi2I6c493EEc9K","n2lGiQS/CIzr1fpgF9pCUFu0UeGhqtAe",,0
"AE8E230FA91A400983444477441911ED","D03","JERC",,"32.4.1",31.195134,-84.450833,"WGS84",0.4,"2014-06-18",1,"DIV.JERC.2014.1","Y","soil",1,"NEON.DOC.014042","qwd4SsQjkwojVAYuvLRi2I6c493EEc9K","n2lGiQS/CIzr1fpgF9pCUFu0UeGhqtAe",,0
"9C93905FBCFE442CAB30EFE714D45FD8","D03","JERC",,"32.4.1",31.195134,-84.450833,"WGS84",0.4,"2014-06-18",1,"DIV.JERC.2014.1","Y","wood",0.5,"NEON.DOC.014042","qwd4SsQjkwojVAYuvLRi2I6c493EEc9K","n2lGiQS/CIzr1fpgF9pCUFu0UeGhqtAe",,0
"80B9933F253442CA89B7EC714AC903F3","D03","JERC",,"40.1.1",31.195150,-84.451039,"WGS84",0.4,"2014-06-18",1,"DIV.JERC.2014.1","Y","standingDead",0.5,"NEON.DOC.014042","qwd4SsQjkwojVAYuvLRi2I6c493EEc9K","n2lGiQS/CIzr1fpgF9pCUFu0UeGhqtAe",,0
"095D93C27B0A47C1B97276BD993324F8","D03","JERC",,"31.4.1",31.195148,-84.450932,"WGS84",0.4,"2014-06-18",1,"DIV.JERC.2014.1","Y","overstory",77,"NEON.DOC.014042","qwd4SsQjkwojVAYuvLRi2I6c493EEc9K","n2lGiQS/CIzr1fpgF9pCUFu0UeGhqtAe",,0
"70BD40FD764340348BE5A170587247CA","D03","JERC",,"31.4.1",31.195148,-84.450932,"WGS84",0.4,"2014-06-18",1,"DIV.JERC.2014.1","Y","wood",1,"NEON.DOC.014042","qwd4SsQjkwojVAYuvLRi2I6c493EEc9K","n2lGiQS/CIzr1fpgF9pCUFu0UeGhqtAe",,0
"FCF7546753D848118E7AFE3C378D992E","D03","JERC",,"32.2.1",31.195053,-84.450836,"WGS84",0.4,"2014-06-18",1,"DIV.JERC.2014.1","Y","moss",0.5,"NEON.DOC.014042","qwd4SsQjkwojVAYuvLRi2I6c493EEc9K","n2lGiQS/CIzr1fpgF9pCUFu0UeGhqtAe",,0
"2C908290EECD484DBD5AA79B1F4BD9AF","D03","JERC",,"32.2.1",31.195053,-84.450836,"WGS84",0.4,"2014-06-18",1,"DIV.JERC.2014.1","Y","litter",6,"NEON.DOC.014042","qwd4SsQjkwojVAYuvLRi2I6c493EEc9K","n2lGiQS/CIzr1fpgF9pCUFu0UeGhqtAe",,0
"FA6F7212FB56472FBBC57D9CAABB2E5B","D03","JERC",,"32.2.1",31.195053,-84.450836,"WGS84",0.4,"2014-06-18",1,"DIV.JERC.2014.1","Y","soil",0.5,"NEON.DOC.014042","qwd4SsQjkwojVAYuvLRi2I6c493EEc9K","n2lGiQS/CIzr1fpgF9pCUFu0UeGhqtAe",,0
"32D2C3C95DB44A8AAE3A3CF9473DE88D","D03","JERC",,"31.1.1",31.195060,-84.451034,"WGS84",0.4,"2014-06-18",1,"DIV.JERC.2014.1","Y","litter",17,"NEON.DOC.014042","qwd4SsQjkwojVAYuvLRi2I6c493EEc9K","n2lGiQS/CIzr1fpgF9pCUFu0UeGhqtAe",,0
"35469F52670946BB9E2CDE0518609CDD","D03","JERC",,"31.1.1",31.195060,-84.451034,"WGS84",0.4,"2014-06-18",1,"DIV.JERC.2014.1","Y","standingDead",0.5,"NEON.DOC.014042","qwd4SsQjkwojVAYuvLRi2I6c493EEc9K","n2lGiQS/CIzr1fpgF9pCUFu0UeGhqtAe",,0
"C0452A7CB4694629A3180FEA353A1469","D03","JERC",,"31.1.1",31.195060,-84.451034,"WGS84",0.4,"2014-06-18",1,"DIV.JERC.2014.1","Y","moss",0.5,"NEON.DOC.014042","qwd4SsQjkwojVAYuvLRi2I6c493EEc9K","n2lGiQS/CIzr1fpgF9pCUFu0UeGhqtAe",,0
"E14CDF3D60B74C6FBF11D66EEA24A3A4","D03","JERC",,"31.4.1",31.195148,-84.450932,"WGS84",0.4,"2014-06-18",1,"DIV.JERC.2014.1","Y","litter",7,"NEON.DOC.014042","qwd4SsQjkwojVAYuvLRi2I6c493EEc9K","n2lGiQS/CIzr1fpgF9pCUFu0UeGhqtAe",,0
"42430229229742DD8A28C5BDAD230725","D03","JERC",,"41.1.1",31.194322,-84.477073,"WGS84",0.5,"2014-06-19",1,"DIV.JERC.2014.1","Y","soil",0.5,"NEON.DOC.014042","qwd4SsQjkwojVAYuvLRi2I6c493EEc9K","n2lGiQS/CIzr1fpgF9pCUFu0UeGhqtAe",,0
"ABB55FFB08474745B9655E8DBFBDB359","D03","JERC",,"41.1.1",31.194322,-84.477073,"WGS84",0.5,"2014-06-19",1,"DIV.JERC.2014.1","Y","litter",30,"NEON.DOC.014042","qwd4SsQjkwojVAYuvLRi2I6c493EEc9K","n2lGiQS/CIzr1fpgF9pCUFu0UeGhqtAe",,0
"F925E351D0EF47BFB7229C96C7CAF841","D03","JERC",,"41.1.1",31.194322,-84.477073,"WGS84",0.5,"2014-06-19",1,"DIV.JERC.2014.1","Y","moss",0.5,"NEON.DOC.014042","qwd4SsQjkwojVAYuvLRi2I6c493EEc9K","n2lGiQS/CIzr1fpgF9pCUFu0UeGhqtAe",,0
"E7735ACE30AA45F990A91885D693D0C9","D03","JERC",,"40.1.1",31.194323,-84.477185,"WGS84",0.5,"2014-06-19",1,"DIV.JERC.2014.1","Y","standingDead",0.5,"NEON.DOC.014042","qwd4SsQjkwojVAYuvLRi2I6c493EEc9K","n2lGiQS/CIzr1fpgF9pCUFu0UeGhqtAe",,0
"5CF630D6F8DD43F9901999CC13F1B96D","D03","JERC",,"40.1.1",31.194323,-84.477185,"WGS84",0.5,"2014-06-19",1,"DIV.JERC.2014.1","Y","wood",0.5,"NEON.DOC.014042","qwd4SsQjkwojVAYuvLRi2I6c493EEc9K","n2lGiQS/CIzr1fpgF9pCUFu0UeGhqtAe",,0
"8251AF07B731444BAC8C32B77984432A","D03","JERC",,"40.3.1",31.194405,-84.477183,"WGS84",0.5,"2014-06-19",1,"DIV.JERC.2014.1","Y","overstory",75,"NEON.DOC.014042","qwd4SsQjkwojVAYuvLRi2I6c493EEc9K","n2lGiQS/CIzr1fpgF9pCUFu0UeGhqtAe",,0
"2AF4081F250A4E9F8A4B5E24934C1FB4","D03","JERC",,"40.3.1",31.194405,-84.477183,"WGS84",0.5,"2014-06-19",1,"DIV.JERC.2014.1","Y","lichen",0.5,"NEON.DOC.014042","qwd4SsQjkwojVAYuvLRi2I6c493EEc9K","n2lGiQS/CIzr1fpgF9pCUFu0UeGhqtAe",,0
"34880A8905F743899FEB657127017056","D03","JERC",,"40.3.1",31.194405,-84.477183,"WGS84",0.5,"2014-06-19",1,"DIV.JERC.2014.1","Y","soil",0.5,"NEON.DOC.014042","qwd4SsQjkwojVAYuvLRi2I6c493EEc9K","n2lGiQS/CIzr1fpgF9pCUFu0UeGhqtAe",,0
"5589494A02474FFAA79D0294DF18EE63","D03","JERC",,"32.2.1",31.194231,-84.476977,"WGS84",0.4,"2014-06-19",1,"DIV.JERC.2014.1","Y","lichen",0.5,"NEON.DOC.014042","qwd4SsQjkwojVAYuvLRi2I6c493EEc9K","n2lGiQS/CIzr1fpgF9pCUFu0UeGhqtAe",,0
"7A73EA6FD8CB4910A3D02FCF3DC05AE9","D03","JERC",,"32.2.1",31.194231,-84.476977,"WGS84",0.4,"2014-06-19",1,"DIV.JERC.2014.1","Y","soil",0.5,"NEON.DOC.014042","qwd4SsQjkwojVAYuvLRi2I6c493EEc9K","n2lGiQS/CIzr1fpgF9pCUFu0UeGhqtAe",,0
"61D4183AFB4541DA8A5D285FDE3C8CE1","D03","JERC",,"32.4.1",31.194312,-84.476975,"WGS84",0.4,"2014-06-19",1,"DIV.JERC.2014.1","Y","overstory",50,"NEON.DOC.014042","qwd4SsQjkwojVAYuvLRi2I6c493EEc9K","n2lGiQS/CIzr1fpgF9pCUFu0UeGhqtAe",,0
"7DA17A3F2CFF4144BF172399D661643F","D03","JERC",,"32.4.1",31.194312,-84.476975,"WGS84",0.4,"2014-06-19",1,"DIV.JERC.2014.1","Y","litter",65,"NEON.DOC.014042","qwd4SsQjkwojVAYuvLRi2I6c493EEc9K","n2lGiQS/CIzr1fpgF9pCUFu0UeGhqtAe",,0
"761322F6ED934C2D9D75B32EC923B328","D03","JERC",,"41.1.1",31.194322,-84.477073,"WGS84",0.5,"2014-06-19",1,"DIV.JERC.2014.1","Y","wood",0.5,"NEON.DOC.014042","qwd4SsQjkwojVAYuvLRi2I6c493EEc9K","n2lGiQS/CIzr1fpgF9pCUFu0UeGhqtAe",,0
"6C7C3CFCE77448569472D879F8B13C80","D03","JERC",,"41.1.1",31.194322,-84.477073,"WGS84",0.5,"2014-06-19",1,"DIV.JERC.2014.1","Y","lichen",0.5,"NEON.DOC.014042","qwd4SsQjkwojVAYuvLRi2I6c493EEc9K","n2lGiQS/CIzr1fpgF9pCUFu0UeGhqtAe",,0
"3BE9D0535BE14595A736DEE022F94532","D03","JERC",,"31.1.1",31.194233,-84.477180,"WGS84",0.4,"2014-06-19",1,"DIV.JERC.2014.1","Y","soil",0.5,"NEON.DOC.014042","qwd4SsQjkwojVAYuvLRi2I6c493EEc9K","n2lGiQS/CIzr1fpgF9pCUFu0UeGhqtAe",,0
"C9EDF20CF01B4E7D9F41A0227B28FF6D","D03","JERC",,"31.1.1",31.194233,-84.477180,"WGS84",0.4,"2014-06-19",1,"DIV.JERC.2014.1","Y","standingDead",65,"NEON.DOC.014042","qwd4SsQjkwojVAYuvLRi2I6c493EEc9K","n2lGiQS/CIzr1fpgF9pCUFu0UeGhqtAe",,0
"BB7DC48BEE1644A6B8F2E674710C8359","D03","JERC",,"31.4.1",31.194313,-84.477083,"WGS84",0.5,"2014-06-19",1,"DIV.JERC.2014.1","Y","standingDead",0.5,"NEON.DOC.014042","qwd4SsQjkwojVAYuvLRi2I6c493EEc9K","n2lGiQS/CIzr1fpgF9pCUFu0UeGhqtAe",,0
"789B2DCF85BF40168DA7E0E737CD2C68","D03","JERC",,"40.1.1",31.194323,-84.477185,"WGS84",0.5,"2014-06-19",1,"DIV.JERC.2014.1","Y","soil",0.5,"NEON.DOC.014042","qwd4SsQjkwojVAYuvLRi2I6c493EEc9K","n2lGiQS/CIzr1fpgF9pCUFu0UeGhqtAe",,0
"93D3F7E4C003452EA1AEE0128240B9C5","D03","JERC",,"40.3.1",31.194405,-84.477183,"WGS84",0.5,"2014-06-19",1,"DIV.JERC.2014.1","Y","standingDead",0.5,"NEON.DOC.014042","qwd4SsQjkwojVAYuvLRi2I6c493EEc9K","n2lGiQS/CIzr1fpgF9pCUFu0UeGhqtAe",,0
"2EC2E3866AC84C9FB782163204C68627","D03","JERC",,"40.3.1",31.194405,-84.477183,"WGS84",0.5,"2014-06-19",1,"DIV.JERC.2014.1","Y","wood",1,"NEON.DOC.014042","qwd4SsQjkwojVAYuvLRi2I6c493EEc9K","n2lGiQS/CIzr1fpgF9pCUFu0UeGhqtAe",,0
"39030FEE0C5C49F7AB4DBA7B9FA729AE","D03","JERC",,"40.3.1",31.194405,-84.477183,"WGS84",0.5,"2014-06-19",1,"DIV.JERC.2014.1","Y","litter",30,"NEON.DOC.014042","qwd4SsQjkwojVAYuvLRi2I6c493EEc9K","n2lGiQS/CIzr1fpgF9pCUFu0UeGhqtAe",,0
"C771F6C079CF42A190479B094BC75460","D03","JERC",,"32.2.1",31.194231,-84.476977,"WGS84",0.4,"2014-06-19",1,"DIV.JERC.2014.1","Y","litter",40,"NEON.DOC.014042","qwd4SsQjkwojVAYuvLRi2I6c493EEc9K","n2lGiQS/CIzr1fpgF9pCUFu0UeGhqtAe",,0
"2C2054D79C9A47C0981840A929E472D0","D03","JERC",,"32.4.1",31.194312,-84.476975,"WGS84",0.4,"2014-06-19",1,"DIV.JERC.2014.1","Y","standingDead",0.5,"NEON.DOC.014042","qwd4SsQjkwojVAYuvLRi2I6c493EEc9K","n2lGiQS/CIzr1fpgF9pCUFu0UeGhqtAe",,0
"6ABD33F666794CC3B4D7B84286D54985","D03","JERC",,"32.4.1",31.194312,-84.476975,"WGS84",0.4,"2014-06-19",1,"DIV.JERC.2014.1","Y","wood",0.5,"NEON.DOC.014042","qwd4SsQjkwojVAYuvLRi2I6c493EEc9K","n2lGiQS/CIzr1fpgF9pCUFu0UeGhqtAe",,0
"D1F74B55BA7442F1ADC7274506493410","D03","JERC",,"32.4.1",31.194312,-84.476975,"WGS84",0.4,"2014-06-19",1,"DIV.JERC.2014.1","Y","soil",0.5,"NEON.DOC.014042","qwd4SsQjkwojVAYuvLRi2I6c493EEc9K","n2lGiQS/CIzr1fpgF9pCUFu0UeGhqtAe",,0
"DF5D63442CF24ED6AA61A480DEAB3C25","D03","JERC",,"40.1.1",31.194323,-84.477185,"WGS84",0.5,"2014-06-19",1,"DIV.JERC.2014.1","Y","litter",30,"NEON.DOC.014042","qwd4SsQjkwojVAYuvLRi2I6c493EEc9K","n2lGiQS/CIzr1fpgF9pCUFu0UeGhqtAe",,0
"18540C67A2A945E9B7302E72A661EB54","D03","JERC",,"31.1.1",31.194233,-84.477180,"WGS84",0.4,"2014-06-19",1,"DIV.JERC.2014.1","Y","wood",0.5,"NEON.DOC.014042","qwd4SsQjkwojVAYuvLRi2I6c493EEc9K","n2lGiQS/CIzr1fpgF9pCUFu0UeGhqtAe",,0
"D77C47E956204EE49CF5EC4B7DE0434E","D03","JERC",,"31.4.1",31.194313,-84.477083,"WGS84",0.5,"2014-06-19",1,"DIV.JERC.2014.1","Y","litter",20,"NEON.DOC.014042","qwd4SsQjkwojVAYuvLRi2I6c493EEc9K","n2lGiQS/CIzr1fpgF9pCUFu0UeGhqtAe",,0
"E8BE84963CF14F1B9005328F9B8050B4","D03","JERC",,"31.4.1",31.194313,-84.477083,"WGS84",0.5,"2014-06-19",1,"DIV.JERC.2014.1","Y","lichen",0.5,"NEON.DOC.014042","qwd4SsQjkwojVAYuvLRi2I6c493EEc9K","n2lGiQS/CIzr1fpgF9pCUFu0UeGhqtAe",,0
"07ECAAD8B7584FC494413F85ADF1F0F5","D03","JERC",,"32.2.1",31.194231,-84.476977,"WGS84",0.4,"2014-06-19",1,"DIV.JERC.2014.1","Y","wood",0.5,"NEON.DOC.014042","qwd4SsQjkwojVAYuvLRi2I6c493EEc9K","n2lGiQS/CIzr1fpgF9pCUFu0UeGhqtAe",,0
"8EC57A8D863943E6A7DF4ECD19767C36","D03","JERC",,"31.1.1",31.187591,-84.455954,"WGS84",0.5,"2014-08-07",1,"DIV.JERC.2014.1","Y","wood",0.5,"NEON.DOC.014042","qwd4SsQjkwojVAYuvLRi2I6c493EEc9K","DCSbvLoRWMwR6lENA9DqqJdtFC/JgN1y",,0
"6D0C8A5B8DEC445B9D452E80032156DD","D03","JERC",,"31.1.1",31.187591,-84.455954,"WGS84",0.5,"2014-08-07",1,"DIV.JERC.2014.1","Y","soil",10,"NEON.DOC.014042","qwd4SsQjkwojVAYuvLRi2I6c493EEc9K","DCSbvLoRWMwR6lENA9DqqJdtFC/JgN1y",,0
"030C750A0D214250AF84803DC2E8C314","D03","JERC",,"31.4.1",31.187667,-84.455857,"WGS84",0.4,"2014-08-07",1,"DIV.JERC.2014.1","Y","standingDead",10,"NEON.DOC.014042","qwd4SsQjkwojVAYuvLRi2I6c493EEc9K","DCSbvLoRWMwR6lENA9DqqJdtFC/JgN1y",,0
"A7841C8C38E3454DA7D3BF3DB76749B6","D03","JERC",,"31.4.1",31.187667,-84.455857,"WGS84",0.4,"2014-08-07",1,"DIV.JERC.2014.1","Y","moss",0.5,"NEON.DOC.014042","qwd4SsQjkwojVAYuvLRi2I6c493EEc9K","DCSbvLoRWMwR6lENA9DqqJdtFC/JgN1y",,0
"D2464F568A0D41739E22E0DB395B8F8A","D03","JERC",,"32.2.1",31.187588,-84.455756,"WGS84",0.4,"2014-08-07",1,"DIV.JERC.2014.1","Y","overstory",50,"NEON.DOC.014042","qwd4SsQjkwojVAYuvLRi2I6c493EEc9K","DCSbvLoRWMwR6lENA9DqqJdtFC/JgN1y",,0
"CE613E10F5AB4C36BF3F9EE62D52671C","D03","JERC",,"32.2.1",31.187588,-84.455756,"WGS84",0.4,"2014-08-07",1,"DIV.JERC.2014.1","Y","wood",2,"NEON.DOC.014042","qwd4SsQjkwojVAYuvLRi2I6c493EEc9K","DCSbvLoRWMwR6lENA9DqqJdtFC/JgN1y",,0
"456A9E0A47DC4E8999EB9619095F8611","D03","JERC",,"32.2.1",31.187588,-84.455756,"WGS84",0.4,"2014-08-07",1,"DIV.JERC.2014.1","Y","litter",2,"NEON.DOC.014042","qwd4SsQjkwojVAYuvLRi2I6c493EEc9K","DCSbvLoRWMwR6lENA9DqqJdtFC/JgN1y",,0
"DBD9BFD5F9C8446EB050F1755EAD2DF4","D03","JERC",,"32.4.1",31.187669,-84.455754,"WGS84",0.4,"2014-08-07",1,"DIV.JERC.2014.1","Y","overstory",70,"NEON.DOC.014042","qwd4SsQjkwojVAYuvLRi2I6c493EEc9K","DCSbvLoRWMwR6lENA9DqqJdtFC/JgN1y",,0
"41FF3B0BD6C0407E9FDFD6D4853BBF5E","D03","JERC",,"32.4.1",31.187669,-84.455754,"WGS84",0.4,"2014-08-07",1,"DIV.JERC.2014.1","Y","wood",1,"NEON.DOC.014042","qwd4SsQjkwojVAYuvLRi2I6c493EEc9K","DCSbvLoRWMwR6lENA9DqqJdtFC/JgN1y",,0
"F93BC65C79E04462B7C0A3E84FE0E02F","D03","JERC",,"32.4.1",31.187669,-84.455754,"WGS84",0.4,"2014-08-07",1,"DIV.JERC.2014.1","Y","soil",0.5,"NEON.DOC.014042","qwd4SsQjkwojVAYuvLRi2I6c493EEc9K","DCSbvLoRWMwR6lENA9DqqJdtFC/JgN1y",,0
"34AC1FD289C74F0696D308BF1EE5B789","D03","JERC",,"40.1.1",31.187678,-84.455954,"WGS84",0.4,"2014-08-07",1,"DIV.JERC.2014.1","Y","soil",5,"NEON.DOC.014042","qwd4SsQjkwojVAYuvLRi2I6c493EEc9K","DCSbvLoRWMwR6lENA9DqqJdtFC/JgN1y",,0
"58D94C53EC2F4A6489F028B106280AF5","D03","JERC",,"40.1.1",31.187678,-84.455954,"WGS84",0.4,"2014-08-07",1,"DIV.JERC.2014.1","Y","standingDead",7,"NEON.DOC.014042","qwd4SsQjkwojVAYuvLRi2I6c493EEc9K","DCSbvLoRWMwR6lENA9DqqJdtFC/JgN1y",,0
"5762F930F8964E2EB8FBAFE288493360","D03","JERC",,"40.3.1",31.187759,-84.455952,"WGS84",0.4,"2014-08-07",1,"DIV.JERC.2014.1","Y","standingDead",2,"NEON.DOC.014042","qwd4SsQjkwojVAYuvLRi2I6c493EEc9K","DCSbvLoRWMwR6lENA9DqqJdtFC/JgN1y",,0
"B6ACBA23E0264A4B9199C5A154C9EEB4","D03","JERC",,"40.3.1",31.187759,-84.455952,"WGS84",0.4,"2014-08-07",1,"DIV.JERC.2014.1","Y","wood",1,"NEON.DOC.014042","qwd4SsQjkwojVAYuvLRi2I6c493EEc9K","DCSbvLoRWMwR6lENA9DqqJdtFC/JgN1y",,0
"69D4567C4E26499BA188CCC11EB41E16","D03","JERC",,"41.1.1",31.187676,-84.455846,"WGS84",0.4,"2014-08-07",1,"DIV.JERC.2014.1","Y","standingDead",0.5,"NEON.DOC.014042","qwd4SsQjkwojVAYuvLRi2I6c493EEc9K","DCSbvLoRWMwR6lENA9DqqJdtFC/JgN1y",,0
"9042A3D6D0E748B184D96101E6D231F4","D03","JERC",,"41.1.1",31.187676,-84.455846,"WGS84",0.4,"2014-08-07",1,"DIV.JERC.2014.1","Y","litter",2,"NEON.DOC.014042","qwd4SsQjkwojVAYuvLRi2I6c493EEc9K","DCSbvLoRWMwR6lENA9DqqJdtFC/JgN1y",,0
"A6D8E75BF63D4C099BE6948C6F4EE2E9","D03","JERC",,"41.4.1",31.187762,-84.455760,"WGS84",0.5,"2014-08-07",1,"DIV.JERC.2014.1","Y","litter",18,"NEON.DOC.014042","qwd4SsQjkwojVAYuvLRi2I6c493EEc9K","DCSbvLoRWMwR6lENA9DqqJdtFC/JgN1y",,0
"8A14E179D0B4441E8096E11117CCB88F","D03","JERC",,"41.4.1",31.187762,-84.455760,"WGS84",0.5,"2014-08-07",1,"DIV.JERC.2014.1","Y","standingDead",1,"NEON.DOC.014042","qwd4SsQjkwojVAYuvLRi2I6c493EEc9K","DCSbvLoRWMwR6lENA9DqqJdtFC/JgN1y",,0
"C64D2158F4404BCAA9D767367C8CA72E","D03","JERC",,"31.1.1",31.187591,-84.455954,"WGS84",0.5,"2014-08-07",1,"DIV.JERC.2014.1","Y","litter",6,"NEON.DOC.014042","qwd4SsQjkwojVAYuvLRi2I6c493EEc9K","DCSbvLoRWMwR6lENA9DqqJdtFC/JgN1y",,0
"D7BD47183B9840EF8962E2F35F7DA351","D03","JERC",,"31.4.1",31.187667,-84.455857,"WGS84",0.4,"2014-08-07",1,"DIV.JERC.2014.1","Y","wood",3,"NEON.DOC.014042","qwd4SsQjkwojVAYuvLRi2I6c493EEc9K","DCSbvLoRWMwR6lENA9DqqJdtFC/JgN1y",,0
"4F85DE80EDC041E99A8DA7A0B14F7048","D03","JERC",,"31.4.1",31.187667,-84.455857,"WGS84",0.4,"2014-08-07",1,"DIV.JERC.2014.1","Y","soil",1,"NEON.DOC.014042","qwd4SsQjkwojVAYuvLRi2I6c493EEc9K","DCSbvLoRWMwR6lENA9DqqJdtFC/JgN1y",,0
"3AAD542BAD6D4B67997CB42E7358AF7D","D03","JERC",,"31.4.1",31.187667,-84.455857,"WGS84",0.4,"2014-08-07",1,"DIV.JERC.2014.1","Y","litter",1,"NEON.DOC.014042","qwd4SsQjkwojVAYuvLRi2I6c493EEc9K","DCSbvLoRWMwR6lENA9DqqJdtFC/JgN1y",,0
"D42E179C28C04579940694790A841A12","D03","JERC",,"32.2.1",31.187588,-84.455756,"WGS84",0.4,"2014-08-07",1,"DIV.JERC.2014.1","Y","soil",0.5,"NEON.DOC.014042","qwd4SsQjkwojVAYuvLRi2I6c493EEc9K","DCSbvLoRWMwR6lENA9DqqJdtFC/JgN1y",,0
"C6B18C69DCC04C43ACF4C578B86D5638","D03","JERC",,"32.4.1",31.187669,-84.455754,"WGS84",0.4,"2014-08-07",1,"DIV.JERC.2014.1","Y","lichen",0.5,"NEON.DOC.014042","qwd4SsQjkwojVAYuvLRi2I6c493EEc9K","DCSbvLoRWMwR6lENA9DqqJdtFC/JgN1y",,0
"6043FFE37F994FA9B8ABC640B033F190","D03","JERC",,"32.4.1",31.187669,-84.455754,"WGS84",0.4,"2014-08-07",1,"DIV.JERC.2014.1","Y","standingDead",4,"NEON.DOC.014042","qwd4SsQjkwojVAYuvLRi2I6c493EEc9K","DCSbvLoRWMwR6lENA9DqqJdtFC/JgN1y",,0
"DFB439106A4D41D4B0384A793B4C9398","D03","JERC",,"32.4.1",31.187669,-84.455754,"WGS84",0.4,"2014-08-07",1,"DIV.JERC.2014.1","Y","litter",3,"NEON.DOC.014042","qwd4SsQjkwojVAYuvLRi2I6c493EEc9K","DCSbvLoRWMwR6lENA9DqqJdtFC/JgN1y",,0
"6B70A248A6EE4AF8B9DD33E8ADDEB82F","D03","JERC",,"40.1.1",31.187678,-84.455954,"WGS84",0.4,"2014-08-07",1,"DIV.JERC.2014.1","Y","overstory",0.5,"NEON.DOC.014042","qwd4SsQjkwojVAYuvLRi2I6c493EEc9K","DCSbvLoRWMwR6lENA9DqqJdtFC/JgN1y",,0
"82986075491941DBBD10B45F53B74FFD","D03","JERC",,"40.1.1",31.187678,-84.455954,"WGS84",0.4,"2014-08-07",1,"DIV.JERC.2014.1","Y","litter",4,"NEON.DOC.014042","qwd4SsQjkwojVAYuvLRi2I6c493EEc9K","DCSbvLoRWMwR6lENA9DqqJdtFC/JgN1y",,0
"B3446CCE41D940E39F34FFD7B75D8EF0","D03","JERC",,"40.3.1",31.187759,-84.455952,"WGS84",0.4,"2014-08-07",1,"DIV.JERC.2014.1","Y","soil",12,"NEON.DOC.014042","qwd4SsQjkwojVAYuvLRi2I6c493EEc9K","DCSbvLoRWMwR6lENA9DqqJdtFC/JgN1y",,0
"59C3BA366E274B89AB3CF6FB2972471E","D03","JERC",,"40.3.1",31.187759,-84.455952,"WGS84",0.4,"2014-08-07",1,"DIV.JERC.2014.1","Y","litter",6,"NEON.DOC.014042","qwd4SsQjkwojVAYuvLRi2I6c493EEc9K","DCSbvLoRWMwR6lENA9DqqJdtFC/JgN1y",,0
"641540BD8C024499BDE4CA83429963B4","D03","JERC",,"41.1.1",31.187676,-84.455846,"WGS84",0.4,"2014-08-07",1,"DIV.JERC.2014.1","Y","soil",0.5,"NEON.DOC.014042","qwd4SsQjkwojVAYuvLRi2I6c493EEc9K","DCSbvLoRWMwR6lENA9DqqJdtFC/JgN1y",,0
"8F538D3357EE4635B612342ACADDA68D","D03","JERC",,"41.1.1",31.187676,-84.455846,"WGS84",0.4,"2014-08-07",1,"DIV.JERC.2014.1","Y","wood",0.5,"NEON.DOC.014042","qwd4SsQjkwojVAYuvLRi2I6c493EEc9K","DCSbvLoRWMwR6lENA9DqqJdtFC/JgN1y",,0
"D3BA027197CD4BC789986EC717148ADC","D03","JERC",,"41.4.1",31.187762,-84.455760,"WGS84",0.5,"2014-08-07",1,"DIV.JERC.2014.1","Y","soil",2,"NEON.DOC.014042","qwd4SsQjkwojVAYuvLRi2I6c493EEc9K","DCSbvLoRWMwR6lENA9DqqJdtFC/JgN1y",,0
"DF1A5BB364D04F15BDE8646CE4C018E0","D03","JERC",,"41.4.1",31.187762,-84.455760,"WGS84",0.5,"2014-08-07",1,"DIV.JERC.2014.1","Y","wood",0.5,"NEON.DOC.014042","qwd4SsQjkwojVAYuvLRi2I6c493EEc9K","DCSbvLoRWMwR6lENA9DqqJdtFC/JgN1y",,0
