"uid","domainID","siteID","plotID","decimalLatitude","decimalLongitude","geodeticDatum","coordinateUncertainty","nlcdClass","elevation","elevationUncertainty","date","boutNumber","eventID","targetTaxaPresent","taxonID","scientificName","taxonRank","identificationQualifier","morphospeciesID","samplingProtocol","identificationReferences","measuredBy","taxonIDRemarks","morphospeciesIDRemarks","remarks","missingRecords1m2QF","missingRecords10m2QF","missingRecords100m2QF"
"C30085A52211436492D457B7EA3D3472","D11","OAES",,,,,,"grasslandHerbaceous",,,"2015-06-09",1,"DIV.OAES.2015.1","Y","SORO","Solanum rostratum Dunal","species",,,"NEON.DOC.014042",,"nLY7eam4tn5KvmhUGKXYjL1ERBP4294P",,,,0,0,0
"544C6EE2178940A0B22E98317E8AD81B","D11","OAES",,,,,,"grasslandHerbaceous",,,"2015-06-09",1,"DIV.OAES.2015.1","Y","CAPU11","Castilleja purpurea (Nutt.) G. Don","species",,,"NEON.DOC.014042",,"nLY7eam4tn5KvmhUGKXYjL1ERBP4294P",,,,0,0,0
"17953C6A2A9D4D3EB602EBA44CFB0F4C","D11","OAES",,,,,,"grasslandHerbaceous",,,"2015-06-09",1,"DIV.OAES.2015.1","Y","BOCU","Bouteloua curtipendula (Michx.) Torr.","species",,,"NEON.DOC.014042",,"C0Kcj60NM2i6Hyiei+7ZMrFcIelEO7Hg",,,,0,0,0
"F90100B5E94648E6952F910B3FBF562D","D11","OAES",,,,,,"grasslandHerbaceous",,,"2015-06-09",1,"DIV.OAES.2015.1","Y","OPHU","Opuntia humifusa (Raf.) Raf.","species",,,"NEON.DOC.014042",,"nLY7eam4tn5KvmhUGKXYjL1ERBP4294P",,,,0,0,0
"2B6FA081E8674A55B8B7C17BE7FED0FC","D11","OAES",,,,,,"grasslandHerbaceous",,,"2015-06-09",1,"DIV.OAES.2015.1","Y","EVNU","Evolvulus nuttallianus Schult.","species",,,"NEON.DOC.014042",,"nLY7eam4tn5KvmhUGKXYjL1ERBP4294P",,,,0,0,0
"A465FCDE478A457FAD90DB31673EB57E","D11","OAES",,,,,,"grasslandHerbaceous",,,"2015-06-09",1,"DIV.OAES.2015.1","Y","PHHE5","Physalis heterophylla Nees","species","cf. species",,"NEON.DOC.014042",,"nLY7eam4tn5KvmhUGKXYjL1ERBP4294P",,,,0,0,0
"D478CA4E3EF74521B6998130214184FF","D11","OAES",,,,,,"grasslandHerbaceous",,,"2015-06-09",1,"DIV.OAES.2015.1","Y","ASTRA","Astragalus sp.","genus",,,"NEON.DOC.014042",,"nLY7eam4tn5KvmhUGKXYjL1ERBP4294P",,,,0,0,0
"F06FD4F0921043879733269513F8337C","D11","OAES",,,,,,"grasslandHerbaceous",,,"2015-06-09",1,"DIV.OAES.2015.1","Y","TRDU","Tragopogon dubius Scop.","species",,,"NEON.DOC.014042",,"nLY7eam4tn5KvmhUGKXYjL1ERBP4294P",,,,0,0,0
"1AE41CF476B544B188F18021026850B0","D11","OAES",,,,,,"grasslandHerbaceous",,,"2015-06-09",1,"DIV.OAES.2015.1","Y","CIUN","Cirsium undulatum (Nutt.) Spreng.","species",,,"NEON.DOC.014042",,"nLY7eam4tn5KvmhUGKXYjL1ERBP4294P",,,,0,0,0
"F6E55EFE4C5541A88B04A752B086C93E","D11","OAES",,,,,,"grasslandHerbaceous",,,"2015-06-09",1,"DIV.OAES.2015.1","Y","ARSE2","Arenaria serpyllifolia L.","species",,,"NEON.DOC.014042",,"nLY7eam4tn5KvmhUGKXYjL1ERBP4294P",,,,0,0,0
"7FB9041BD267464C9060F18101F1A983","D11","OAES",,,,,,"grasslandHerbaceous",,,"2015-06-09",1,"DIV.OAES.2015.1","Y","ERLO5","Eriogonum longifolium Nutt.","species",,,"NEON.DOC.014042",,"nLY7eam4tn5KvmhUGKXYjL1ERBP4294P",,,,0,0,0
"0823A772D68C420690AC09B99B5B8DB0","D11","OAES",,,,,,"grasslandHerbaceous",,,"2015-06-09",1,"DIV.OAES.2015.1","Y","EULO2","Euphorbia longicruris Scheele","species",,,"NEON.DOC.014042",,"C0Kcj60NM2i6Hyiei+7ZMrFcIelEO7Hg",,,,0,0,0
"CD3B156933384ADEA61A777138C674B7","D11","OAES",,,,,,"grasslandHerbaceous",,,"2015-06-09",1,"DIV.OAES.2015.1","Y","TRRA5","Tragia ramosa Torr.","species",,,"NEON.DOC.014042",,"nLY7eam4tn5KvmhUGKXYjL1ERBP4294P",,,,0,0,0
"0E1D076C9903483BBDBBFEEDB09AEC08","D11","OAES",,,,,,"grasslandHerbaceous",,,"2015-06-09",1,"DIV.OAES.2015.1","Y","DAPU5","Dalea purpurea Vent.","species",,,"NEON.DOC.014042",,"nLY7eam4tn5KvmhUGKXYjL1ERBP4294P",,,,0,0,0
"44697A766FFF41CDA795CC7E5DBA6B12","D11","OAES",,,,,,"grasslandHerbaceous",,,"2015-06-09",1,"DIV.OAES.2015.1","Y","LALU","Lactuca ludoviciana (Nutt.) Riddell","species",,,"NEON.DOC.014042",,"nLY7eam4tn5KvmhUGKXYjL1ERBP4294P",,,,0,0,0
"F985A72D391F444AA717998C0705856D","D11","OAES",,,,,,"grasslandHerbaceous",,,"2015-06-09",1,"DIV.OAES.2015.1","Y","THFI","Thelesperma filifolium (Hook.) A. Gray","species","cf. genus",,"NEON.DOC.014042",,"nLY7eam4tn5KvmhUGKXYjL1ERBP4294P",,,,0,0,0
"44F7E7CDCF864336B7A55E0A7DD3C826","D11","OAES",,,,,,"grasslandHerbaceous",,,"2015-06-09",1,"DIV.OAES.2015.1","Y","SCRE3","Scutellaria resinosa Torr.","species",,,"NEON.DOC.014042",,"nLY7eam4tn5KvmhUGKXYjL1ERBP4294P",,,,0,0,0
"DA82359A22B8478CA56CF43B0B6ACA24","D11","OAES",,,,,,"grasslandHerbaceous",,,"2015-06-09",1,"DIV.OAES.2015.1","Y","OXDI2","Oxalis dillenii Jacq.","species",,,"NEON.DOC.014042",,"nLY7eam4tn5KvmhUGKXYjL1ERBP4294P",,,,0,0,0
"5481F33FE6C6465EAD8A7E60D93A2976","D11","OAES",,,,,,"grasslandHerbaceous",,,"2015-06-09",1,"DIV.OAES.2015.1","Y","SPEC2","Spermolepis echinata (Nutt. ex DC.) A. Heller","species","cf. species",,"NEON.DOC.014042",,"C9GzU2YIgNp6Vw0n+VOm12lcWzn+J9JF",,,,0,0,0
"5A80EF8AB6DD4249B7B9124FE8083988","D11","OAES",,,,,,"grasslandHerbaceous",,,"2015-06-09",1,"DIV.OAES.2015.1","Y","CABEP2","Calylophus berlandieri Spach ssp. pinifolius (Engelm. ex A. Gray) Towner","subspecies",,,"NEON.DOC.014042",,"nLY7eam4tn5KvmhUGKXYjL1ERBP4294P",,,,0,0,0
"AE340FC0D2AB46E5BF755E301481CCD8","D11","OAES",,,,,,"grasslandHerbaceous",,,"2015-06-09",1,"DIV.OAES.2015.1","Y","CEBR3","Cerastium brachypodum (Engelm. ex A. Gray) B.L. Rob.","species",,,"NEON.DOC.014042",,"C9GzU2YIgNp6Vw0n+VOm12lcWzn+J9JF",,,,0,0,0
"28C92062BD51458D9574EC1591DE5080","D11","OAES",,,,,,"grasslandHerbaceous",,,"2015-06-09",1,"DIV.OAES.2015.1","Y","BODA2","Bouteloua dactyloides (Nutt.) J.T. Columbus","species",,,"NEON.DOC.014042",,"nLY7eam4tn5KvmhUGKXYjL1ERBP4294P",,,,0,0,0
"B7802C481D7C4D369F1DF78573E94364","D11","OAES",,,,,,"grasslandHerbaceous",,,"2015-06-09",1,"DIV.OAES.2015.1","Y","ASAS","Asclepias asperula (Decne.) Woodson","species",,,"NEON.DOC.014042",,"nLY7eam4tn5KvmhUGKXYjL1ERBP4294P",,,,0,0,0
"314E143150944A298C7FC91CA6565F47","D11","OAES",,,,,,"grasslandHerbaceous",,,"2015-06-09",1,"DIV.OAES.2015.1","Y","GRAD2","Grindelia adenodonta (Steyerm.) G.L. Nesom","species",,,"NEON.DOC.014042",,"nLY7eam4tn5KvmhUGKXYjL1ERBP4294P",,,,0,0,0
"4A74F583EB594095A08FC08F55B071A9","D11","OAES",,,,,,"grasslandHerbaceous",,,"2015-06-09",1,"DIV.OAES.2015.1","Y","CAHAF","Calylophus hartwegii (Benth.) P.H. Raven ssp. fendleri (A. Gray) Towner & P.H. Raven","subspecies",,,"NEON.DOC.014042",,"nLY7eam4tn5KvmhUGKXYjL1ERBP4294P",,,,0,0,0
"D3E4E004AD3846A99B43D9541EA99D1C","D11","OAES",,,,,,"grasslandHerbaceous",,,"2015-06-09",1,"DIV.OAES.2015.1","Y","LIPR","Linum pratense (Norton) Small","species",,,"NEON.DOC.014042",,"nLY7eam4tn5KvmhUGKXYjL1ERBP4294P",,,,0,0,0
"7D87B45F07DE47CCB1A1DFAA329F5601","D11","OAES",,,,,,"grasslandHerbaceous",,,"2015-06-09",1,"DIV.OAES.2015.1","Y","PSTE5","Psoralidium tenuiflorum (Pursh) Rydb.","species",,,"NEON.DOC.014042",,"nLY7eam4tn5KvmhUGKXYjL1ERBP4294P",,,,0,0,0
"63BE0891170343CCA5495C1780D358E6","D11","OAES",,,,,,"grasslandHerbaceous",,,"2015-06-09",1,"DIV.OAES.2015.1","Y","DESO2","Descurainia sophia (L.) Webb ex Prantl","species",,,"NEON.DOC.014042",,"nLY7eam4tn5KvmhUGKXYjL1ERBP4294P",,,,0,0,0
"890A91E3717C40C3BEFAA450A94E89CF","D11","OAES",,,,,,"grasslandHerbaceous",,,"2015-06-09",1,"DIV.OAES.2015.1","Y","PLVI","Plantago virginica L.","species",,,"NEON.DOC.014042",,"nLY7eam4tn5KvmhUGKXYjL1ERBP4294P",,,,0,0,0
"501AE3D4948A4FA0AC4443D6DFA0ACB4","D11","OAES",,,,,,"grasslandHerbaceous",,,"2015-06-09",1,"DIV.OAES.2015.1","Y","ZIGR","Zinnia grandiflora Nutt.","species",,,"NEON.DOC.014042",,"nLY7eam4tn5KvmhUGKXYjL1ERBP4294P",,,,0,0,0
"EE88008B07164685858C7CEDADEFDDAC","D11","OAES",,,,,,"grasslandHerbaceous",,,"2015-06-09",1,"DIV.OAES.2015.1","Y","AECY","Aegilops cylindrica Host","species",,,"NEON.DOC.014042",,"nLY7eam4tn5KvmhUGKXYjL1ERBP4294P",,,,0,0,0
"137272E4AC15493CAEAB11B71EBFA7ED","D11","OAES",,,,,,"grasslandHerbaceous",,,"2015-06-09",1,"DIV.OAES.2015.1","Y","EVPR","Evax prolifera Nutt. ex DC.","species",,,"NEON.DOC.014042",,"nLY7eam4tn5KvmhUGKXYjL1ERBP4294P",,,,0,0,0
"8D5B7695DC1C4345BF4BBA9016CB7507","D11","OAES",,,,,,"grasslandHerbaceous",,,"2015-06-09",1,"DIV.OAES.2015.1","Y","LASE","Lactuca serriola L.","species",,,"NEON.DOC.014042",,"nLY7eam4tn5KvmhUGKXYjL1ERBP4294P",,,,0,0,0
"6B30B22E8C6B4E38AA9C83A31E51DA73","D11","OAES",,,,,,"grasslandHerbaceous",,,"2015-06-09",1,"DIV.OAES.2015.1","Y","EUMA8","Euphorbia marginata Pursh","species",,,"NEON.DOC.014042",,"nLY7eam4tn5KvmhUGKXYjL1ERBP4294P",,,,0,0,0
"F9B7E39D394A45D1A8790BF31A9CCDCC","D11","OAES",,,,,,"grasslandHerbaceous",,,"2015-06-09",1,"DIV.OAES.2015.1","Y","PLPA2","Plantago patagonica Jacq.","species",,,"NEON.DOC.014042",,"nLY7eam4tn5KvmhUGKXYjL1ERBP4294P",,,,0,0,0
"94F512FC42B348A7A7F2DE3EB131C675","D11","OAES",,,,,,"grasslandHerbaceous",,,"2015-06-09",1,"DIV.OAES.2015.1","Y","2PLANT","Unknown plant","kingdom",,"Sage-like","NEON.DOC.014042",,"nLY7eam4tn5KvmhUGKXYjL1ERBP4294P",,,,0,0,0
"ADA9AD33A6AE4D55842F94085DEC3811","D11","OAES",,,,,,"grasslandHerbaceous",,,"2015-06-09",1,"DIV.OAES.2015.1","Y","TRFL2","Tridens flavus (L.) Hitchc.","species",,,"NEON.DOC.014042",,"nLY7eam4tn5KvmhUGKXYjL1ERBP4294P",,,,0,0,0
"571C7FB0C8A64670A299002D693E1658","D11","OAES",,,,,,"grasslandHerbaceous",,,"2015-06-09",1,"DIV.OAES.2015.1","Y","2PLANT","Unknown plant","kingdom",,"2-pea","NEON.DOC.014042",,"nLY7eam4tn5KvmhUGKXYjL1ERBP4294P",,,,0,0,0
"780745041984474FABE4BD4584348C92","D11","OAES",,,,,,"grasslandHerbaceous",,,"2015-06-09",1,"DIV.OAES.2015.1","Y","LEVI3","Lepidium virginicum L.","species",,,"NEON.DOC.014042",,"nLY7eam4tn5KvmhUGKXYjL1ERBP4294P",,,,0,0,0
"5185C04D27B74077AF9AF34EFB9A0D39","D11","OAES",,,,,,"grasslandHerbaceous",,,"2015-06-09",1,"DIV.OAES.2015.1","Y","CONYZ","Conyza sp.","genus","cf. genus",,"NEON.DOC.014042",,"C0Kcj60NM2i6Hyiei+7ZMrFcIelEO7Hg",,,,0,0,0
"6DE35F3B542A49C991A69C7283B310FF","D11","OAES",,,,,,"grasslandHerbaceous",,,"2015-06-09",1,"DIV.OAES.2015.1","Y","GACO5","Gaura coccinea Nutt. ex Pursh","species",,,"NEON.DOC.014042",,"nLY7eam4tn5KvmhUGKXYjL1ERBP4294P",,,,0,0,0
"3C49A40CEF1546FD88566BA8820550DE","D11","OAES",,,,,,"grasslandHerbaceous",,,"2015-06-09",1,"DIV.OAES.2015.1","Y","SALVI","Salvia sp.","genus",,,"NEON.DOC.014042",,"nLY7eam4tn5KvmhUGKXYjL1ERBP4294P",,,,0,0,0
"8714B506F1F548B694D1A4245B91D9E3","D11","OAES",,,,,,"grasslandHerbaceous",,,"2015-06-09",1,"DIV.OAES.2015.1","Y","BRTE","Bromus tectorum L.","species",,,"NEON.DOC.014042",,"nLY7eam4tn5KvmhUGKXYjL1ERBP4294P",,,,0,0,0
"7171B9ADC95E46B8AB64C20247117213","D11","OAES",,,,,,"grasslandHerbaceous",,,"2015-06-09",1,"DIV.OAES.2015.1","Y","BASC5","Bassia scoparia (L.) A.J. Scott","species",,,"NEON.DOC.014042",,"nLY7eam4tn5KvmhUGKXYjL1ERBP4294P",,,,0,0,0
"1142C77D31C3417B8BB3F25A9633D5ED","D11","OAES",,,,,,"grasslandHerbaceous",,,"2015-06-09",1,"DIV.OAES.2015.1","Y","BOLA2","Bothriochloa laguroides (DC.) Herter","species",,,"NEON.DOC.014042",,"nLY7eam4tn5KvmhUGKXYjL1ERBP4294P",,,,0,0,0
"F080500989784574926D57DC075DEA47","D11","OAES",,,,,,"grasslandHerbaceous",,,"2015-06-09",1,"DIV.OAES.2015.1","Y","2PLANT","Unknown plant","kingdom",,"Sage-like","NEON.DOC.014042",,"C9GzU2YIgNp6Vw0n+VOm12lcWzn+J9JF",,,,0,0,0
"711CC72270E44F9CB0212BA14550DA41","D11","OAES",,,,,,"grasslandHerbaceous",,,"2015-06-09",1,"DIV.OAES.2015.1","Y","ALCA3","Allium canadense L.","species",,,"NEON.DOC.014042",,"nLY7eam4tn5KvmhUGKXYjL1ERBP4294P",,,,0,0,0
"42CA53C0C02045FB821996537C704D65","D11","OAES",,,,,,"grasslandHerbaceous",,,"2015-06-09",1,"DIV.OAES.2015.1","Y","AMPS","Ambrosia psilostachya DC.","species",,,"NEON.DOC.014042",,"nLY7eam4tn5KvmhUGKXYjL1ERBP4294P",,,,0,0,0
"11ABFE2834244A8B93427A461A8DA695","D11","OAES",,,,,,"grasslandHerbaceous",,,"2015-06-09",1,"DIV.OAES.2015.1","Y","ASNU4","Astragalus nuttallianus DC.","species",,,"NEON.DOC.014042",,"nLY7eam4tn5KvmhUGKXYjL1ERBP4294P",,,,0,0,0
"B850A04ECF25470E879E4D7AC3B751CB","D11","OAES",,,,,,"grasslandHerbaceous",,,"2015-06-09",1,"DIV.OAES.2015.1","Y","BOGR2","Bouteloua gracilis (Willd. ex Kunth) Lag. ex Griffiths","species",,,"NEON.DOC.014042",,"nLY7eam4tn5KvmhUGKXYjL1ERBP4294P",,,,0,0,0
"DBAD946277DE4385B3C011295DE44542","D11","OAES",,,,,,"grasslandHerbaceous",,,"2015-06-09",1,"DIV.OAES.2015.1","Y","PONU4","Polytaenia nuttallii DC.","species",,,"NEON.DOC.014042",,"nLY7eam4tn5KvmhUGKXYjL1ERBP4294P",,,,0,0,0
"1E2CDD5D971943DEA3CF4DF051E83A57","D11","OAES",,,,,,"grasslandHerbaceous",,,"2015-06-09",1,"DIV.OAES.2015.1","Y","ERIGE2","Erigeron sp.","genus","cf. genus",,"NEON.DOC.014042",,"nLY7eam4tn5KvmhUGKXYjL1ERBP4294P",,,,0,0,0
"907BE26EEE51473BAE9878333F31243C","D11","OAES",,,,,,"grasslandHerbaceous",,,"2015-06-09",1,"DIV.OAES.2015.1","Y","TELI3","Tetraneuris linearifolia (Hook.) Greene","species",,,"NEON.DOC.014042",,"nLY7eam4tn5KvmhUGKXYjL1ERBP4294P",,,,0,0,0
"2A2BF5074BF842AFA90CC3B5D5A601F8","D11","OAES",,,,,,"grasslandHerbaceous",,,"2015-06-09",1,"DIV.OAES.2015.1","Y","SERI2","Senecio riddellii Torr. & A. Gray","species",,,"NEON.DOC.014042",,"nLY7eam4tn5KvmhUGKXYjL1ERBP4294P",,,,0,0,0
"E557830B714544F7B408888A11BEB92D","D11","OAES",,,,,,"grasslandHerbaceous",,,"2015-06-09",1,"DIV.OAES.2015.1","Y","OPMA2","Opuntia macrorhiza Engelm.","species",,,"NEON.DOC.014042",,"nLY7eam4tn5KvmhUGKXYjL1ERBP4294P",,,,0,0,0
"B751A27C2468467FAADA196818081591","D11","OAES",,,,,,"grasslandHerbaceous",,,"2015-06-09",1,"DIV.OAES.2015.1","Y","CRCA6","Croton capitatus Michx.","species",,,"NEON.DOC.014042",,"nLY7eam4tn5KvmhUGKXYjL1ERBP4294P",,,,0,0,0
"937EA05DFAC3497ABDB3FFA87E09E1CB","D11","OAES",,,,,,"grasslandHerbaceous",,,"2015-06-09",1,"DIV.OAES.2015.1","Y","SPCR","Sporobolus cryptandrus (Torr.) A. Gray","species",,,"NEON.DOC.014042",,"nLY7eam4tn5KvmhUGKXYjL1ERBP4294P",,,,0,0,0
"517DC0CFCE704291B883245F98EF8FDF","D11","OAES",,,,,,"grasslandHerbaceous",,,"2015-06-09",1,"DIV.OAES.2015.1","Y","LIRI","Linum rigidum Pursh","species",,,"NEON.DOC.014042",,"nLY7eam4tn5KvmhUGKXYjL1ERBP4294P",,,,0,0,0
"7C9DCA801EF344B08FB8C11AAFBB291A","D11","OAES",,,,,,"grasslandHerbaceous",,,"2015-06-09",1,"DIV.OAES.2015.1","Y","ARPU9","Aristida purpurea Nutt.","species",,,"NEON.DOC.014042",,"nLY7eam4tn5KvmhUGKXYjL1ERBP4294P",,,,0,0,0
"D6D22CC4358E4B3AAB48B5D749293FED","D11","OAES",,,,,,"grasslandHerbaceous",,,"2015-06-09",1,"DIV.OAES.2015.1","Y","CEAM2","Centaurea americana Nutt.","species",,,"NEON.DOC.014042",,"nLY7eam4tn5KvmhUGKXYjL1ERBP4294P",,,,0,0,0
"CD5C19AFBC3F4A599F992BC1239E2118","D11","OAES",,,,,,"grasslandHerbaceous",,,"2015-06-09",1,"DIV.OAES.2015.1","Y","MOCI","Monarda citriodora Cerv. ex Lag.","species",,,"NEON.DOC.014042",,"nLY7eam4tn5KvmhUGKXYjL1ERBP4294P",,,,0,0,0
"24C4CA97F7F84DED8195221261D5C474","D11","OAES",,,,,,"grasslandHerbaceous",,,"2015-06-09",1,"DIV.OAES.2015.1","Y","MIMI2","Minuartia michauxii (Fenzl) Farw.","species",,,"NEON.DOC.014042",,"C0Kcj60NM2i6Hyiei+7ZMrFcIelEO7Hg",,,,0,0,0
"094BAAB8904D40839C6B79FC8D27C8B9","D11","OAES",,,,,,"grasslandHerbaceous",,,"2015-06-09",1,"DIV.OAES.2015.1","Y","GUSA2","Gutierrezia sarothrae (Pursh) Britton & Rusby","species",,,"NEON.DOC.014042",,"nLY7eam4tn5KvmhUGKXYjL1ERBP4294P",,,,0,0,0
"70FCCD1C71224A758962CF37C2FFAD09","D11","OAES",,,,,,"grasslandHerbaceous",,,"2015-06-09",1,"DIV.OAES.2015.1","Y","OEGR2","Oenothera grandis (Britton) Smyth","species",,,"NEON.DOC.014042",,"nLY7eam4tn5KvmhUGKXYjL1ERBP4294P",,,,0,0,0
"36E0EADF0853470FAEAC50E91C107E0F","D11","OAES",,,,,,"grasslandHerbaceous",,,"2015-06-09",1,"DIV.OAES.2015.1","Y","SIAN3","Sisyrinchium angustifolium Mill.","species",,,"NEON.DOC.014042",,"C9GzU2YIgNp6Vw0n+VOm12lcWzn+J9JF",,,,0,0,0
"5CBE23F4E4CE4F389327A8E3B5630795","D11","OAES",,,,,,"grasslandHerbaceous",,,"2015-06-09",1,"DIV.OAES.2015.1","Y","DRRE2","Draba reptans (Lam.) Fernald","species",,,"NEON.DOC.014042",,"nLY7eam4tn5KvmhUGKXYjL1ERBP4294P",,,,0,0,0
"60A79FDF074847E098478B1458550E10","D11","OAES",,,,,,"grasslandHerbaceous",,,"2015-06-09",1,"DIV.OAES.2015.1","Y","GAVI","Galium virgatum Nutt.","species",,,"NEON.DOC.014042",,"nLY7eam4tn5KvmhUGKXYjL1ERBP4294P",,,,0,0,0
"8B74C99DEFA64DEE86860F4E0A7ED739","D11","OAES",,,,,,"grasslandHerbaceous",,,"2015-06-09",1,"DIV.OAES.2015.1","Y","GLBI2","Glandularia bipinnatifida (Nutt.) Nutt.","species",,,"NEON.DOC.014042",,"nLY7eam4tn5KvmhUGKXYjL1ERBP4294P",,,,0,0,0
"DA1639EDA4084A71BDF09835EEA82ED0","D11","OAES",,35.404309,-99.059225,"WGS84",,,510.5,,"2015-06-10",1,"DIV.OAES.2015.1","Y","OEGR2","Oenothera grandis (Britton) Smyth","species",,,"NEON.DOC.014042",,"+iQvVZ4QDC/6AZ19AJv4/Z5pPlRFlUUb",,,,0,0,0
"81E07554E80E46ACAC9D43FCBBB4C9F3","D11","OAES",,35.404309,-99.059225,"WGS84",,,510.5,,"2015-06-10",1,"DIV.OAES.2015.1","Y","LIPR","Linum pratense (Norton) Small","species",,,"NEON.DOC.014042",,"+iQvVZ4QDC/6AZ19AJv4/Z5pPlRFlUUb",,,,0,0,0
"46A0C9F8BABE41F09D05AE85CF474228","D11","OAES",,35.404309,-99.059225,"WGS84",,,510.5,,"2015-06-10",1,"DIV.OAES.2015.1","Y","ARPU9","Aristida purpurea Nutt.","species",,,"NEON.DOC.014042",,"+iQvVZ4QDC/6AZ19AJv4/Z5pPlRFlUUb",,,,0,0,0
"045A622AF74444079563B452B7FF46A8","D11","OAES",,35.404309,-99.059225,"WGS84",,,510.5,,"2015-06-10",1,"DIV.OAES.2015.1","Y","SPCOC2","Sporobolus compositus (Poir.) Merr. var. compositus","variety",,,"NEON.DOC.014042",,"+iQvVZ4QDC/6AZ19AJv4/Z5pPlRFlUUb",,,,0,0,0
"4074CDBAD956475D9B9B10288A92F62A","D11","OAES",,35.404309,-99.059225,"WGS84",,,510.5,,"2015-06-10",1,"DIV.OAES.2015.1","Y","SCRE3","Scutellaria resinosa Torr.","species",,,"NEON.DOC.014042",,"+iQvVZ4QDC/6AZ19AJv4/Z5pPlRFlUUb",,,,0,0,0
"CA0699E569214CF98144693E5203A1A3","D11","OAES",,35.404309,-99.059225,"WGS84",,,510.5,,"2015-06-10",1,"DIV.OAES.2015.1","Y","MIMI2","Minuartia michauxii (Fenzl) Farw.","species",,,"NEON.DOC.014042",,"+iQvVZ4QDC/6AZ19AJv4/Z5pPlRFlUUb",,,,0,0,0
"F620255108204717BD0EB9720C4A88FD","D11","OAES",,35.404309,-99.059225,"WGS84",,,510.5,,"2015-06-10",1,"DIV.OAES.2015.1","Y","TELI3","Tetraneuris linearifolia (Hook.) Greene","species",,,"NEON.DOC.014042",,"+iQvVZ4QDC/6AZ19AJv4/Z5pPlRFlUUb",,,,0,0,0
"F5844E9EE29147AFAB08150EB25BD967","D11","OAES",,35.404309,-99.059225,"WGS84",,,510.5,,"2015-06-10",1,"DIV.OAES.2015.1","Y","SPCR","Sporobolus cryptandrus (Torr.) A. Gray","species",,,"NEON.DOC.014042",,"+iQvVZ4QDC/6AZ19AJv4/Z5pPlRFlUUb",,,,0,0,0
"41D6C5BD81E64AF286F96B380E591306","D11","OAES",,35.404309,-99.059225,"WGS84",,,510.5,,"2015-06-10",1,"DIV.OAES.2015.1","Y","LIRI","Linum rigidum Pursh","species",,,"NEON.DOC.014042",,"+iQvVZ4QDC/6AZ19AJv4/Z5pPlRFlUUb",,,,0,0,0
"5943351C009C4374ABBA52E1175FC89F","D11","OAES",,35.404309,-99.059225,"WGS84",,,510.5,,"2015-06-10",1,"DIV.OAES.2015.1","Y","BOGR2","Bouteloua gracilis (Willd. ex Kunth) Lag. ex Griffiths","species",,,"NEON.DOC.014042",,"+iQvVZ4QDC/6AZ19AJv4/Z5pPlRFlUUb",,,,0,0,0
"01B34ED031AA4B51AB96E20A8521C5F1","D11","OAES",,35.404309,-99.059225,"WGS84",,,510.5,,"2015-06-10",1,"DIV.OAES.2015.1","Y","BRTE","Bromus tectorum L.","species",,,"NEON.DOC.014042",,"+iQvVZ4QDC/6AZ19AJv4/Z5pPlRFlUUb",,,,0,0,0
"29535FC6A0E64DF1B95CBE92CC2DD6D9","D11","OAES",,35.404309,-99.059225,"WGS84",,,510.5,,"2015-06-10",1,"DIV.OAES.2015.1","Y","BOLA2","Bothriochloa laguroides (DC.) Herter","species",,,"NEON.DOC.014042",,"+iQvVZ4QDC/6AZ19AJv4/Z5pPlRFlUUb",,,,0,0,0
"230834F4A1F3440DA9F2EE3EE144B51A","D11","OAES",,35.404309,-99.059225,"WGS84",,,510.5,,"2015-06-10",1,"DIV.OAES.2015.1","Y","LEVI3","Lepidium virginicum L.","species",,,"NEON.DOC.014042",,"+iQvVZ4QDC/6AZ19AJv4/Z5pPlRFlUUb",,,,0,0,0
"B6070B04BCA643EDA61FFD521F4B0A8E","D11","OAES",,35.404309,-99.059225,"WGS84",,,510.5,,"2015-06-10",1,"DIV.OAES.2015.1","Y","2PLANT","Unknown plant","kingdom",,"Sage-like","NEON.DOC.014042",,"+iQvVZ4QDC/6AZ19AJv4/Z5pPlRFlUUb",,,,0,0,0
"755EFD8429F546FFB438CE7BC55B8889","D11","OAES",,35.404309,-99.059225,"WGS84",,,510.5,,"2015-06-10",1,"DIV.OAES.2015.1","Y","ARLU","Artemisia ludoviciana Nutt.","species",,,"NEON.DOC.014042",,"+iQvVZ4QDC/6AZ19AJv4/Z5pPlRFlUUb",,,,0,0,0
"96F5202B6E864AF8923C8E488F7784C6","D11","OAES",,35.404309,-99.059225,"WGS84",,,510.5,,"2015-06-10",1,"DIV.OAES.2015.1","Y","GACO5","Gaura coccinea Nutt. ex Pursh","species",,,"NEON.DOC.014042",,"+iQvVZ4QDC/6AZ19AJv4/Z5pPlRFlUUb",,,,0,0,0
"52F800E44CA74EAEB3C6BA87E9A54BFB","D11","OAES",,35.404309,-99.059225,"WGS84",,,510.5,,"2015-06-10",1,"DIV.OAES.2015.1","Y","CABEP2","Calylophus berlandieri Spach ssp. pinifolius (Engelm. ex A. Gray) Towner","subspecies",,,"NEON.DOC.014042",,"+iQvVZ4QDC/6AZ19AJv4/Z5pPlRFlUUb",,,,0,0,0
"536A68B92D66460A8144C33C7146E845","D11","OAES",,35.404309,-99.059225,"WGS84",,,510.5,,"2015-06-10",1,"DIV.OAES.2015.1","Y","TRRA5","Tragia ramosa Torr.","species",,,"NEON.DOC.014042",,"+iQvVZ4QDC/6AZ19AJv4/Z5pPlRFlUUb",,,,0,0,0
"AB4B14FA087F4F88BC6EB749B6C91090","D11","OAES",,35.404309,-99.059225,"WGS84",,,510.5,,"2015-06-10",1,"DIV.OAES.2015.1","Y","TRPE4","Triodanis perfoliata (L.) Nieuwl.","species",,,"NEON.DOC.014042",,"+iQvVZ4QDC/6AZ19AJv4/Z5pPlRFlUUb",,,,0,0,0
"D563B33480184F169F6E735481C8B7D5","D11","OAES",,35.404309,-99.059225,"WGS84",,,510.5,,"2015-06-10",1,"DIV.OAES.2015.1","Y","LALU","Lactuca ludoviciana (Nutt.) Riddell","species",,,"NEON.DOC.014042",,"+iQvVZ4QDC/6AZ19AJv4/Z5pPlRFlUUb",,,,0,0,0
"0CABC8D6A26142139F7119E4420D9B4C","D11","OAES",,35.404309,-99.059225,"WGS84",,,510.5,,"2015-06-10",1,"DIV.OAES.2015.1","Y","THFI","Thelesperma filifolium (Hook.) A. Gray","species","cf. genus",,"NEON.DOC.014042",,"+iQvVZ4QDC/6AZ19AJv4/Z5pPlRFlUUb",,,,0,0,0
"6CAB02DD46AF45528FF76D20F1D95DC8","D11","OAES",,35.404309,-99.059225,"WGS84",,,510.5,,"2015-06-10",1,"DIV.OAES.2015.1","Y","ASTRA","Astragalus sp.","genus",,,"NEON.DOC.014042",,"+iQvVZ4QDC/6AZ19AJv4/Z5pPlRFlUUb",,,,0,0,0
"EAC5E6A0AD334E3B885D1A88EFB63340","D11","OAES",,35.404309,-99.059225,"WGS84",,,510.5,,"2015-06-10",1,"DIV.OAES.2015.1","Y","CIUN","Cirsium undulatum (Nutt.) Spreng.","species",,,"NEON.DOC.014042",,"+iQvVZ4QDC/6AZ19AJv4/Z5pPlRFlUUb",,,,0,0,0
"8CF352FA3EA84C03B2D3489485721DFA","D11","OAES",,35.404309,-99.059225,"WGS84",,,510.5,,"2015-06-10",1,"DIV.OAES.2015.1","Y","MINU6","Mimosa nuttallii (DC. ex Britton & Rose) B.L. Turner","species",,,"NEON.DOC.014042",,"+iQvVZ4QDC/6AZ19AJv4/Z5pPlRFlUUb",,,,0,0,0
"8A3424C0BDE6467D83CAC492799DF325","D11","OAES",,35.404309,-99.059225,"WGS84",,,510.5,,"2015-06-10",1,"DIV.OAES.2015.1","Y","SPCL","Sporobolus clandestinus (Biehler) Hitchc.","species",,,"NEON.DOC.014042",,"+iQvVZ4QDC/6AZ19AJv4/Z5pPlRFlUUb",,,,0,0,0
"F69049EAF32D473B887D0973AA19FD2C","D11","OAES",,35.404309,-99.059225,"WGS84",,,510.5,,"2015-06-10",1,"DIV.OAES.2015.1","Y","EVPR","Evax prolifera Nutt. ex DC.","species",,,"NEON.DOC.014042",,"+iQvVZ4QDC/6AZ19AJv4/Z5pPlRFlUUb",,,,0,0,0
"E15CE51F733540B6A01B215FA788BA90","D11","OAES",,35.404309,-99.059225,"WGS84",,,510.5,,"2015-06-10",1,"DIV.OAES.2015.1","Y","BODA2","Bouteloua dactyloides (Nutt.) J.T. Columbus","species",,,"NEON.DOC.014042",,"+iQvVZ4QDC/6AZ19AJv4/Z5pPlRFlUUb",,,,0,0,0
"B83057746884400483E06C6C7AE0BC9B","D11","OAES",,35.404309,-99.059225,"WGS84",,,510.5,,"2015-06-10",1,"DIV.OAES.2015.1","Y","ASAS","Asclepias asperula (Decne.) Woodson","species",,,"NEON.DOC.014042",,"+iQvVZ4QDC/6AZ19AJv4/Z5pPlRFlUUb",,,,0,0,0
"3FCFC1B169FA45AB810A710023DE1D0D","D11","OAES",,35.404309,-99.059225,"WGS84",,,510.5,,"2015-06-10",1,"DIV.OAES.2015.1","Y","GRAD2","Grindelia adenodonta (Steyerm.) G.L. Nesom","species",,,"NEON.DOC.014042",,"+iQvVZ4QDC/6AZ19AJv4/Z5pPlRFlUUb",,,,0,0,0
"74CE620DDC244C9BB6C5407D5F2CB03E","D11","OAES",,,,,,"grasslandHerbaceous",,,"2015-06-10",1,"DIV.OAES.2015.1","Y","SIAN3","Sisyrinchium angustifolium Mill.","species",,,"NEON.DOC.014042",,"C9GzU2YIgNp6Vw0n+VOm12lcWzn+J9JF",,,,0,0,0
"9E73CA1D82244DF5B4859FD373E751B6","D11","OAES",,,,,,"grasslandHerbaceous",,,"2015-06-10",1,"DIV.OAES.2015.1","Y","LIPR","Linum pratense (Norton) Small","species",,,"NEON.DOC.014042",,"C9GzU2YIgNp6Vw0n+VOm12lcWzn+J9JF",,,,0,0,0
"8082E1B4F2D4406CB334F17303550DBA","D11","OAES",,,,,,"grasslandHerbaceous",,,"2015-06-10",1,"DIV.OAES.2015.1","Y","ARPU9","Aristida purpurea Nutt.","species",,,"NEON.DOC.014042",,"C9GzU2YIgNp6Vw0n+VOm12lcWzn+J9JF",,,,0,0,0
"90EE32BFDBCE44CF8BD57D1705D4B6C8","D11","OAES",,,,,,"grasslandHerbaceous",,,"2015-06-10",1,"DIV.OAES.2015.1","Y","MOCI","Monarda citriodora Cerv. ex Lag.","species",,,"NEON.DOC.014042",,"C9GzU2YIgNp6Vw0n+VOm12lcWzn+J9JF",,,,0,0,0
"23F39F1CD9F241B88F0C18F0D8A74C84","D11","OAES",,,,,,"grasslandHerbaceous",,,"2015-06-10",1,"DIV.OAES.2015.1","Y","SCRE3","Scutellaria resinosa Torr.","species",,,"NEON.DOC.014042",,"C9GzU2YIgNp6Vw0n+VOm12lcWzn+J9JF",,,,0,0,0
"CC5F5066B54F45FAAB0EBA03DD12612F","D11","OAES",,,,,,"grasslandHerbaceous",,,"2015-06-10",1,"DIV.OAES.2015.1","Y","GUSA2","Gutierrezia sarothrae (Pursh) Britton & Rusby","species",,,"NEON.DOC.014042",,"C9GzU2YIgNp6Vw0n+VOm12lcWzn+J9JF",,,,0,0,0
"8777F730700E42B58FC9468FD9B88E0D","D11","OAES",,,,,,"grasslandHerbaceous",,,"2015-06-10",1,"DIV.OAES.2015.1","Y","OPMA2","Opuntia macrorhiza Engelm.","species",,,"NEON.DOC.014042",,"C9GzU2YIgNp6Vw0n+VOm12lcWzn+J9JF",,,,0,0,0
"DAB7E61FEE624A32BE527348AED1475C","D11","OAES",,,,,,"grasslandHerbaceous",,,"2015-06-10",1,"DIV.OAES.2015.1","Y","CRCA6","Croton capitatus Michx.","species",,,"NEON.DOC.014042",,"C9GzU2YIgNp6Vw0n+VOm12lcWzn+J9JF",,,,0,0,0
"F0E39031CB2D4BFB8050E778E29F1970","D11","OAES",,,,,,"grasslandHerbaceous",,,"2015-06-10",1,"DIV.OAES.2015.1","Y","LIRI","Linum rigidum Pursh","species",,,"NEON.DOC.014042",,"C9GzU2YIgNp6Vw0n+VOm12lcWzn+J9JF",,,,0,0,0
"01BC288729CF49B0B7536355F87747C5","D11","OAES",,,,,,"grasslandHerbaceous",,,"2015-06-10",1,"DIV.OAES.2015.1","Y","BOGR2","Bouteloua gracilis (Willd. ex Kunth) Lag. ex Griffiths","species",,,"NEON.DOC.014042",,"C9GzU2YIgNp6Vw0n+VOm12lcWzn+J9JF",,,,0,0,0
"2A361A96A804437B86C3D0554FF89B7A","D11","OAES",,,,,,"grasslandHerbaceous",,,"2015-06-10",1,"DIV.OAES.2015.1","Y","BRTE","Bromus tectorum L.","species",,,"NEON.DOC.014042",,"C9GzU2YIgNp6Vw0n+VOm12lcWzn+J9JF",,,,0,0,0
"1DD0431442CE4531A63D66F9209C1D32","D11","OAES",,,,,,"grasslandHerbaceous",,,"2015-06-10",1,"DIV.OAES.2015.1","Y","BOLA2","Bothriochloa laguroides (DC.) Herter","species",,,"NEON.DOC.014042",,"C9GzU2YIgNp6Vw0n+VOm12lcWzn+J9JF",,,,0,0,0
"710AE0EA897F4154A7F3B58B32CFCD81","D11","OAES",,,,,,"grasslandHerbaceous",,,"2015-06-10",1,"DIV.OAES.2015.1","Y","HYFI","Hymenopappus filifolius Hook.","species",,,"NEON.DOC.014042",,"C9GzU2YIgNp6Vw0n+VOm12lcWzn+J9JF",,,,0,0,0
"C61767369374465D91CA35DED766B4A3","D11","OAES",,,,,,"grasslandHerbaceous",,,"2015-06-10",1,"DIV.OAES.2015.1","Y","ANGE","Andropogon gerardii Vitman","species",,,"NEON.DOC.014042",,"C9GzU2YIgNp6Vw0n+VOm12lcWzn+J9JF",,,,0,0,0
"473F29D772CF412ABB26BF8842178DF6","D11","OAES",,,,,,"grasslandHerbaceous",,,"2015-06-10",1,"DIV.OAES.2015.1","Y","ARLU","Artemisia ludoviciana Nutt.","species",,,"NEON.DOC.014042",,"C9GzU2YIgNp6Vw0n+VOm12lcWzn+J9JF",,,,0,0,0
"FF1E3BE841AE4B94A536088BC29E8BE5","D11","OAES",,,,,,"grasslandHerbaceous",,,"2015-06-10",1,"DIV.OAES.2015.1","Y","GACO5","Gaura coccinea Nutt. ex Pursh","species",,,"NEON.DOC.014042",,"C9GzU2YIgNp6Vw0n+VOm12lcWzn+J9JF",,,,0,0,0
"75F8D8672BD04FC19ECF59094C9E05CB","D11","OAES",,,,,,"grasslandHerbaceous",,,"2015-06-10",1,"DIV.OAES.2015.1","Y","CABEP2","Calylophus berlandieri Spach ssp. pinifolius (Engelm. ex A. Gray) Towner","subspecies",,,"NEON.DOC.014042",,"C9GzU2YIgNp6Vw0n+VOm12lcWzn+J9JF",,,,0,0,0
"969B447EB8714804B4C57DD653C5B690","D11","OAES",,,,,,"grasslandHerbaceous",,,"2015-06-10",1,"DIV.OAES.2015.1","Y","EUMA8","Euphorbia marginata Pursh","species",,,"NEON.DOC.014042",,"C9GzU2YIgNp6Vw0n+VOm12lcWzn+J9JF",,,,0,0,0
"1FF6D8E08A1343B0A16E44D64228F99D","D11","OAES",,,,,,"grasslandHerbaceous",,,"2015-06-10",1,"DIV.OAES.2015.1","Y","PLPA2","Plantago patagonica Jacq.","species",,,"NEON.DOC.014042",,"C9GzU2YIgNp6Vw0n+VOm12lcWzn+J9JF",,,,0,0,0
"6A816453ADD345CEAB3DCAA76FE78357","D11","OAES",,,,,,"grasslandHerbaceous",,,"2015-06-10",1,"DIV.OAES.2015.1","Y","TRPE4","Triodanis perfoliata (L.) Nieuwl.","species",,,"NEON.DOC.014042",,"C9GzU2YIgNp6Vw0n+VOm12lcWzn+J9JF",,,,0,0,0
"E0E6C63E34F2450F804375B939A2CD87","D11","OAES",,,,,,"grasslandHerbaceous",,,"2015-06-10",1,"DIV.OAES.2015.1","Y","2PLANT","Unknown plant","kingdom",,"green pinnate aster","NEON.DOC.014042",,"C9GzU2YIgNp6Vw0n+VOm12lcWzn+J9JF",,,,0,0,0
"BF6E6DFE3D2E4BF4A4B39BEF3F5DA710","D11","OAES",,,,,,"grasslandHerbaceous",,,"2015-06-10",1,"DIV.OAES.2015.1","Y","LALU","Lactuca ludoviciana (Nutt.) Riddell","species",,,"NEON.DOC.014042",,"C9GzU2YIgNp6Vw0n+VOm12lcWzn+J9JF",,,,0,0,0
"EAAC3E0AC4AD4B98976B2E25EE8D6A0B","D11","OAES",,,,,,"grasslandHerbaceous",,,"2015-06-10",1,"DIV.OAES.2015.1","Y","PHHE5","Physalis heterophylla Nees","species","cf. species",,"NEON.DOC.014042",,"C9GzU2YIgNp6Vw0n+VOm12lcWzn+J9JF",,,,0,0,0
"FB01021EB9D14A3A9A589E3DC1A1B706","D11","OAES",,,,,,"grasslandHerbaceous",,,"2015-06-10",1,"DIV.OAES.2015.1","Y","GECA5","Geranium carolinianum L.","species",,,"NEON.DOC.014042",,"C9GzU2YIgNp6Vw0n+VOm12lcWzn+J9JF",,,,0,0,0
"FC91144FF7CD43CFA1BD6D5D0331DF94","D11","OAES",,,,,,"grasslandHerbaceous",,,"2015-06-10",1,"DIV.OAES.2015.1","Y","SCPA","Schedonnardus paniculatus (Nutt.) Trel.","species",,,"NEON.DOC.014042",,"C9GzU2YIgNp6Vw0n+VOm12lcWzn+J9JF",,,,0,0,0
"6A32CD498F6547C399042202AB918350","D11","OAES",,,,,,"grasslandHerbaceous",,,"2015-06-10",1,"DIV.OAES.2015.1","Y","CIUN","Cirsium undulatum (Nutt.) Spreng.","species",,,"NEON.DOC.014042",,"C9GzU2YIgNp6Vw0n+VOm12lcWzn+J9JF",,,,0,0,0
"02735453EA1F4757A816827CBC32B288","D11","OAES",,,,,,"grasslandHerbaceous",,,"2015-06-10",1,"DIV.OAES.2015.1","Y","SORO","Solanum rostratum Dunal","species",,,"NEON.DOC.014042",,"C9GzU2YIgNp6Vw0n+VOm12lcWzn+J9JF",,,,0,0,0
"4E120DE6855A4E809967F53188686C5B","D11","OAES",,,,,,"grasslandHerbaceous",,,"2015-06-10",1,"DIV.OAES.2015.1","Y","GAPU","Gaillardia pulchella Foug.","species",,,"NEON.DOC.014042",,"C9GzU2YIgNp6Vw0n+VOm12lcWzn+J9JF",,,,0,0,0
"3808D933330A425A9FB41C4E8B0781D7","D11","OAES",,,,,,"grasslandHerbaceous",,,"2015-06-10",1,"DIV.OAES.2015.1","Y","SCSC","Schizachyrium scoparium (Michx.) Nash","species",,,"NEON.DOC.014042",,"C9GzU2YIgNp6Vw0n+VOm12lcWzn+J9JF",,,,0,0,0
"4D61720266364689AD9A89B1A86AAC90","D11","OAES",,,,,,"grasslandHerbaceous",,,"2015-06-10",1,"DIV.OAES.2015.1","Y","BODA2","Bouteloua dactyloides (Nutt.) J.T. Columbus","species",,,"NEON.DOC.014042",,"C9GzU2YIgNp6Vw0n+VOm12lcWzn+J9JF",,,,0,0,0
"C39BE804F32546D2BBC999B7DE902E64","D11","OAES",,,,,,"grasslandHerbaceous",,,"2015-06-10",1,"DIV.OAES.2015.1","Y","PECO4","Penstemon cobaea Nutt.","species",,,"NEON.DOC.014042",,"C9GzU2YIgNp6Vw0n+VOm12lcWzn+J9JF",,,,0,0,0
"76EF4EEE32BC4982A4A949B72714B3EB","D11","OAES",,,,,,"grasslandHerbaceous",,,"2015-06-10",1,"DIV.OAES.2015.1","Y","HELIA3","Helianthus sp.","genus",,,"NEON.DOC.014042",,"C9GzU2YIgNp6Vw0n+VOm12lcWzn+J9JF",,,,0,0,0
"60B26D2126674F19B9863FC8F0AD6ECB","D11","OAES",,,,,,"grasslandHerbaceous",,,"2015-06-10",1,"DIV.OAES.2015.1","Y","GRAD2","Grindelia adenodonta (Steyerm.) G.L. Nesom","species",,,"NEON.DOC.014042",,"C9GzU2YIgNp6Vw0n+VOm12lcWzn+J9JF",,,,0,0,0
"9D6E922DB15144B48DE5527F2B750ECB","D11","OAES",,35.408887,-99.056266,"WGS84",,,519.8,,"2015-06-10",1,"DIV.OAES.2015.1","Y","SIAN3","Sisyrinchium angustifolium Mill.","species",,,"NEON.DOC.014042",,"C9GzU2YIgNp6Vw0n+VOm12lcWzn+J9JF",,,,0,0,0
"ECE8B9C63E6848C488C0B62BE0248AAF","D11","OAES",,35.408887,-99.056266,"WGS84",,,519.8,,"2015-06-10",1,"DIV.OAES.2015.1","Y","LIPR","Linum pratense (Norton) Small","species",,,"NEON.DOC.014042",,"C9GzU2YIgNp6Vw0n+VOm12lcWzn+J9JF",,,,0,0,0
"06B23D0A738940B08E7C9A691F3D7CB3","D11","OAES",,35.408887,-99.056266,"WGS84",,,519.8,,"2015-06-10",1,"DIV.OAES.2015.1","Y","GAVI","Galium virgatum Nutt.","species",,,"NEON.DOC.014042",,"C9GzU2YIgNp6Vw0n+VOm12lcWzn+J9JF",,,,0,0,0
"A49864F6E4AF49658F62A5B2704B5F06","D11","OAES",,35.408887,-99.056266,"WGS84",,,519.8,,"2015-06-10",1,"DIV.OAES.2015.1","Y","ARPU9","Aristida purpurea Nutt.","species",,,"NEON.DOC.014042",,"C9GzU2YIgNp6Vw0n+VOm12lcWzn+J9JF",,,,0,0,0
"4E825296BFE142FCAF1F81441DFB4817","D11","OAES",,35.408887,-99.056266,"WGS84",,,519.8,,"2015-06-10",1,"DIV.OAES.2015.1","Y","SCRE3","Scutellaria resinosa Torr.","species",,,"NEON.DOC.014042",,"C9GzU2YIgNp6Vw0n+VOm12lcWzn+J9JF",,,,0,0,0
"73A2E001043A4657BD57FE09F4120027","D11","OAES",,35.408887,-99.056266,"WGS84",,,519.8,,"2015-06-10",1,"DIV.OAES.2015.1","Y","MIMI2","Minuartia michauxii (Fenzl) Farw.","species",,,"NEON.DOC.014042",,"C9GzU2YIgNp6Vw0n+VOm12lcWzn+J9JF",,,,0,0,0
"09813DA891D64F5594D04C074ED8B537","D11","OAES",,35.408887,-99.056266,"WGS84",,,519.8,,"2015-06-10",1,"DIV.OAES.2015.1","Y","TELI3","Tetraneuris linearifolia (Hook.) Greene","species",,,"NEON.DOC.014042",,"C9GzU2YIgNp6Vw0n+VOm12lcWzn+J9JF",,,,0,0,0
"CB53F5B46CB04469AC59D1D13C22BF52","D11","OAES",,35.408887,-99.056266,"WGS84",,,519.8,,"2015-06-10",1,"DIV.OAES.2015.1","Y","CRCA6","Croton capitatus Michx.","species",,,"NEON.DOC.014042",,"C9GzU2YIgNp6Vw0n+VOm12lcWzn+J9JF",,,,0,0,0
"FE97DD2F6DBB430D83C5E91821C5A0CB","D11","OAES",,35.408887,-99.056266,"WGS84",,,519.8,,"2015-06-10",1,"DIV.OAES.2015.1","Y","AMPS","Ambrosia psilostachya DC.","species",,,"NEON.DOC.014042",,"C9GzU2YIgNp6Vw0n+VOm12lcWzn+J9JF",,,,0,0,0
"9A424EBB2C6E4BA5912A04D74650A7E4","D11","OAES",,35.408887,-99.056266,"WGS84",,,519.8,,"2015-06-10",1,"DIV.OAES.2015.1","Y","BOGR2","Bouteloua gracilis (Willd. ex Kunth) Lag. ex Griffiths","species",,,"NEON.DOC.014042",,"C9GzU2YIgNp6Vw0n+VOm12lcWzn+J9JF",,,,0,0,0
"157233F0891F4F55AC6C3A2B54871DB3","D11","OAES",,35.408887,-99.056266,"WGS84",,,519.8,,"2015-06-10",1,"DIV.OAES.2015.1","Y","BASC5","Bassia scoparia (L.) A.J. Scott","species",,,"NEON.DOC.014042",,"C9GzU2YIgNp6Vw0n+VOm12lcWzn+J9JF",,,,0,0,0
"1140B3B65CA54660905AC4C402EBABEC","D11","OAES",,35.408887,-99.056266,"WGS84",,,519.8,,"2015-06-10",1,"DIV.OAES.2015.1","Y","2PLANT","Unknown plant","kingdom",,"Sage-like","NEON.DOC.014042",,"C9GzU2YIgNp6Vw0n+VOm12lcWzn+J9JF",,,,0,0,0
"FAE9860FC7F3415F88DCBF10F35084AD","D11","OAES",,35.408887,-99.056266,"WGS84",,,519.8,,"2015-06-10",1,"DIV.OAES.2015.1","Y","LEVI3","Lepidium virginicum L.","species",,,"NEON.DOC.014042",,"C9GzU2YIgNp6Vw0n+VOm12lcWzn+J9JF",,,,0,0,0
"0A744D004885405F913FCCDB3CA65A07","D11","OAES",,35.408887,-99.056266,"WGS84",,,519.8,,"2015-06-10",1,"DIV.OAES.2015.1","Y","CONYZ","Conyza sp.","genus","cf. genus",,"NEON.DOC.014042",,"C9GzU2YIgNp6Vw0n+VOm12lcWzn+J9JF",,,,0,0,0
"ED28C7007CA8468F8718607A3BEEC792","D11","OAES",,35.408887,-99.056266,"WGS84",,,519.8,,"2015-06-10",1,"DIV.OAES.2015.1","Y","ERPI5","Erioneuron pilosum (Buckley) Nash","species",,,"NEON.DOC.014042",,"C9GzU2YIgNp6Vw0n+VOm12lcWzn+J9JF",,,,0,0,0
"EE44726114554B6D913EE699CAB9D75F","D11","OAES",,35.408887,-99.056266,"WGS84",,,519.8,,"2015-06-10",1,"DIV.OAES.2015.1","Y","GACO5","Gaura coccinea Nutt. ex Pursh","species",,,"NEON.DOC.014042",,"C9GzU2YIgNp6Vw0n+VOm12lcWzn+J9JF",,,,0,0,0
"84DC6A61EC2A45D081D6E403386F0BB2","D11","OAES",,35.408887,-99.056266,"WGS84",,,519.8,,"2015-06-10",1,"DIV.OAES.2015.1","Y","TRRA5","Tragia ramosa Torr.","species",,,"NEON.DOC.014042",,"C9GzU2YIgNp6Vw0n+VOm12lcWzn+J9JF",,,,0,0,0
"E045EDA39B9E4872983546A2E2C18B28","D11","OAES",,35.408887,-99.056266,"WGS84",,,519.8,,"2015-06-10",1,"DIV.OAES.2015.1","Y","PLPA2","Plantago patagonica Jacq.","species",,,"NEON.DOC.014042",,"C9GzU2YIgNp6Vw0n+VOm12lcWzn+J9JF",,,,0,0,0
"8F924F2D943A44A6814E382885DBBAC4","D11","OAES",,35.408887,-99.056266,"WGS84",,,519.8,,"2015-06-10",1,"DIV.OAES.2015.1","Y","TRFL2","Tridens flavus (L.) Hitchc.","species",,,"NEON.DOC.014042",,"C9GzU2YIgNp6Vw0n+VOm12lcWzn+J9JF",,,,0,0,0
"69D124BC7C0C4097BA106BA405408544","D11","OAES",,35.408887,-99.056266,"WGS84",,,519.8,,"2015-06-10",1,"DIV.OAES.2015.1","Y","PSTE5","Psoralidium tenuiflorum (Pursh) Rydb.","species",,,"NEON.DOC.014042",,"C9GzU2YIgNp6Vw0n+VOm12lcWzn+J9JF",,,,0,0,0
"F1D9028E422E4078907C6E712859CD72","D11","OAES",,35.408887,-99.056266,"WGS84",,,519.8,,"2015-06-10",1,"DIV.OAES.2015.1","Y","AMDR","Amphiachyris dracunculoides (DC.) Nutt.","species",,,"NEON.DOC.014042",,"C9GzU2YIgNp6Vw0n+VOm12lcWzn+J9JF",,,,0,0,0
"FFB753921C484BF3884AED261F847D91","D11","OAES",,35.408887,-99.056266,"WGS84",,,519.8,,"2015-06-10",1,"DIV.OAES.2015.1","Y","SCPA","Schedonnardus paniculatus (Nutt.) Trel.","species",,,"NEON.DOC.014042",,"C9GzU2YIgNp6Vw0n+VOm12lcWzn+J9JF",,,,0,0,0
"F251FEC730394718B5ED3BE92E7097DD","D11","OAES",,35.408887,-99.056266,"WGS84",,,519.8,,"2015-06-10",1,"DIV.OAES.2015.1","Y","EVPR","Evax prolifera Nutt. ex DC.","species",,,"NEON.DOC.014042",,"C9GzU2YIgNp6Vw0n+VOm12lcWzn+J9JF",,,,0,0,0
"ABA79E96517F4992A59197249577CEDA","D11","OAES",,35.408887,-99.056266,"WGS84",,,519.8,,"2015-06-10",1,"DIV.OAES.2015.1","Y","BOCU","Bouteloua curtipendula (Michx.) Torr.","species",,,"NEON.DOC.014042",,"C9GzU2YIgNp6Vw0n+VOm12lcWzn+J9JF",,,,0,0,0
"0DB2DDE4C9DC4F60B94D68E63FA9FACE","D11","OAES",,35.408887,-99.056266,"WGS84",,,519.8,,"2015-06-10",1,"DIV.OAES.2015.1","Y","OPHU","Opuntia humifusa (Raf.) Raf.","species",,,"NEON.DOC.014042",,"C9GzU2YIgNp6Vw0n+VOm12lcWzn+J9JF",,,,0,0,0
"75B3063D8E7D47E7A1A15D291D8138AE","D11","OAES",,35.408887,-99.056266,"WGS84",,,519.8,,"2015-06-10",1,"DIV.OAES.2015.1","Y","EVNU","Evolvulus nuttallianus Schult.","species",,,"NEON.DOC.014042",,"C9GzU2YIgNp6Vw0n+VOm12lcWzn+J9JF",,,,0,0,0
"4868F0059F194DF39DE5756F9115CE5D","D11","OAES",,35.405108,-99.058568,"WGS84",,,514.2,,"2015-06-10",1,"DIV.OAES.2015.1","Y","SIAN3","Sisyrinchium angustifolium Mill.","species",,,"NEON.DOC.014042",,"C9GzU2YIgNp6Vw0n+VOm12lcWzn+J9JF",,,,0,0,0
"484BDFC313E245DE8AEFC883D3823D4F","D11","OAES",,35.405108,-99.058568,"WGS84",,,514.2,,"2015-06-10",1,"DIV.OAES.2015.1","Y","LIPR","Linum pratense (Norton) Small","species",,,"NEON.DOC.014042",,"C9GzU2YIgNp6Vw0n+VOm12lcWzn+J9JF",,,,0,0,0
"500284BBEDBE4A7480FCF38F4C19395D","D11","OAES",,35.405108,-99.058568,"WGS84",,,514.2,,"2015-06-10",1,"DIV.OAES.2015.1","Y","GAVI","Galium virgatum Nutt.","species",,,"NEON.DOC.014042",,"C9GzU2YIgNp6Vw0n+VOm12lcWzn+J9JF",,,,0,0,0
"0AABC8A0524B4081BFF0CBFB95A8188A","D11","OAES",,35.405108,-99.058568,"WGS84",,,514.2,,"2015-06-10",1,"DIV.OAES.2015.1","Y","CEAM2","Centaurea americana Nutt.","species",,,"NEON.DOC.014042",,"C9GzU2YIgNp6Vw0n+VOm12lcWzn+J9JF",,,,0,0,0
"EEFD533EC8C24274B0B38F335701EC37","D11","OAES",,35.405108,-99.058568,"WGS84",,,514.2,,"2015-06-10",1,"DIV.OAES.2015.1","Y","MIMI2","Minuartia michauxii (Fenzl) Farw.","species",,,"NEON.DOC.014042",,"C9GzU2YIgNp6Vw0n+VOm12lcWzn+J9JF",,,,0,0,0
"F138EC123D524BE7978084CE472B578C","D11","OAES",,35.405108,-99.058568,"WGS84",,,514.2,,"2015-06-10",1,"DIV.OAES.2015.1","Y","TELI3","Tetraneuris linearifolia (Hook.) Greene","species",,,"NEON.DOC.014042",,"C9GzU2YIgNp6Vw0n+VOm12lcWzn+J9JF",,,,0,0,0
"B84D6769AEA34A9094858FF5A40DB461","D11","OAES",,35.405108,-99.058568,"WGS84",,,514.2,,"2015-06-10",1,"DIV.OAES.2015.1","Y","OPMA2","Opuntia macrorhiza Engelm.","species",,,"NEON.DOC.014042",,"C9GzU2YIgNp6Vw0n+VOm12lcWzn+J9JF",,,,0,0,0
"2C4A0C71A47C4E2EAB87C829DC06E1D8","D11","OAES",,35.405108,-99.058568,"WGS84",,,514.2,,"2015-06-10",1,"DIV.OAES.2015.1","Y","LIRI","Linum rigidum Pursh","species",,,"NEON.DOC.014042",,"C9GzU2YIgNp6Vw0n+VOm12lcWzn+J9JF",,,,0,0,0
"9B6BA4F62B824D19AD6F776A7FC1DDF1","D11","OAES",,35.405108,-99.058568,"WGS84",,,514.2,,"2015-06-10",1,"DIV.OAES.2015.1","Y","ASNU4","Astragalus nuttallianus DC.","species",,,"NEON.DOC.014042",,"C9GzU2YIgNp6Vw0n+VOm12lcWzn+J9JF",,,,0,0,0
"38CA78D029714C8AAB748AE37A17F406","D11","OAES",,35.405108,-99.058568,"WGS84",,,514.2,,"2015-06-10",1,"DIV.OAES.2015.1","Y","PONU4","Polytaenia nuttallii DC.","species",,,"NEON.DOC.014042",,"C9GzU2YIgNp6Vw0n+VOm12lcWzn+J9JF",,,,0,0,0
"7FA3F948225C4C70AA13223998036140","D11","OAES",,35.405108,-99.058568,"WGS84",,,514.2,,"2015-06-10",1,"DIV.OAES.2015.1","Y","BRTE","Bromus tectorum L.","species",,,"NEON.DOC.014042",,"C9GzU2YIgNp6Vw0n+VOm12lcWzn+J9JF",,,,0,0,0
"FDA9580A3D474CC4AFEEC392650AD876","D11","OAES",,35.405108,-99.058568,"WGS84",,,514.2,,"2015-06-10",1,"DIV.OAES.2015.1","Y","ALCA3","Allium canadense L.","species",,,"NEON.DOC.014042",,"C9GzU2YIgNp6Vw0n+VOm12lcWzn+J9JF",,,,0,0,0
"278A840190CC48F5BA064467DC59053A","D11","OAES",,35.405108,-99.058568,"WGS84",,,514.2,,"2015-06-10",1,"DIV.OAES.2015.1","Y","GACO5","Gaura coccinea Nutt. ex Pursh","species",,,"NEON.DOC.014042",,"C9GzU2YIgNp6Vw0n+VOm12lcWzn+J9JF",,,,0,0,0
"B969CD376E3245D18B110C3C70141AAF","D11","OAES",,35.405108,-99.058568,"WGS84",,,514.2,,"2015-06-10",1,"DIV.OAES.2015.1","Y","ERLO5","Eriogonum longifolium Nutt.","species",,,"NEON.DOC.014042",,"C9GzU2YIgNp6Vw0n+VOm12lcWzn+J9JF",,,,0,0,0
"E8A22C87E9074A329016150A09A210B5","D11","OAES",,35.405108,-99.058568,"WGS84",,,514.2,,"2015-06-10",1,"DIV.OAES.2015.1","Y","TRRA5","Tragia ramosa Torr.","species",,,"NEON.DOC.014042",,"C9GzU2YIgNp6Vw0n+VOm12lcWzn+J9JF",,,,0,0,0
"4943C28B58BF4475A0521682EFCA83F3","D11","OAES",,35.405108,-99.058568,"WGS84",,,514.2,,"2015-06-10",1,"DIV.OAES.2015.1","Y","DAPU5","Dalea purpurea Vent.","species",,,"NEON.DOC.014042",,"C9GzU2YIgNp6Vw0n+VOm12lcWzn+J9JF",,,,0,0,0
"4D4DA4A0F8044B4EA8266F33415C19EF","D11","OAES",,35.405108,-99.058568,"WGS84",,,514.2,,"2015-06-10",1,"DIV.OAES.2015.1","Y","LALU","Lactuca ludoviciana (Nutt.) Riddell","species",,,"NEON.DOC.014042",,"C9GzU2YIgNp6Vw0n+VOm12lcWzn+J9JF",,,,0,0,0
"5A2C629451AA4BE6A3D73617592E34C6","D11","OAES",,35.405108,-99.058568,"WGS84",,,514.2,,"2015-06-10",1,"DIV.OAES.2015.1","Y","TRFL2","Tridens flavus (L.) Hitchc.","species",,,"NEON.DOC.014042",,"C9GzU2YIgNp6Vw0n+VOm12lcWzn+J9JF",,,,0,0,0
"78B06D05A8874043BDEF0458A25C31D8","D11","OAES",,35.405108,-99.058568,"WGS84",,,514.2,,"2015-06-10",1,"DIV.OAES.2015.1","Y","THFI","Thelesperma filifolium (Hook.) A. Gray","species",,,"NEON.DOC.014042",,"C9GzU2YIgNp6Vw0n+VOm12lcWzn+J9JF",,,,0,0,0
"2A492E82138845F48BA6DD3A84995C6A","D11","OAES",,35.405108,-99.058568,"WGS84",,,514.2,,"2015-06-10",1,"DIV.OAES.2015.1","Y","PSTE5","Psoralidium tenuiflorum (Pursh) Rydb.","species",,,"NEON.DOC.014042",,"C9GzU2YIgNp6Vw0n+VOm12lcWzn+J9JF",,,,0,0,0
"D7A0F97E63C94F08AFCAF1A479592F1F","D11","OAES",,35.405108,-99.058568,"WGS84",,,514.2,,"2015-06-10",1,"DIV.OAES.2015.1","Y","VUOC","Vulpia octoflora (Walter) Rydb.","species",,,"NEON.DOC.014042",,"C9GzU2YIgNp6Vw0n+VOm12lcWzn+J9JF",,,,0,0,0
"B0C066C2DF7945E0A18C671A22892B75","D11","OAES",,35.405108,-99.058568,"WGS84",,,514.2,,"2015-06-10",1,"DIV.OAES.2015.1","Y","PLVI","Plantago virginica L.","species",,,"NEON.DOC.014042",,"C9GzU2YIgNp6Vw0n+VOm12lcWzn+J9JF",,,,0,0,0
"63D3D2E126434E8B84925A5271E535B3","D11","OAES",,35.405108,-99.058568,"WGS84",,,514.2,,"2015-06-10",1,"DIV.OAES.2015.1","Y","ARSE2","Arenaria serpyllifolia L.","species",,,"NEON.DOC.014042",,"C9GzU2YIgNp6Vw0n+VOm12lcWzn+J9JF",,,,0,0,0
"452B6EC0661C459C88D8FDE24A8D1526","D11","OAES",,35.405108,-99.058568,"WGS84",,,514.2,,"2015-06-10",1,"DIV.OAES.2015.1","Y","MINU6","Mimosa nuttallii (DC. ex Britton & Rose) B.L. Turner","species",,,"NEON.DOC.014042",,"C9GzU2YIgNp6Vw0n+VOm12lcWzn+J9JF",,,,0,0,0
"D4439A32C0B34F0196714BA939730A5E","D11","OAES",,35.405108,-99.058568,"WGS84",,,514.2,,"2015-06-10",1,"DIV.OAES.2015.1","Y","CUSCU","Cuscuta sp.","genus",,,"NEON.DOC.014042",,"C9GzU2YIgNp6Vw0n+VOm12lcWzn+J9JF",,,,0,0,0
"481740435BFE409C883923A7ABFB1AA8","D11","OAES",,35.405108,-99.058568,"WGS84",,,514.2,,"2015-06-10",1,"DIV.OAES.2015.1","Y","EVPR","Evax prolifera Nutt. ex DC.","species",,,"NEON.DOC.014042",,"C9GzU2YIgNp6Vw0n+VOm12lcWzn+J9JF",,,,0,0,0
"813F1D06EE4F4E5F99406C0BD8EDB095","D11","OAES",,35.405108,-99.058568,"WGS84",,,514.2,,"2015-06-10",1,"DIV.OAES.2015.1","Y","CAPU11","Castilleja purpurea (Nutt.) G. Don","species",,,"NEON.DOC.014042",,"C9GzU2YIgNp6Vw0n+VOm12lcWzn+J9JF",,,,0,0,0
"156379C4BB6A48A49D494C3A6BFC2707","D11","OAES",,35.405108,-99.058568,"WGS84",,,514.2,,"2015-06-10",1,"DIV.OAES.2015.1","Y","BODA2","Bouteloua dactyloides (Nutt.) J.T. Columbus","species",,,"NEON.DOC.014042",,"C9GzU2YIgNp6Vw0n+VOm12lcWzn+J9JF",,,,0,0,0
"DC07B5732C81456AAD4853865D2183EF","D11","OAES",,35.405108,-99.058568,"WGS84",,,514.2,,"2015-06-10",1,"DIV.OAES.2015.1","Y","BOCU","Bouteloua curtipendula (Michx.) Torr.","species",,,"NEON.DOC.014042",,"C9GzU2YIgNp6Vw0n+VOm12lcWzn+J9JF",,,,0,0,0
"6BEA70654B9647F3BFACEC852150E4A2","D11","OAES",,35.405108,-99.058568,"WGS84",,,514.2,,"2015-06-10",1,"DIV.OAES.2015.1","Y","ASAS","Asclepias asperula (Decne.) Woodson","species",,,"NEON.DOC.014042",,"C9GzU2YIgNp6Vw0n+VOm12lcWzn+J9JF",,,,0,0,0
"407948FE5AF74CECA7E88B2FBD5D8A4C","D11","OAES",,35.405108,-99.058568,"WGS84",,,514.2,,"2015-06-10",1,"DIV.OAES.2015.1","Y","OPHU","Opuntia humifusa (Raf.) Raf.","species",,,"NEON.DOC.014042",,"C9GzU2YIgNp6Vw0n+VOm12lcWzn+J9JF",,,,0,0,0
"A84B42EB76304393BFA43533543404B8","D11","OAES",,35.405108,-99.058568,"WGS84",,,514.2,,"2015-06-10",1,"DIV.OAES.2015.1","Y","EVNU","Evolvulus nuttallianus Schult.","species",,,"NEON.DOC.014042",,"C9GzU2YIgNp6Vw0n+VOm12lcWzn+J9JF",,,,0,0,0
"2153AF1AD4F845E8B70B9F7B051A0A8D","D11","OAES",,,,,,"grasslandHerbaceous",,,"2015-06-10",1,"DIV.OAES.2015.1","Y","CAHAF","Calylophus hartwegii (Benth.) P.H. Raven ssp. fendleri (A. Gray) Towner & P.H. Raven","subspecies",,,"NEON.DOC.014042",,"C9GzU2YIgNp6Vw0n+VOm12lcWzn+J9JF",,,,0,0,0
"E1D18A6B232C4155BD27E934029FB4F7","D11","OAES",,,,,,"grasslandHerbaceous",,,"2015-06-10",1,"DIV.OAES.2015.1","Y","GAVI","Galium virgatum Nutt.","species",,,"NEON.DOC.014042",,"C9GzU2YIgNp6Vw0n+VOm12lcWzn+J9JF",,,,0,0,0
"F374BBA89E2C4777A48436E144E6933A","D11","OAES",,,,,,"grasslandHerbaceous",,,"2015-06-10",1,"DIV.OAES.2015.1","Y","GLBI2","Glandularia bipinnatifida (Nutt.) Nutt.","species",,,"NEON.DOC.014042",,"C9GzU2YIgNp6Vw0n+VOm12lcWzn+J9JF",,,,0,0,0
"54744CDCDDD24EB9B6F94A61264EFA0C","D11","OAES",,,,,,"grasslandHerbaceous",,,"2015-06-10",1,"DIV.OAES.2015.1","Y","CEAM2","Centaurea americana Nutt.","species",,,"NEON.DOC.014042",,"C9GzU2YIgNp6Vw0n+VOm12lcWzn+J9JF",,,,0,0,0
"74AAFCF986E844CD81683E27348E3D23","D11","OAES",,,,,,"grasslandHerbaceous",,,"2015-06-10",1,"DIV.OAES.2015.1","Y","MIMI2","Minuartia michauxii (Fenzl) Farw.","species",,,"NEON.DOC.014042",,"C9GzU2YIgNp6Vw0n+VOm12lcWzn+J9JF",,,,0,0,0
"61F732BB4098469686A1D57DDEE25FE7","D11","OAES",,,,,,"grasslandHerbaceous",,,"2015-06-10",1,"DIV.OAES.2015.1","Y","2PLANT","Unknown plant","kingdom",,"five leaflet","NEON.DOC.014042",,"C9GzU2YIgNp6Vw0n+VOm12lcWzn+J9JF",,,,0,0,0
"2A9310F7B63044FDB4C1AE2527E135DD","D11","OAES",,,,,,"grasslandHerbaceous",,,"2015-06-10",1,"DIV.OAES.2015.1","Y","TELI3","Tetraneuris linearifolia (Hook.) Greene","species",,,"NEON.DOC.014042",,"C9GzU2YIgNp6Vw0n+VOm12lcWzn+J9JF",,,,0,0,0
"8F761E4FDD174018BB8CDAB42BC863B5","D11","OAES",,,,,,"grasslandHerbaceous",,,"2015-06-10",1,"DIV.OAES.2015.1","Y","GAPA6","Gaura parviflora Douglas ex Lehm.","species",,,"NEON.DOC.014042",,"C9GzU2YIgNp6Vw0n+VOm12lcWzn+J9JF",,,,0,0,0
"D99B1AC924804D90A1D97E669EA3BBD6","D11","OAES",,,,,,"grasslandHerbaceous",,,"2015-06-10",1,"DIV.OAES.2015.1","Y","YUGL","Yucca glauca Nutt.","species",,,"NEON.DOC.014042",,"C9GzU2YIgNp6Vw0n+VOm12lcWzn+J9JF",,,,0,0,0
"BC136C920F0C4997AA9AFF0C8E28B893","D11","OAES",,,,,,"grasslandHerbaceous",,,"2015-06-10",1,"DIV.OAES.2015.1","Y","AMPS","Ambrosia psilostachya DC.","species",,,"NEON.DOC.014042",,"C9GzU2YIgNp6Vw0n+VOm12lcWzn+J9JF",,,,0,0,0
"4171EBF6A28F48AD91C400E41ADCC9F3","D11","OAES",,,,,,"grasslandHerbaceous",,,"2015-06-10",1,"DIV.OAES.2015.1","Y","ASNU4","Astragalus nuttallianus DC.","species",,,"NEON.DOC.014042",,"C9GzU2YIgNp6Vw0n+VOm12lcWzn+J9JF",,,,0,0,0
"83CED7E9E1744834B70F625F3994518B","D11","OAES",,,,,,"grasslandHerbaceous",,,"2015-06-10",1,"DIV.OAES.2015.1","Y","ERIGE2","Erigeron sp.","genus","cf. genus",,"NEON.DOC.014042",,"C9GzU2YIgNp6Vw0n+VOm12lcWzn+J9JF",,,,0,0,0
"EE0025F838C64EF9A82243C7414F0CE0","D11","OAES",,,,,,"grasslandHerbaceous",,,"2015-06-10",1,"DIV.OAES.2015.1","Y","BASC5","Bassia scoparia (L.) A.J. Scott","species",,,"NEON.DOC.014042",,"C9GzU2YIgNp6Vw0n+VOm12lcWzn+J9JF",,,,0,0,0
"3786367AB6DC41B587BA372DB1A10DA4","D11","OAES",,,,,,"grasslandHerbaceous",,,"2015-06-10",1,"DIV.OAES.2015.1","Y","2PLANT","Unknown plant","kingdom",,"Sage-like","NEON.DOC.014042",,"C9GzU2YIgNp6Vw0n+VOm12lcWzn+J9JF",,,,0,0,0
"119B5858AD164827913A915359A1A96D","D11","OAES",,,,,,"grasslandHerbaceous",,,"2015-06-10",1,"DIV.OAES.2015.1","Y","2PLANT","Unknown plant","kingdom",,"Fabaceae shrub","NEON.DOC.014042",,"C9GzU2YIgNp6Vw0n+VOm12lcWzn+J9JF",,,,0,0,0
"AA31333CFBDC45D994D6E2DC4AA5490C","D11","OAES",,,,,,"grasslandHerbaceous",,,"2015-06-10",1,"DIV.OAES.2015.1","Y","CONYZ","Conyza sp.","genus","cf. genus",,"NEON.DOC.014042",,"C9GzU2YIgNp6Vw0n+VOm12lcWzn+J9JF",,,,0,0,0
"DCDA1A9212334007B3D78221A2C17B4C","D11","OAES",,,,,,"grasslandHerbaceous",,,"2015-06-10",1,"DIV.OAES.2015.1","Y","ERPI5","Erioneuron pilosum (Buckley) Nash","species",,,"NEON.DOC.014042",,"C9GzU2YIgNp6Vw0n+VOm12lcWzn+J9JF",,,,0,0,0
"70DC4DA90C5549ED9E400F0B7470B1AE","D11","OAES",,,,,,"grasslandHerbaceous",,,"2015-06-10",1,"DIV.OAES.2015.1","Y","CEBR3","Cerastium brachypodum (Engelm. ex A. Gray) B.L. Rob.","species",,,"NEON.DOC.014042",,"C9GzU2YIgNp6Vw0n+VOm12lcWzn+J9JF",,,,0,0,0
"387CF258F1724C05B964225BF0C740B2","D11","OAES",,,,,,"grasslandHerbaceous",,,"2015-06-10",1,"DIV.OAES.2015.1","Y","SALVI","Salvia sp.","genus",,,"NEON.DOC.014042",,"C9GzU2YIgNp6Vw0n+VOm12lcWzn+J9JF",,,,0,0,0
"70C9D8FE51104C4E85FF836ED75644ED","D11","OAES",,,,,,"grasslandHerbaceous",,,"2015-06-10",1,"DIV.OAES.2015.1","Y","LASE","Lactuca serriola L.","species",,,"NEON.DOC.014042",,"C9GzU2YIgNp6Vw0n+VOm12lcWzn+J9JF",,,,0,0,0
"1C74F11F86D449B8BE5602DF4DBBB0B2","D11","OAES",,,,,,"grasslandHerbaceous",,,"2015-06-10",1,"DIV.OAES.2015.1","Y","EULO2","Euphorbia longicruris Scheele","species",,,"NEON.DOC.014042",,"C9GzU2YIgNp6Vw0n+VOm12lcWzn+J9JF",,,,0,0,0
"CC88B3FED1E047D2A7C6DC9FF73C2551","D11","OAES",,,,,,"grasslandHerbaceous",,,"2015-06-10",1,"DIV.OAES.2015.1","Y","MAHE2","Mammillaria heyderi Muehlenpf.","species",,,"NEON.DOC.014042",,"C9GzU2YIgNp6Vw0n+VOm12lcWzn+J9JF",,,,0,0,0
"C02D540A13CB4AAB8716B0F3054E033D","D11","OAES",,,,,,"grasslandHerbaceous",,,"2015-06-10",1,"DIV.OAES.2015.1","Y","DAPU5","Dalea purpurea Vent.","species",,,"NEON.DOC.014042",,"C9GzU2YIgNp6Vw0n+VOm12lcWzn+J9JF",,,,0,0,0
"C0334C2DA2DF4AA3B89711071EB3B672","D11","OAES",,,,,,"grasslandHerbaceous",,,"2015-06-10",1,"DIV.OAES.2015.1","Y","BOHI","Bommeria hispida (Mett. ex Kuhn) Underw.","species",,,"NEON.DOC.014042",,"C9GzU2YIgNp6Vw0n+VOm12lcWzn+J9JF",,,,0,0,0
"5B9E39EBAB134239BD09D40C50344760","D11","OAES",,,,,,"grasslandHerbaceous",,,"2015-06-10",1,"DIV.OAES.2015.1","Y","THFI","Thelesperma filifolium (Hook.) A. Gray","species",,,"NEON.DOC.014042",,"C9GzU2YIgNp6Vw0n+VOm12lcWzn+J9JF",,,,0,0,0
"6653A5CE390B4D239575BCE3B71C0CB0","D11","OAES",,,,,,"grasslandHerbaceous",,,"2015-06-10",1,"DIV.OAES.2015.1","Y","PSTE5","Psoralidium tenuiflorum (Pursh) Rydb.","species",,,"NEON.DOC.014042",,"C9GzU2YIgNp6Vw0n+VOm12lcWzn+J9JF",,,,0,0,0
"37124824388A42599DC9C6B5B9D525AC","D11","OAES",,,,,,"grasslandHerbaceous",,,"2015-06-10",1,"DIV.OAES.2015.1","Y","PEGR7","Penstemon grandiflorus Nutt.","species",,,"NEON.DOC.014042",,"C9GzU2YIgNp6Vw0n+VOm12lcWzn+J9JF",,,,0,0,0
"43519F562FF64EAEB779334AC237190E","D11","OAES",,,,,,"grasslandHerbaceous",,,"2015-06-10",1,"DIV.OAES.2015.1","Y","PLVI","Plantago virginica L.","species",,,"NEON.DOC.014042",,"C9GzU2YIgNp6Vw0n+VOm12lcWzn+J9JF",,,,0,0,0
"C45F1987D31747559129257DDDA9E9DF","D11","OAES",,,,,,"grasslandHerbaceous",,,"2015-06-10",1,"DIV.OAES.2015.1","Y","TRDU","Tragopogon dubius Scop.","species",,,"NEON.DOC.014042",,"C9GzU2YIgNp6Vw0n+VOm12lcWzn+J9JF",,,,0,0,0
"0706998C10914A99AE4A0255082A4409","D11","OAES",,,,,,"grasslandHerbaceous",,,"2015-06-10",1,"DIV.OAES.2015.1","Y","ARSE2","Arenaria serpyllifolia L.","species",,,"NEON.DOC.014042",,"C9GzU2YIgNp6Vw0n+VOm12lcWzn+J9JF",,,,0,0,0
"208EA015779F4C839AEA2B15D1BCCF60","D11","OAES",,,,,,"grasslandHerbaceous",,,"2015-06-10",1,"DIV.OAES.2015.1","Y","MINU6","Mimosa nuttallii (DC. ex Britton & Rose) B.L. Turner","species",,,"NEON.DOC.014042",,"C9GzU2YIgNp6Vw0n+VOm12lcWzn+J9JF",,,,0,0,0
"3201C51B85A3451B93FDDE8CD6AE0058","D11","OAES",,,,,,"grasslandHerbaceous",,,"2015-06-10",1,"DIV.OAES.2015.1","Y","2PLANT","Unknown plant","kingdom",,"Unknown 4","NEON.DOC.014042",,"C9GzU2YIgNp6Vw0n+VOm12lcWzn+J9JF",,,,0,0,0
"92AB6A4BC8FB492380FC4FE9718ACA46","D11","OAES",,,,,,"grasslandHerbaceous",,,"2015-06-10",1,"DIV.OAES.2015.1","Y","EVPR","Evax prolifera Nutt. ex DC.","species",,,"NEON.DOC.014042",,"C9GzU2YIgNp6Vw0n+VOm12lcWzn+J9JF",,,,0,0,0
"F3E7D5F03503417B80E20BC18B01D262","D11","OAES",,,,,,"grasslandHerbaceous",,,"2015-06-10",1,"DIV.OAES.2015.1","Y","BOCU","Bouteloua curtipendula (Michx.) Torr.","species",,,"NEON.DOC.014042",,"C9GzU2YIgNp6Vw0n+VOm12lcWzn+J9JF",,,,0,0,0
"AE5FC3BFDB904F1E9F141EC88C79F339","D11","OAES",,,,,,"grasslandHerbaceous",,,"2015-06-10",1,"DIV.OAES.2015.1","Y","ELCA4","Elymus canadensis L.","species",,,"NEON.DOC.014042",,"C9GzU2YIgNp6Vw0n+VOm12lcWzn+J9JF",,,,0,0,0
"6F670E8A978E4BDDB98FB3C59FD55DFB","D11","OAES",,,,,,"grasslandHerbaceous",,,"2015-06-10",1,"DIV.OAES.2015.1","Y","ASAS","Asclepias asperula (Decne.) Woodson","species",,,"NEON.DOC.014042",,"C9GzU2YIgNp6Vw0n+VOm12lcWzn+J9JF",,,,0,0,0
"5C5B678910AA45B88A747AB1A66CCB38","D11","OAES",,,,,,"grasslandHerbaceous",,,"2015-06-10",1,"DIV.OAES.2015.1","Y","OPHU","Opuntia humifusa (Raf.) Raf.","species",,,"NEON.DOC.014042",,"C9GzU2YIgNp6Vw0n+VOm12lcWzn+J9JF",,,,0,0,0
"10ABF8F8AE31445E9E619A751F8088D9","D11","OAES",,35.408887,-99.056266,"WGS84",,,519.8,,"2015-06-10",1,"DIV.OAES.2015.1","Y","OEGR2","Oenothera grandis (Britton) Smyth","species","cf. species",,"NEON.DOC.014042",,"C9GzU2YIgNp6Vw0n+VOm12lcWzn+J9JF",,,,0,0,0
"FBD14ECDA099405F974F787FB70DFDAA","D11","OAES",,35.408887,-99.056266,"WGS84",,,519.8,,"2015-06-10",1,"DIV.OAES.2015.1","Y","CAHAF","Calylophus hartwegii (Benth.) P.H. Raven ssp. fendleri (A. Gray) Towner & P.H. Raven","subspecies",,,"NEON.DOC.014042",,"C9GzU2YIgNp6Vw0n+VOm12lcWzn+J9JF",,,,0,0,0
"45BE2896EDF34AA9B379F2E988A4D34D","D11","OAES",,35.408887,-99.056266,"WGS84",,,519.8,,"2015-06-10",1,"DIV.OAES.2015.1","Y","DRRE2","Draba reptans (Lam.) Fernald","species",,,"NEON.DOC.014042",,"C9GzU2YIgNp6Vw0n+VOm12lcWzn+J9JF",,,,0,0,0
"7529AB1E665A471F8D32BBD00FF1C438","D11","OAES",,35.408887,-99.056266,"WGS84",,,519.8,,"2015-06-10",1,"DIV.OAES.2015.1","Y","GLBI2","Glandularia bipinnatifida (Nutt.) Nutt.","species",,,"NEON.DOC.014042",,"C9GzU2YIgNp6Vw0n+VOm12lcWzn+J9JF",,,,0,0,0
"E938E2E2CCB0427AB118D8BA8F691B8F","D11","OAES",,35.408887,-99.056266,"WGS84",,,519.8,,"2015-06-10",1,"DIV.OAES.2015.1","Y","CEAM2","Centaurea americana Nutt.","species",,,"NEON.DOC.014042",,"C9GzU2YIgNp6Vw0n+VOm12lcWzn+J9JF",,,,0,0,0
"1F30F69CAADE4945AE38E7215795A24C","D11","OAES",,35.408887,-99.056266,"WGS84",,,519.8,,"2015-06-10",1,"DIV.OAES.2015.1","Y","MOCI","Monarda citriodora Cerv. ex Lag.","species",,,"NEON.DOC.014042",,"C9GzU2YIgNp6Vw0n+VOm12lcWzn+J9JF",,,,0,0,0
"DF375099E7164BCB81D9F56247198330","D11","OAES",,35.408887,-99.056266,"WGS84",,,519.8,,"2015-06-10",1,"DIV.OAES.2015.1","Y","GUSA2","Gutierrezia sarothrae (Pursh) Britton & Rusby","species",,,"NEON.DOC.014042",,"C9GzU2YIgNp6Vw0n+VOm12lcWzn+J9JF",,,,0,0,0
"4EB68F7D336F4DE88927AF8D7702EC63","D11","OAES",,35.408887,-99.056266,"WGS84",,,519.8,,"2015-06-10",1,"DIV.OAES.2015.1","Y","SERI2","Senecio riddellii Torr. & A. Gray","species",,,"NEON.DOC.014042",,"C9GzU2YIgNp6Vw0n+VOm12lcWzn+J9JF",,,,0,0,0
"2370534970C6486092AAFA5681456D57","D11","OAES",,35.408887,-99.056266,"WGS84",,,519.8,,"2015-06-10",1,"DIV.OAES.2015.1","Y","OPMA2","Opuntia macrorhiza Engelm.","species",,,"NEON.DOC.014042",,"C9GzU2YIgNp6Vw0n+VOm12lcWzn+J9JF",,,,0,0,0
"4A2F1170056F498E9A67AB52CBDB19EC","D11","OAES",,35.408887,-99.056266,"WGS84",,,519.8,,"2015-06-10",1,"DIV.OAES.2015.1","Y","LIRI","Linum rigidum Pursh","species",,,"NEON.DOC.014042",,"C9GzU2YIgNp6Vw0n+VOm12lcWzn+J9JF",,,,0,0,0
"69407AA69F884630AC0D5BED2371D4DE","D11","OAES",,35.408887,-99.056266,"WGS84",,,519.8,,"2015-06-10",1,"DIV.OAES.2015.1","Y","ASNU4","Astragalus nuttallianus DC.","species",,,"NEON.DOC.014042",,"C9GzU2YIgNp6Vw0n+VOm12lcWzn+J9JF",,,,0,0,0
"C03F65525AE94BDE9559E579F6237097","D11","OAES",,35.408887,-99.056266,"WGS84",,,519.8,,"2015-06-10",1,"DIV.OAES.2015.1","Y","ERIGE2","Erigeron sp.","genus","cf. genus",,"NEON.DOC.014042",,"C9GzU2YIgNp6Vw0n+VOm12lcWzn+J9JF",,,,0,0,0
"B5DCE214E8614DA0958EC351BE7A5A2E","D11","OAES",,35.408887,-99.056266,"WGS84",,,519.8,,"2015-06-10",1,"DIV.OAES.2015.1","Y","BRTE","Bromus tectorum L.","species",,,"NEON.DOC.014042",,"C9GzU2YIgNp6Vw0n+VOm12lcWzn+J9JF",,,,0,0,0
"19A2F9A2DDC3487CA1EDABF01112C48E","D11","OAES",,35.408887,-99.056266,"WGS84",,,519.8,,"2015-06-10",1,"DIV.OAES.2015.1","Y","ALCA3","Allium canadense L.","species",,,"NEON.DOC.014042",,"C9GzU2YIgNp6Vw0n+VOm12lcWzn+J9JF",,,,0,0,0
"F4C9AE97B30144059B10A2F29D31586C","D11","OAES",,35.408887,-99.056266,"WGS84",,,519.8,,"2015-06-10",1,"DIV.OAES.2015.1","Y","ERCI6","Erodium cicutarium (L.) L'Hr. ex Aiton","species",,,"NEON.DOC.014042",,"C9GzU2YIgNp6Vw0n+VOm12lcWzn+J9JF",,,,0,0,0
"53B3EBB29D5043F486C172BB5B0FA5C9","D11","OAES",,35.408887,-99.056266,"WGS84",,,519.8,,"2015-06-10",1,"DIV.OAES.2015.1","Y","SPEC2","Spermolepis echinata (Nutt. ex DC.) A. Heller","species","cf. species",,"NEON.DOC.014042",,"C9GzU2YIgNp6Vw0n+VOm12lcWzn+J9JF",,,,0,0,0
"9DC46E1245BB4F4D80BD5D5AF326EDDD","D11","OAES",,35.408887,-99.056266,"WGS84",,,519.8,,"2015-06-10",1,"DIV.OAES.2015.1","Y","CHVE2","Chloris verticillata Nutt.","species",,,"NEON.DOC.014042",,"C9GzU2YIgNp6Vw0n+VOm12lcWzn+J9JF",,,,0,0,0
"EE8EED5C4D18409D8DA6E59EC4CBB679","D11","OAES",,35.408887,-99.056266,"WGS84",,,519.8,,"2015-06-10",1,"DIV.OAES.2015.1","Y","CEBR3","Cerastium brachypodum (Engelm. ex A. Gray) B.L. Rob.","species",,,"NEON.DOC.014042",,"C9GzU2YIgNp6Vw0n+VOm12lcWzn+J9JF",,,,0,0,0
"B3D5FC3B512C4A0DAFD8CEE820AC76C7","D11","OAES",,35.408887,-99.056266,"WGS84",,,519.8,,"2015-06-10",1,"DIV.OAES.2015.1","Y","SALVI","Salvia sp.","genus",,,"NEON.DOC.014042",,"C9GzU2YIgNp6Vw0n+VOm12lcWzn+J9JF",,,,0,0,0
"41E57BFD99A94FB1BC033D727FD541B5","D11","OAES",,35.408887,-99.056266,"WGS84",,,519.8,,"2015-06-10",1,"DIV.OAES.2015.1","Y","PYGR2","Pyrrhopappus grandiflorus (Nutt.) Nutt.","species",,,"NEON.DOC.014042",,"C9GzU2YIgNp6Vw0n+VOm12lcWzn+J9JF",,,,0,0,0
"69F8888F6E0E43D3B1D7F399594247F6","D11","OAES",,35.408887,-99.056266,"WGS84",,,519.8,,"2015-06-10",1,"DIV.OAES.2015.1","Y","DAPU5","Dalea purpurea Vent.","species",,,"NEON.DOC.014042",,"C9GzU2YIgNp6Vw0n+VOm12lcWzn+J9JF",,,,0,0,0
"F7C107E06D3447B4BA4703742B1EF52A","D11","OAES",,35.408887,-99.056266,"WGS84",,,519.8,,"2015-06-10",1,"DIV.OAES.2015.1","Y","THFI","Thelesperma filifolium (Hook.) A. Gray","species",,,"NEON.DOC.014042",,"C9GzU2YIgNp6Vw0n+VOm12lcWzn+J9JF",,,,0,0,0
"843B6C3FC20F4A16975962F3A8C205EC","D11","OAES",,35.408887,-99.056266,"WGS84",,,519.8,,"2015-06-10",1,"DIV.OAES.2015.1","Y","PHHE5","Physalis heterophylla Nees","species","cf. species",,"NEON.DOC.014042",,"C9GzU2YIgNp6Vw0n+VOm12lcWzn+J9JF",,,,0,0,0
"4E3DADBEB346480080C476A9D2F94B48","D11","OAES",,35.408887,-99.056266,"WGS84",,,519.8,,"2015-06-10",1,"DIV.OAES.2015.1","Y","VUOC","Vulpia octoflora (Walter) Rydb.","species",,,"NEON.DOC.014042",,"C9GzU2YIgNp6Vw0n+VOm12lcWzn+J9JF",,,,0,0,0
"B9744292C6224827A8DE1ADFA8EE66A4","D11","OAES",,35.408887,-99.056266,"WGS84",,,519.8,,"2015-06-10",1,"DIV.OAES.2015.1","Y","PLVI","Plantago virginica L.","species",,,"NEON.DOC.014042",,"C9GzU2YIgNp6Vw0n+VOm12lcWzn+J9JF",,,,0,0,0
"D691F2C7AC9F462FB886742A67E5E51E","D11","OAES",,35.408887,-99.056266,"WGS84",,,519.8,,"2015-06-10",1,"DIV.OAES.2015.1","Y","TRDU","Tragopogon dubius Scop.","species",,,"NEON.DOC.014042",,"C9GzU2YIgNp6Vw0n+VOm12lcWzn+J9JF",,,,0,0,0
"FBDF1FDA863A4189AAEAD4D5052B5E2B","D11","OAES",,35.408887,-99.056266,"WGS84",,,519.8,,"2015-06-10",1,"DIV.OAES.2015.1","Y","BODA2","Bouteloua dactyloides (Nutt.) J.T. Columbus","species",,,"NEON.DOC.014042",,"C9GzU2YIgNp6Vw0n+VOm12lcWzn+J9JF",,,,0,0,0
"59B6F79748614EA081D62223D1A3CF73","D11","OAES",,35.408887,-99.056266,"WGS84",,,519.8,,"2015-06-10",1,"DIV.OAES.2015.1","Y","ASAS","Asclepias asperula (Decne.) Woodson","species",,,"NEON.DOC.014042",,"C9GzU2YIgNp6Vw0n+VOm12lcWzn+J9JF",,,,0,0,0
"80673A5CC78A49839A4620E690B1E39A","D11","OAES",,35.408887,-99.056266,"WGS84",,,519.8,,"2015-06-10",1,"DIV.OAES.2015.1","Y","GRAD2","Grindelia adenodonta (Steyerm.) G.L. Nesom","species",,,"NEON.DOC.014042",,"C9GzU2YIgNp6Vw0n+VOm12lcWzn+J9JF",,,,0,0,0
"B15BFB1DE9E24A6397CC68ABE6A78E90","D11","OAES",,35.404309,-99.059225,"WGS84",,,510.5,,"2015-06-10",1,"DIV.OAES.2015.1","Y","SIAN3","Sisyrinchium angustifolium Mill.","species",,,"NEON.DOC.014042",,"+iQvVZ4QDC/6AZ19AJv4/Z5pPlRFlUUb",,,,0,0,0
"B486C397563F4B42ACE853439FDACDC4","D11","OAES",,35.404309,-99.059225,"WGS84",,,510.5,,"2015-06-10",1,"DIV.OAES.2015.1","Y","DRRE2","Draba reptans (Lam.) Fernald","species",,,"NEON.DOC.014042",,"+iQvVZ4QDC/6AZ19AJv4/Z5pPlRFlUUb",,,,0,0,0
"90FC4D48D74A4D288B2FD8AA6109EADB","D11","OAES",,35.404309,-99.059225,"WGS84",,,510.5,,"2015-06-10",1,"DIV.OAES.2015.1","Y","GAVI","Galium virgatum Nutt.","species",,,"NEON.DOC.014042",,"+iQvVZ4QDC/6AZ19AJv4/Z5pPlRFlUUb",,,,0,0,0
"29C3E3745D2C477A840D1F067B66CF47","D11","OAES",,35.404309,-99.059225,"WGS84",,,510.5,,"2015-06-10",1,"DIV.OAES.2015.1","Y","CEAM2","Centaurea americana Nutt.","species",,,"NEON.DOC.014042",,"+iQvVZ4QDC/6AZ19AJv4/Z5pPlRFlUUb",,,,0,0,0
"8573573FD3E447A9AA8645C02C20762D","D11","OAES",,35.404309,-99.059225,"WGS84",,,510.5,,"2015-06-10",1,"DIV.OAES.2015.1","Y","PLAR3","Plantago aristata Michx.","species",,,"NEON.DOC.014042",,"+iQvVZ4QDC/6AZ19AJv4/Z5pPlRFlUUb",,,,0,0,0
"ABFD351909F34B349DA11651C38930F9","D11","OAES",,35.404309,-99.059225,"WGS84",,,510.5,,"2015-06-10",1,"DIV.OAES.2015.1","Y","MOCI","Monarda citriodora Cerv. ex Lag.","species",,,"NEON.DOC.014042",,"+iQvVZ4QDC/6AZ19AJv4/Z5pPlRFlUUb",,,,0,0,0
"202C06EDEDFD4F1EB839A9DCAFAC2A51","D11","OAES",,35.404309,-99.059225,"WGS84",,,510.5,,"2015-06-10",1,"DIV.OAES.2015.1","Y","GUSA2","Gutierrezia sarothrae (Pursh) Britton & Rusby","species",,,"NEON.DOC.014042",,"+iQvVZ4QDC/6AZ19AJv4/Z5pPlRFlUUb",,,,0,0,0
"0AA0E7708AA845BF914BB96131DAC9BB","D11","OAES",,35.404309,-99.059225,"WGS84",,,510.5,,"2015-06-10",1,"DIV.OAES.2015.1","Y","OPMA2","Opuntia macrorhiza Engelm.","species",,,"NEON.DOC.014042",,"+iQvVZ4QDC/6AZ19AJv4/Z5pPlRFlUUb",,,,0,0,0
"1461C0C66F6D4D5EA1B0E4F4B7FE0D64","D11","OAES",,35.404309,-99.059225,"WGS84",,,510.5,,"2015-06-10",1,"DIV.OAES.2015.1","Y","CRCA6","Croton capitatus Michx.","species",,,"NEON.DOC.014042",,"+iQvVZ4QDC/6AZ19AJv4/Z5pPlRFlUUb",,,,0,0,0
"EA0061A12B1D4A5CBE1E91E1ED182B16","D11","OAES",,35.404309,-99.059225,"WGS84",,,510.5,,"2015-06-10",1,"DIV.OAES.2015.1","Y","AMPS","Ambrosia psilostachya DC.","species",,,"NEON.DOC.014042",,"+iQvVZ4QDC/6AZ19AJv4/Z5pPlRFlUUb",,,,0,0,0
"5BF79DF04AB44323BBBF695F910B6460","D11","OAES",,35.404309,-99.059225,"WGS84",,,510.5,,"2015-06-10",1,"DIV.OAES.2015.1","Y","ASNU4","Astragalus nuttallianus DC.","species",,,"NEON.DOC.014042",,"+iQvVZ4QDC/6AZ19AJv4/Z5pPlRFlUUb",,,,0,0,0
"18EBBF9463E04760B17B6F120A0FFAB2","D11","OAES",,35.404309,-99.059225,"WGS84",,,510.5,,"2015-06-10",1,"DIV.OAES.2015.1","Y","ERIGE2","Erigeron sp.","genus","cf. genus",,"NEON.DOC.014042",,"+iQvVZ4QDC/6AZ19AJv4/Z5pPlRFlUUb",,,,0,0,0
"26414C6F2A6240D3A4A9D1DAA546AD27","D11","OAES",,35.404309,-99.059225,"WGS84",,,510.5,,"2015-06-10",1,"DIV.OAES.2015.1","Y","BASC5","Bassia scoparia (L.) A.J. Scott","species",,,"NEON.DOC.014042",,"+iQvVZ4QDC/6AZ19AJv4/Z5pPlRFlUUb",,,,0,0,0
"698C5BEECE984259B33D047D75A766D6","D11","OAES",,35.404309,-99.059225,"WGS84",,,510.5,,"2015-06-10",1,"DIV.OAES.2015.1","Y","ALCA3","Allium canadense L.","species",,,"NEON.DOC.014042",,"+iQvVZ4QDC/6AZ19AJv4/Z5pPlRFlUUb",,,,0,0,0
"0DE3EF9030D545B5AF4669CD32182A34","D11","OAES",,35.404309,-99.059225,"WGS84",,,510.5,,"2015-06-10",1,"DIV.OAES.2015.1","Y","OXDI2","Oxalis dillenii Jacq.","species",,,"NEON.DOC.014042",,"+iQvVZ4QDC/6AZ19AJv4/Z5pPlRFlUUb",,,,0,0,0
"4441FABBCD29470ABE0FF0DFEB018D67","D11","OAES",,35.404309,-99.059225,"WGS84",,,510.5,,"2015-06-10",1,"DIV.OAES.2015.1","Y","ERCI6","Erodium cicutarium (L.) L'Hr. ex Aiton","species",,,"NEON.DOC.014042",,"+iQvVZ4QDC/6AZ19AJv4/Z5pPlRFlUUb",,,,0,0,0
"214113BBF48C4B41862515626293B540","D11","OAES",,35.404309,-99.059225,"WGS84",,,510.5,,"2015-06-10",1,"DIV.OAES.2015.1","Y","CHVE2","Chloris verticillata Nutt.","species",,,"NEON.DOC.014042",,"+iQvVZ4QDC/6AZ19AJv4/Z5pPlRFlUUb",,,,0,0,0
"62BADD1492884F4DA32884D4A35AB4AA","D11","OAES",,35.404309,-99.059225,"WGS84",,,510.5,,"2015-06-10",1,"DIV.OAES.2015.1","Y","ERPI5","Erioneuron pilosum (Buckley) Nash","species","cf. species",,"NEON.DOC.014042",,"+iQvVZ4QDC/6AZ19AJv4/Z5pPlRFlUUb",,,,0,0,0
"FDC1BEFA6F084E0A875FBB9F563111FC","D11","OAES",,35.404309,-99.059225,"WGS84",,,510.5,,"2015-06-10",1,"DIV.OAES.2015.1","Y","SALVI","Salvia sp.","genus",,,"NEON.DOC.014042",,"+iQvVZ4QDC/6AZ19AJv4/Z5pPlRFlUUb",,,,0,0,0
"76440BFBB1584D69813E9E88C5713F38","D11","OAES",,35.404309,-99.059225,"WGS84",,,510.5,,"2015-06-10",1,"DIV.OAES.2015.1","Y","LASE","Lactuca serriola L.","species",,,"NEON.DOC.014042",,"+iQvVZ4QDC/6AZ19AJv4/Z5pPlRFlUUb",,,,0,0,0
"BF094390C0B14C3B9E7FF70E0549D846","D11","OAES",,35.404309,-99.059225,"WGS84",,,510.5,,"2015-06-10",1,"DIV.OAES.2015.1","Y","PLPA2","Plantago patagonica Jacq.","species",,,"NEON.DOC.014042",,"+iQvVZ4QDC/6AZ19AJv4/Z5pPlRFlUUb",,,,0,0,0
"7F70587AAEC94EDCA0EF37FEEE7C9AEC","D11","OAES",,35.404309,-99.059225,"WGS84",,,510.5,,"2015-06-10",1,"DIV.OAES.2015.1","Y","BOHI","Bommeria hispida (Mett. ex Kuhn) Underw.","species",,,"NEON.DOC.014042",,"+iQvVZ4QDC/6AZ19AJv4/Z5pPlRFlUUb",,,,0,0,0
"78CC7527D04E4CA4AF687EF4687E2C73","D11","OAES",,35.404309,-99.059225,"WGS84",,,510.5,,"2015-06-10",1,"DIV.OAES.2015.1","Y","TRFL2","Tridens flavus (L.) Hitchc.","species",,,"NEON.DOC.014042",,"+iQvVZ4QDC/6AZ19AJv4/Z5pPlRFlUUb",,,,0,0,0
"107AB966AAFF4EF3A96CF89BF734823A","D11","OAES",,35.404309,-99.059225,"WGS84",,,510.5,,"2015-06-10",1,"DIV.OAES.2015.1","Y","PSTE5","Psoralidium tenuiflorum (Pursh) Rydb.","species",,,"NEON.DOC.014042",,"+iQvVZ4QDC/6AZ19AJv4/Z5pPlRFlUUb",,,,0,0,0
"01389378815A46E481FAD095D7B8B492","D11","OAES",,35.404309,-99.059225,"WGS84",,,510.5,,"2015-06-10",1,"DIV.OAES.2015.1","Y","PLVI","Plantago virginica L.","species",,,"NEON.DOC.014042",,"+iQvVZ4QDC/6AZ19AJv4/Z5pPlRFlUUb",,,,0,0,0
"22D0900FC514430E9725D10D09A65701","D11","OAES",,35.404309,-99.059225,"WGS84",,,510.5,,"2015-06-10",1,"DIV.OAES.2015.1","Y","TRDU","Tragopogon dubius Scop.","species",,,"NEON.DOC.014042",,"+iQvVZ4QDC/6AZ19AJv4/Z5pPlRFlUUb",,,,0,0,0
"6C4197EEB2794093BACAA56B5C908360","D11","OAES",,35.404309,-99.059225,"WGS84",,,510.5,,"2015-06-10",1,"DIV.OAES.2015.1","Y","ARSE2","Arenaria serpyllifolia L.","species",,,"NEON.DOC.014042",,"+iQvVZ4QDC/6AZ19AJv4/Z5pPlRFlUUb",,,,0,0,0
"308E4E52C4C84B7FA315B54A7734631E","D11","OAES",,35.404309,-99.059225,"WGS84",,,510.5,,"2015-06-10",1,"DIV.OAES.2015.1","Y","GAPU","Gaillardia pulchella Foug.","species",,,"NEON.DOC.014042",,"+iQvVZ4QDC/6AZ19AJv4/Z5pPlRFlUUb",,,,0,0,0
"6105E6C0AD2F4E0697E19DA945CA9A62","D11","OAES",,35.404309,-99.059225,"WGS84",,,510.5,,"2015-06-10",1,"DIV.OAES.2015.1","Y","SCSC","Schizachyrium scoparium (Michx.) Nash","species",,,"NEON.DOC.014042",,"+iQvVZ4QDC/6AZ19AJv4/Z5pPlRFlUUb",,,,0,0,0
"D6D32E9EE92A441DB20375B9B88253DA","D11","OAES",,35.404309,-99.059225,"WGS84",,,510.5,,"2015-06-10",1,"DIV.OAES.2015.1","Y","CAPU11","Castilleja purpurea (Nutt.) G. Don","species",,,"NEON.DOC.014042",,"+iQvVZ4QDC/6AZ19AJv4/Z5pPlRFlUUb",,,,0,0,0
"8406C208BAAC46E9A2195AF351607EE1","D11","OAES",,35.404309,-99.059225,"WGS84",,,510.5,,"2015-06-10",1,"DIV.OAES.2015.1","Y","BOCU","Bouteloua curtipendula (Michx.) Torr.","species",,,"NEON.DOC.014042",,"+iQvVZ4QDC/6AZ19AJv4/Z5pPlRFlUUb",,,,0,0,0
"27B841E041714BD78776410F178F5655","D11","OAES",,35.404309,-99.059225,"WGS84",,,510.5,,"2015-06-10",1,"DIV.OAES.2015.1","Y","OPHU","Opuntia humifusa (Raf.) Raf.","species",,,"NEON.DOC.014042",,"+iQvVZ4QDC/6AZ19AJv4/Z5pPlRFlUUb",,,,0,0,0
"99B0FBD012A54832B805D645D3F8458D","D11","OAES",,35.405108,-99.058568,"WGS84",,,514.2,,"2015-06-10",1,"DIV.OAES.2015.1","Y","CAHAF","Calylophus hartwegii (Benth.) P.H. Raven ssp. fendleri (A. Gray) Towner & P.H. Raven","subspecies",,,"NEON.DOC.014042",,"C9GzU2YIgNp6Vw0n+VOm12lcWzn+J9JF",,,,0,0,0
"B99A04C035AE45B7BB54BE07E6B51F7E","D11","OAES",,35.405108,-99.058568,"WGS84",,,514.2,,"2015-06-10",1,"DIV.OAES.2015.1","Y","DRRE2","Draba reptans (Lam.) Fernald","species",,,"NEON.DOC.014042",,"C9GzU2YIgNp6Vw0n+VOm12lcWzn+J9JF",,,,0,0,0
"11F86F53011642E0A393A7DE5F9640B3","D11","OAES",,35.405108,-99.058568,"WGS84",,,514.2,,"2015-06-10",1,"DIV.OAES.2015.1","Y","ARPU9","Aristida purpurea Nutt.","species",,,"NEON.DOC.014042",,"C9GzU2YIgNp6Vw0n+VOm12lcWzn+J9JF",,,,0,0,0
"29C58413F9524A7A8C6355370090C775","D11","OAES",,35.405108,-99.058568,"WGS84",,,514.2,,"2015-06-10",1,"DIV.OAES.2015.1","Y","SCRE3","Scutellaria resinosa Torr.","species",,,"NEON.DOC.014042",,"C9GzU2YIgNp6Vw0n+VOm12lcWzn+J9JF",,,,0,0,0
"C972223A9D5A4D06A81E186AEEF8A883","D11","OAES",,35.405108,-99.058568,"WGS84",,,514.2,,"2015-06-10",1,"DIV.OAES.2015.1","Y","2PLANT","Unknown plant","kingdom",,"five leaflet","NEON.DOC.014042",,"C9GzU2YIgNp6Vw0n+VOm12lcWzn+J9JF","unknown2",,,0,0,0
"530D2C67D1454CD2A32CC4AFDE945059","D11","OAES",,35.405108,-99.058568,"WGS84",,,514.2,,"2015-06-10",1,"DIV.OAES.2015.1","Y","GUSA2","Gutierrezia sarothrae (Pursh) Britton & Rusby","species",,,"NEON.DOC.014042",,"C9GzU2YIgNp6Vw0n+VOm12lcWzn+J9JF",,,,0,0,0
"F2FE21AC2CCC4607A56FA225DCAF315D","D11","OAES",,35.405108,-99.058568,"WGS84",,,514.2,,"2015-06-10",1,"DIV.OAES.2015.1","Y","SERI2","Senecio riddellii Torr. & A. Gray","species",,,"NEON.DOC.014042",,"C9GzU2YIgNp6Vw0n+VOm12lcWzn+J9JF",,,,0,0,0
"55FF79968C6B445DBC1B19095C1C11C2","D11","OAES",,35.405108,-99.058568,"WGS84",,,514.2,,"2015-06-10",1,"DIV.OAES.2015.1","Y","CRCA6","Croton capitatus Michx.","species",,,"NEON.DOC.014042",,"C9GzU2YIgNp6Vw0n+VOm12lcWzn+J9JF",,,,0,0,0
"B75CF55F643241E88A97C50EDCFEA873","D11","OAES",,35.405108,-99.058568,"WGS84",,,514.2,,"2015-06-10",1,"DIV.OAES.2015.1","Y","AMPS","Ambrosia psilostachya DC.","species",,,"NEON.DOC.014042",,"C9GzU2YIgNp6Vw0n+VOm12lcWzn+J9JF",,,,0,0,0
"32B7F29291D34658B359ADC5E8302227","D11","OAES",,35.405108,-99.058568,"WGS84",,,514.2,,"2015-06-10",1,"DIV.OAES.2015.1","Y","BOGR2","Bouteloua gracilis (Willd. ex Kunth) Lag. ex Griffiths","species",,,"NEON.DOC.014042",,"C9GzU2YIgNp6Vw0n+VOm12lcWzn+J9JF",,,,0,0,0
"087EA457C31344488F30F08864301645","D11","OAES",,35.405108,-99.058568,"WGS84",,,514.2,,"2015-06-10",1,"DIV.OAES.2015.1","Y","ERIGE2","Erigeron sp.","genus","cf. genus",,"NEON.DOC.014042",,"C9GzU2YIgNp6Vw0n+VOm12lcWzn+J9JF",,,,0,0,0
"D9839B0C46994662AF4E480ECC0B73AF","D11","OAES",,35.405108,-99.058568,"WGS84",,,514.2,,"2015-06-10",1,"DIV.OAES.2015.1","Y","BASC5","Bassia scoparia (L.) A.J. Scott","species",,,"NEON.DOC.014042",,"C9GzU2YIgNp6Vw0n+VOm12lcWzn+J9JF",,,,0,0,0
"93E10782190040158EFAFF97D71C39DD","D11","OAES",,35.405108,-99.058568,"WGS84",,,514.2,,"2015-06-10",1,"DIV.OAES.2015.1","Y","BOLA2","Bothriochloa laguroides (DC.) Herter","species",,,"NEON.DOC.014042",,"C9GzU2YIgNp6Vw0n+VOm12lcWzn+J9JF",,,,0,0,0
"09C063C1710A462A889C34A34E613A4A","D11","OAES",,35.405108,-99.058568,"WGS84",,,514.2,,"2015-06-10",1,"DIV.OAES.2015.1","Y","ERPI5","Erioneuron pilosum (Buckley) Nash","species",,,"NEON.DOC.014042",,"C9GzU2YIgNp6Vw0n+VOm12lcWzn+J9JF",,,,0,0,0
"FD69B65F5A1149A580A997A7C305BF6E","D11","OAES",,35.405108,-99.058568,"WGS84",,,514.2,,"2015-06-10",1,"DIV.OAES.2015.1","Y","CEBR3","Cerastium brachypodum (Engelm. ex A. Gray) B.L. Rob.","species",,,"NEON.DOC.014042",,"C9GzU2YIgNp6Vw0n+VOm12lcWzn+J9JF",,,,0,0,0
"DD400944B954481D881E229F1FDBB43F","D11","OAES",,35.405108,-99.058568,"WGS84",,,514.2,,"2015-06-10",1,"DIV.OAES.2015.1","Y","EULO2","Euphorbia longicruris Scheele","species",,,"NEON.DOC.014042",,"C9GzU2YIgNp6Vw0n+VOm12lcWzn+J9JF",,,,0,0,0
"84BD8011B2A6422E99E5F8CCB24A0FED","D11","OAES",,35.405108,-99.058568,"WGS84",,,514.2,,"2015-06-10",1,"DIV.OAES.2015.1","Y","PLPA2","Plantago patagonica Jacq.","species",,,"NEON.DOC.014042",,"C9GzU2YIgNp6Vw0n+VOm12lcWzn+J9JF",,,,0,0,0
"2566521D76984C4792B428C8172BC66C","D11","OAES",,35.405108,-99.058568,"WGS84",,,514.2,,"2015-06-10",1,"DIV.OAES.2015.1","Y","ZIGR","Zinnia grandiflora Nutt.","species",,,"NEON.DOC.014042",,"C9GzU2YIgNp6Vw0n+VOm12lcWzn+J9JF",,,,0,0,0
"F6CD8B65AAE84851AB33170BA03FFB02","D11","OAES",,35.409965,-99.061216,"WGS84",0.1,"grasslandHerbaceous",512.4,0.1,"2015-06-16",1,"DIV.OAES.2015.1","Y","ASAS","Asclepias asperula (Decne.) Woodson","species",,,"NEON.DOC.014042",,"C9GzU2YIgNp6Vw0n+VOm12lcWzn+J9JF",,,,0,0,0
"EBF8E0763D50457AB63899378A420218","D11","OAES",,35.409965,-99.061216,"WGS84",0.1,"grasslandHerbaceous",512.4,0.1,"2015-06-16",1,"DIV.OAES.2015.1","Y","GRAD2","Grindelia adenodonta (Steyerm.) G.L. Nesom","species",,,"NEON.DOC.014042",,"C9GzU2YIgNp6Vw0n+VOm12lcWzn+J9JF",,,,0,0,0
"20845821BFBB4A2DB72CE3D997269BF7","D11","OAES",,35.409965,-99.061216,"WGS84",0.1,"grasslandHerbaceous",512.4,0.1,"2015-06-16",1,"DIV.OAES.2015.1","Y","MINU6","Mimosa nuttallii (DC. ex Britton & Rose) B.L. Turner","species",,,"NEON.DOC.014042",,"C9GzU2YIgNp6Vw0n+VOm12lcWzn+J9JF",,,,0,0,0
"1B0665F75C6248098FAC8C3FF951B1D4","D11","OAES",,35.409965,-99.061216,"WGS84",0.1,"grasslandHerbaceous",512.4,0.1,"2015-06-16",1,"DIV.OAES.2015.1","Y","SCSC","Schizachyrium scoparium (Michx.) Nash","species",,,"NEON.DOC.014042",,"C9GzU2YIgNp6Vw0n+VOm12lcWzn+J9JF",,,,0,0,0
"B1768BFF5A70487AA93F2BDD0CAFF521","D11","OAES",,35.409965,-99.061216,"WGS84",0.1,"grasslandHerbaceous",512.4,0.1,"2015-06-16",1,"DIV.OAES.2015.1","Y","BODA2","Bouteloua dactyloides (Nutt.) J.T. Columbus","species",,,"NEON.DOC.014042",,"C9GzU2YIgNp6Vw0n+VOm12lcWzn+J9JF",,,,0,0,0
"52832997A83946A39E221C0F5173A3CD","D11","OAES",,35.409965,-99.061216,"WGS84",0.1,"grasslandHerbaceous",512.4,0.1,"2015-06-16",1,"DIV.OAES.2015.1","Y","GECA5","Geranium carolinianum L.","species",,,"NEON.DOC.014042",,"C9GzU2YIgNp6Vw0n+VOm12lcWzn+J9JF",,,,0,0,0
"B0BD8BDFD67F4E779CE2D16447DF6BB1","D11","OAES",,35.409965,-99.061216,"WGS84",0.1,"grasslandHerbaceous",512.4,0.1,"2015-06-16",1,"DIV.OAES.2015.1","Y","PLVI","Plantago virginica L.","species",,,"NEON.DOC.014042",,"C9GzU2YIgNp6Vw0n+VOm12lcWzn+J9JF",,,,0,0,0
"F9FBB8BC326A4D58A14C957482D65F43","D11","OAES",,35.409965,-99.061216,"WGS84",0.1,"grasslandHerbaceous",512.4,0.1,"2015-06-16",1,"DIV.OAES.2015.1","Y","CIUN","Cirsium undulatum (Nutt.) Spreng.","species",,,"NEON.DOC.014042",,"C9GzU2YIgNp6Vw0n+VOm12lcWzn+J9JF",,,,0,0,0
"A03E63B39E4143B0BD6A3A2CA9B3DA35","D11","OAES",,35.409965,-99.061216,"WGS84",0.1,"grasslandHerbaceous",512.4,0.1,"2015-06-16",1,"DIV.OAES.2015.1","Y","SORO","Solanum rostratum Dunal","species",,,"NEON.DOC.014042",,"C9GzU2YIgNp6Vw0n+VOm12lcWzn+J9JF",,,,0,0,0
"D8D08C3A9E7642F5A1310E824B28B7B0","D11","OAES",,35.409965,-99.061216,"WGS84",0.1,"grasslandHerbaceous",512.4,0.1,"2015-06-16",1,"DIV.OAES.2015.1","Y","GASU","Gaillardia suavis (A. Gray & Engelm.) Britton & Rusby","species",,,"NEON.DOC.014042",,"C9GzU2YIgNp6Vw0n+VOm12lcWzn+J9JF",,,,0,0,0
"0FD2DE808A9D4DE0BABFD92CDD628131","D11","OAES",,35.409965,-99.061216,"WGS84",0.1,"grasslandHerbaceous",512.4,0.1,"2015-06-16",1,"DIV.OAES.2015.1","Y","TRFL2","Tridens flavus (L.) Hitchc.","species",,,"NEON.DOC.014042",,"C9GzU2YIgNp6Vw0n+VOm12lcWzn+J9JF",,,,0,0,0
"0C3BD6E258DA4934A4B47ADBFE371879","D11","OAES",,35.409965,-99.061216,"WGS84",0.1,"grasslandHerbaceous",512.4,0.1,"2015-06-16",1,"DIV.OAES.2015.1","Y","PSTE5","Psoralidium tenuiflorum (Pursh) Rydb.","species",,,"NEON.DOC.014042",,"C9GzU2YIgNp6Vw0n+VOm12lcWzn+J9JF",,,,0,0,0
"62769B6593B14C4D9B6D7E76A9EBCC1D","D11","OAES",,35.409965,-99.061216,"WGS84",0.1,"grasslandHerbaceous",512.4,0.1,"2015-06-16",1,"DIV.OAES.2015.1","Y","PHHE5","Physalis heterophylla Nees","species",,,"NEON.DOC.014042",,"C9GzU2YIgNp6Vw0n+VOm12lcWzn+J9JF",,,,0,0,0
"1512C1E726264CF0AC4066E84E4C0F5D","D11","OAES",,35.409965,-99.061216,"WGS84",0.1,"grasslandHerbaceous",512.4,0.1,"2015-06-16",1,"DIV.OAES.2015.1","Y","EUMA8","Euphorbia marginata Pursh","species",,,"NEON.DOC.014042",,"C9GzU2YIgNp6Vw0n+VOm12lcWzn+J9JF",,,,0,0,0
"CB1413A785734345B97BCA0427E2C3D9","D11","OAES",,35.409965,-99.061216,"WGS84",0.1,"grasslandHerbaceous",512.4,0.1,"2015-06-16",1,"DIV.OAES.2015.1","Y","TRRA5","Tragia ramosa Torr.","species","cf. species",,"NEON.DOC.014042",,"C9GzU2YIgNp6Vw0n+VOm12lcWzn+J9JF",,,,0,0,0
"A4121A0624E244D6B112F038FEA7DD9B","D11","OAES",,35.409965,-99.061216,"WGS84",0.1,"grasslandHerbaceous",512.4,0.1,"2015-06-16",1,"DIV.OAES.2015.1","Y","DAPU5","Dalea purpurea Vent.","species",,,"NEON.DOC.014042",,"C9GzU2YIgNp6Vw0n+VOm12lcWzn+J9JF",,,,0,0,0
"34F52B3C1E594D719843079351AC4190","D11","OAES",,35.409965,-99.061216,"WGS84",0.1,"grasslandHerbaceous",512.4,0.1,"2015-06-16",1,"DIV.OAES.2015.1","Y","CONYZ","Conyza sp.","genus","cf. genus",,"NEON.DOC.014042",,"C9GzU2YIgNp6Vw0n+VOm12lcWzn+J9JF",,,,0,0,0
"6C3D3D5FCF25405D9ED2EAACEE14C5AD","D11","OAES",,35.409965,-99.061216,"WGS84",0.1,"grasslandHerbaceous",512.4,0.1,"2015-06-16",1,"DIV.OAES.2015.1","Y","CEBR3","Cerastium brachypodum (Engelm. ex A. Gray) B.L. Rob.","species",,,"NEON.DOC.014042",,"C9GzU2YIgNp6Vw0n+VOm12lcWzn+J9JF",,,,0,0,0
"618BB8F38AB345AFB9C18A756B0FBDAB","D11","OAES",,35.409965,-99.061216,"WGS84",0.1,"grasslandHerbaceous",512.4,0.1,"2015-06-16",1,"DIV.OAES.2015.1","Y","GACO5","Gaura coccinea Nutt. ex Pursh","species",,,"NEON.DOC.014042",,"C9GzU2YIgNp6Vw0n+VOm12lcWzn+J9JF",,,,0,0,0
"3CD85A448EDF48D593F7F1D86F813ECA","D11","OAES",,35.409965,-99.061216,"WGS84",0.1,"grasslandHerbaceous",512.4,0.1,"2015-06-16",1,"DIV.OAES.2015.1","Y","LASE","Lactuca serriola L.","species",,,"NEON.DOC.014042",,"C9GzU2YIgNp6Vw0n+VOm12lcWzn+J9JF",,,,0,0,0
"BD6867C4C962450FBD280F5D0824366E","D11","OAES",,35.409965,-99.061216,"WGS84",0.1,"grasslandHerbaceous",512.4,0.1,"2015-06-16",1,"DIV.OAES.2015.1","Y","2PLANT","Unknown plant","kingdom",,"Gaco5","NEON.DOC.014042",,"C9GzU2YIgNp6Vw0n+VOm12lcWzn+J9JF",,,,0,0,0
"B892FD60E9F54168B1E2A5C1E3772D09","D11","OAES",,35.409965,-99.061216,"WGS84",0.1,"grasslandHerbaceous",512.4,0.1,"2015-06-16",1,"DIV.OAES.2015.1","Y","OXDI2","Oxalis dillenii Jacq.","species",,,"NEON.DOC.014042",,"C9GzU2YIgNp6Vw0n+VOm12lcWzn+J9JF","#",,,0,0,0
"294C6D8F3E5D4432A63792BDB27FE9F7","D11","OAES",,35.409965,-99.061216,"WGS84",0.1,"grasslandHerbaceous",512.4,0.1,"2015-06-16",1,"DIV.OAES.2015.1","Y","ANGE","Andropogon gerardii Vitman","species",,,"NEON.DOC.014042",,"C9GzU2YIgNp6Vw0n+VOm12lcWzn+J9JF",,,,0,0,0
"F6D6A7797D0C4F8C81E224222FAE23FD","D11","OAES",,35.409965,-99.061216,"WGS84",0.1,"grasslandHerbaceous",512.4,0.1,"2015-06-16",1,"DIV.OAES.2015.1","Y","ERIGE2","Erigeron sp.","genus","cf. genus",,"NEON.DOC.014042",,"C9GzU2YIgNp6Vw0n+VOm12lcWzn+J9JF",,,,0,0,0
"1AC37B3F47D94B1BBDEDFF4F0D241516","D11","OAES",,35.409965,-99.061216,"WGS84",0.1,"grasslandHerbaceous",512.4,0.1,"2015-06-16",1,"DIV.OAES.2015.1","Y","BASC5","Bassia scoparia (L.) A.J. Scott","species",,,"NEON.DOC.014042",,"C9GzU2YIgNp6Vw0n+VOm12lcWzn+J9JF",,,,0,0,0
"64C776D7702E4CFBBF37BC832D34E668","D11","OAES",,35.409965,-99.061216,"WGS84",0.1,"grasslandHerbaceous",512.4,0.1,"2015-06-16",1,"DIV.OAES.2015.1","Y","2PLANT","Unknown plant","kingdom",,"Basil","NEON.DOC.014042",,"C9GzU2YIgNp6Vw0n+VOm12lcWzn+J9JF",,,,0,0,0
"32B6A7E8602E47C692EA9B997FDFE210","D11","OAES",,35.409965,-99.061216,"WGS84",0.1,"grasslandHerbaceous",512.4,0.1,"2015-06-16",1,"DIV.OAES.2015.1","Y","ARPU9","Aristida purpurea Nutt.","species",,,"NEON.DOC.014042",,"C9GzU2YIgNp6Vw0n+VOm12lcWzn+J9JF",,,,0,0,0
"D05CAF3642C045B6B3FAE95FCB034B4E","D11","OAES",,35.409965,-99.061216,"WGS84",0.1,"grasslandHerbaceous",512.4,0.1,"2015-06-16",1,"DIV.OAES.2015.1","Y","CEAM2","Centaurea americana Nutt.","species",,,"NEON.DOC.014042",,"C9GzU2YIgNp6Vw0n+VOm12lcWzn+J9JF",,,,0,0,0
"FA2EEC651B354CB28BA67F1EE0A0A322","D11","OAES",,35.409965,-99.061216,"WGS84",0.1,"grasslandHerbaceous",512.4,0.1,"2015-06-16",1,"DIV.OAES.2015.1","Y","TELI3","Tetraneuris linearifolia (Hook.) Greene","species",,,"NEON.DOC.014042",,"C9GzU2YIgNp6Vw0n+VOm12lcWzn+J9JF",,,,0,0,0
"7D839D5AAC4442A39B1D51D8B02B0DD8","D11","OAES",,35.409965,-99.061216,"WGS84",0.1,"grasslandHerbaceous",512.4,0.1,"2015-06-16",1,"DIV.OAES.2015.1","Y","PONU4","Polytaenia nuttallii DC.","species",,,"NEON.DOC.014042",,"C9GzU2YIgNp6Vw0n+VOm12lcWzn+J9JF",,,,0,0,0
"78FCADFF51DF44F0AA097B0CB1D91E8B","D11","OAES",,35.409965,-99.061216,"WGS84",0.1,"grasslandHerbaceous",512.4,0.1,"2015-06-16",1,"DIV.OAES.2015.1","Y","SOLID","Solidago sp.","genus","cf. genus",,"NEON.DOC.014042",,"C9GzU2YIgNp6Vw0n+VOm12lcWzn+J9JF",,,,0,0,0
"55343F67B7E5424E926863731B1080CC","D11","OAES",,35.409965,-99.061216,"WGS84",0.1,"grasslandHerbaceous",512.4,0.1,"2015-06-16",1,"DIV.OAES.2015.1","Y","OEGR2","Oenothera grandis (Britton) Smyth","species",,,"NEON.DOC.014042",,"C9GzU2YIgNp6Vw0n+VOm12lcWzn+J9JF",,,,0,0,0
"A86E1C1D7C3246D698A3BDDA96A7411F","D11","OAES",,35.409965,-99.061216,"WGS84",0.1,"grasslandHerbaceous",512.4,0.1,"2015-06-16",1,"DIV.OAES.2015.1","Y","LIPR","Linum pratense (Norton) Small","species",,,"NEON.DOC.014042",,"C9GzU2YIgNp6Vw0n+VOm12lcWzn+J9JF",,,,0,0,0
"90DC5116F522493BA827E7C2175BE6D6","D11","OAES",,35.409965,-99.061216,"WGS84",0.1,"grasslandHerbaceous",512.4,0.1,"2015-06-16",1,"DIV.OAES.2015.1","Y","GAVI","Galium virgatum Nutt.","species",,,"NEON.DOC.014042",,"C9GzU2YIgNp6Vw0n+VOm12lcWzn+J9JF",,,,0,0,0
"FC2DF24AB47247D78666D37BB05D3A16","D11","OAES",,35.409965,-99.061216,"WGS84",0.1,"grasslandHerbaceous",512.4,0.1,"2015-06-16",1,"DIV.OAES.2015.1","Y","EVPR","Evax prolifera Nutt. ex DC.","species",,,"NEON.DOC.014042",,"C9GzU2YIgNp6Vw0n+VOm12lcWzn+J9JF",,,,0,0,0
"2279E54DDF0B4CFF81F4A0627A7AE4D4","D11","OAES",,35.409965,-99.061216,"WGS84",0.1,"grasslandHerbaceous",512.4,0.1,"2015-06-16",1,"DIV.OAES.2015.1","Y","BOCU","Bouteloua curtipendula (Michx.) Torr.","species",,,"NEON.DOC.014042",,"C9GzU2YIgNp6Vw0n+VOm12lcWzn+J9JF",,,,0,0,0
"B6817B46ACAE43F59CDA3AAFD90012C9","D11","OAES",,35.409965,-99.061216,"WGS84",0.1,"grasslandHerbaceous",512.4,0.1,"2015-06-16",1,"DIV.OAES.2015.1","Y","ERST3","Erigeron strigosus Muhl. ex Willd.","species",,,"NEON.DOC.014042",,"C9GzU2YIgNp6Vw0n+VOm12lcWzn+J9JF","#",,,0,0,0
"D45728BD222E4E9FA9854F3BE0D28548","D11","OAES",,35.409965,-99.061216,"WGS84",0.1,"grasslandHerbaceous",512.4,0.1,"2015-06-16",1,"DIV.OAES.2015.1","Y","DESO2","Descurainia sophia (L.) Webb ex Prantl","species",,,"NEON.DOC.014042",,"C9GzU2YIgNp6Vw0n+VOm12lcWzn+J9JF",,,,0,0,0
"ACD32044DC274200AAF20181B559F759","D11","OAES",,35.409965,-99.061216,"WGS84",0.1,"grasslandHerbaceous",512.4,0.1,"2015-06-16",1,"DIV.OAES.2015.1","Y","ASTRA","Astragalus sp.","genus",,,"NEON.DOC.014042",,"C9GzU2YIgNp6Vw0n+VOm12lcWzn+J9JF",,,,0,0,0
"F0A49026061C4E7BBE356B0967FA1C03","D11","OAES",,35.409965,-99.061216,"WGS84",0.1,"grasslandHerbaceous",512.4,0.1,"2015-06-16",1,"DIV.OAES.2015.1","Y","CIAL2","Cirsium altissimum (L.) Hill","species",,,"NEON.DOC.014042",,"C9GzU2YIgNp6Vw0n+VOm12lcWzn+J9JF",,,,0,0,0
"DFA9018FA3F14EA281B8B6C10253590D","D11","OAES",,35.409965,-99.061216,"WGS84",0.1,"grasslandHerbaceous",512.4,0.1,"2015-06-16",1,"DIV.OAES.2015.1","Y","ARSE2","Arenaria serpyllifolia L.","species",,,"NEON.DOC.014042",,"C9GzU2YIgNp6Vw0n+VOm12lcWzn+J9JF",,,,0,0,0
"6C39D32FE2CE4E27940DEF5E54995CD8","D11","OAES",,35.409965,-99.061216,"WGS84",0.1,"grasslandHerbaceous",512.4,0.1,"2015-06-16",1,"DIV.OAES.2015.1","Y","LALU","Lactuca ludoviciana (Nutt.) Riddell","species",,,"NEON.DOC.014042",,"C9GzU2YIgNp6Vw0n+VOm12lcWzn+J9JF",,,,0,0,0
"CC1066056291484B802C55E6B030D5A8","D11","OAES",,35.409965,-99.061216,"WGS84",0.1,"grasslandHerbaceous",512.4,0.1,"2015-06-16",1,"DIV.OAES.2015.1","Y","THFI","Thelesperma filifolium (Hook.) A. Gray","species",,,"NEON.DOC.014042",,"C9GzU2YIgNp6Vw0n+VOm12lcWzn+J9JF",,,,0,0,0
"3B3D48E750A04D21A71A3330EA24FC8C","D11","OAES",,35.409965,-99.061216,"WGS84",0.1,"grasslandHerbaceous",512.4,0.1,"2015-06-16",1,"DIV.OAES.2015.1","Y","HEAN3","Helianthus annuus L.","species",,,"NEON.DOC.014042",,"C9GzU2YIgNp6Vw0n+VOm12lcWzn+J9JF",,,,0,0,0
"C5853343DBDA49329A46DE243FEBD681","D11","OAES",,35.409965,-99.061216,"WGS84",0.1,"grasslandHerbaceous",512.4,0.1,"2015-06-16",1,"DIV.OAES.2015.1","Y","CABEP2","Calylophus berlandieri Spach ssp. pinifolius (Engelm. ex A. Gray) Towner","subspecies",,,"NEON.DOC.014042",,"C9GzU2YIgNp6Vw0n+VOm12lcWzn+J9JF",,,,0,0,0
"A023A9A222514187BC21C372499D224F","D11","OAES",,35.409965,-99.061216,"WGS84",0.1,"grasslandHerbaceous",512.4,0.1,"2015-06-16",1,"DIV.OAES.2015.1","Y","ERLO5","Eriogonum longifolium Nutt.","species",,,"NEON.DOC.014042",,"C9GzU2YIgNp6Vw0n+VOm12lcWzn+J9JF",,,,0,0,0
"8628A3FC91E04B1BBF84CD2056A70BC6","D11","OAES",,35.409965,-99.061216,"WGS84",0.1,"grasslandHerbaceous",512.4,0.1,"2015-06-16",1,"DIV.OAES.2015.1","Y","EULO2","Euphorbia longicruris Scheele","species",,,"NEON.DOC.014042",,"C9GzU2YIgNp6Vw0n+VOm12lcWzn+J9JF",,,,0,0,0
"6B4089898CD34159B8DE3770E7DC8334","D11","OAES",,35.409965,-99.061216,"WGS84",0.1,"grasslandHerbaceous",512.4,0.1,"2015-06-16",1,"DIV.OAES.2015.1","Y","PLPA2","Plantago patagonica Jacq.","species",,,"NEON.DOC.014042",,"C9GzU2YIgNp6Vw0n+VOm12lcWzn+J9JF",,,,0,0,0
"3E09D3CAC7A94D6F9BE1952BA14C5323","D11","OAES",,35.409965,-99.061216,"WGS84",0.1,"grasslandHerbaceous",512.4,0.1,"2015-06-16",1,"DIV.OAES.2015.1","Y","SOCA3","Solanum carolinense L.","species",,,"NEON.DOC.014042",,"C9GzU2YIgNp6Vw0n+VOm12lcWzn+J9JF",,,,0,0,0
"079165BDC0244333BE54ECE843051E45","D11","OAES",,35.409965,-99.061216,"WGS84",0.1,"grasslandHerbaceous",512.4,0.1,"2015-06-16",1,"DIV.OAES.2015.1","Y","ARLU","Artemisia ludoviciana Nutt.","species",,,"NEON.DOC.014042",,"C9GzU2YIgNp6Vw0n+VOm12lcWzn+J9JF",,,,0,0,0
"B1B9F1E9B23344529519518D796B73F8","D11","OAES",,35.409965,-99.061216,"WGS84",0.1,"grasslandHerbaceous",512.4,0.1,"2015-06-16",1,"DIV.OAES.2015.1","Y","SALVI","Salvia sp.","genus",,,"NEON.DOC.014042",,"C9GzU2YIgNp6Vw0n+VOm12lcWzn+J9JF",,,,0,0,0
"3ECD6277B7C149BDBAC1B0F05BFA0BB4","D11","OAES",,35.409965,-99.061216,"WGS84",0.1,"grasslandHerbaceous",512.4,0.1,"2015-06-16",1,"DIV.OAES.2015.1","Y","BRTE","Bromus tectorum L.","species",,,"NEON.DOC.014042",,"C9GzU2YIgNp6Vw0n+VOm12lcWzn+J9JF",,,,0,0,0
"874DF9CC92ED4CD5BF8F6C2C6B5371BE","D11","OAES",,35.409965,-99.061216,"WGS84",0.1,"grasslandHerbaceous",512.4,0.1,"2015-06-16",1,"DIV.OAES.2015.1","Y","BOLA2","Bothriochloa laguroides (DC.) Herter","species",,,"NEON.DOC.014042",,"C9GzU2YIgNp6Vw0n+VOm12lcWzn+J9JF",,,,0,0,0
"7E724EBB44FA42C093AA312D831B131D","D11","OAES",,35.409965,-99.061216,"WGS84",0.1,"grasslandHerbaceous",512.4,0.1,"2015-06-16",1,"DIV.OAES.2015.1","Y","ALCA3","Allium canadense L.","species",,,"NEON.DOC.014042",,"C9GzU2YIgNp6Vw0n+VOm12lcWzn+J9JF",,,,0,0,0
"27B8ACCF4CBB46508A0C70A08A0CF0B2","D11","OAES",,35.409965,-99.061216,"WGS84",0.1,"grasslandHerbaceous",512.4,0.1,"2015-06-16",1,"DIV.OAES.2015.1","Y","LEVI3","Lepidium virginicum L.","species",,,"NEON.DOC.014042",,"C9GzU2YIgNp6Vw0n+VOm12lcWzn+J9JF",,,,0,0,0
"F9AFBD98165A4ED39E072E9B12A0A467","D11","OAES",,35.409965,-99.061216,"WGS84",0.1,"grasslandHerbaceous",512.4,0.1,"2015-06-16",1,"DIV.OAES.2015.1","Y","LIRI","Linum rigidum Pursh","species",,,"NEON.DOC.014042",,"C9GzU2YIgNp6Vw0n+VOm12lcWzn+J9JF",,,,0,0,0
"4F35F2BE2E484EE5837C9389A1EF6B47","D11","OAES",,35.409965,-99.061216,"WGS84",0.1,"grasslandHerbaceous",512.4,0.1,"2015-06-16",1,"DIV.OAES.2015.1","Y","AMPS","Ambrosia psilostachya DC.","species",,,"NEON.DOC.014042",,"C9GzU2YIgNp6Vw0n+VOm12lcWzn+J9JF",,,,0,0,0
"F84213424ADB424EB2263BA94C76E2C7","D11","OAES",,35.409965,-99.061216,"WGS84",0.1,"grasslandHerbaceous",512.4,0.1,"2015-06-16",1,"DIV.OAES.2015.1","Y","BOGR2","Bouteloua gracilis (Willd. ex Kunth) Lag. ex Griffiths","species",,,"NEON.DOC.014042",,"C9GzU2YIgNp6Vw0n+VOm12lcWzn+J9JF",,,,0,0,0
"99AF7B85AB434763B3679C1987102D57","D11","OAES",,35.409965,-99.061216,"WGS84",0.1,"grasslandHerbaceous",512.4,0.1,"2015-06-16",1,"DIV.OAES.2015.1","Y","DAAU","Dalea aurea Nutt. ex Pursh","species",,,"NEON.DOC.014042",,"C9GzU2YIgNp6Vw0n+VOm12lcWzn+J9JF",,,,0,0,0
"A7BD5FFB6C7E42F3ABA5CD5F1A30DAC8","D11","OAES",,35.409965,-99.061216,"WGS84",0.1,"grasslandHerbaceous",512.4,0.1,"2015-06-16",1,"DIV.OAES.2015.1","Y","OPMA2","Opuntia macrorhiza Engelm.","species",,,"NEON.DOC.014042",,"C9GzU2YIgNp6Vw0n+VOm12lcWzn+J9JF",,,,0,0,0
"37D7C7813AF7469BAACD2156FAAF01A7","D11","OAES",,35.409965,-99.061216,"WGS84",0.1,"grasslandHerbaceous",512.4,0.1,"2015-06-16",1,"DIV.OAES.2015.1","Y","GAPA6","Gaura parviflora Douglas ex Lehm.","species",,,"NEON.DOC.014042",,"C9GzU2YIgNp6Vw0n+VOm12lcWzn+J9JF",,,,0,0,0
"8580516D71DC407DB0B8DD2ED23FA1B2","D11","OAES",,35.409965,-99.061216,"WGS84",0.1,"grasslandHerbaceous",512.4,0.1,"2015-06-16",1,"DIV.OAES.2015.1","Y","CRCA6","Croton capitatus Michx.","species",,,"NEON.DOC.014042",,"C9GzU2YIgNp6Vw0n+VOm12lcWzn+J9JF",,,,0,0,0
"F415A005E08D450DA3DE20188FEF65AC","D11","OAES",,35.409965,-99.061216,"WGS84",0.1,"grasslandHerbaceous",512.4,0.1,"2015-06-16",1,"DIV.OAES.2015.1","Y","SCRE3","Scutellaria resinosa Torr.","species",,,"NEON.DOC.014042",,"C9GzU2YIgNp6Vw0n+VOm12lcWzn+J9JF",,,,0,0,0
"45F3A26EC14C4536965E6476264D35C3","D11","OAES",,35.409965,-99.061216,"WGS84",0.1,"grasslandHerbaceous",512.4,0.1,"2015-06-16",1,"DIV.OAES.2015.1","Y","MOCI","Monarda citriodora Cerv. ex Lag.","species",,,"NEON.DOC.014042",,"C9GzU2YIgNp6Vw0n+VOm12lcWzn+J9JF",,,,0,0,0
"56EA83C2ED3A468F819FBB3E41DB134B","D11","OAES",,35.409965,-99.061216,"WGS84",0.1,"grasslandHerbaceous",512.4,0.1,"2015-06-16",1,"DIV.OAES.2015.1","Y","GUSA2","Gutierrezia sarothrae (Pursh) Britton & Rusby","species",,,"NEON.DOC.014042",,"C9GzU2YIgNp6Vw0n+VOm12lcWzn+J9JF",,,,0,0,0
"C6607C0A1E3F41B1BA23AB077C72CF5D","D11","OAES",,35.409965,-99.061216,"WGS84",0.1,"grasslandHerbaceous",512.4,0.1,"2015-06-16",1,"DIV.OAES.2015.1","Y","2PLANT","Unknown plant","kingdom",,,"NEON.DOC.014042",,"C9GzU2YIgNp6Vw0n+VOm12lcWzn+J9JF",,,,0,0,0
"2F7DCBA6CFFF47B2AC430EA45D60E1B7","D11","OAES",,35.409965,-99.061216,"WGS84",0.1,"grasslandHerbaceous",512.4,0.1,"2015-06-16",1,"DIV.OAES.2015.1","Y","SPCOC2","Sporobolus compositus (Poir.) Merr. var. compositus","variety",,,"NEON.DOC.014042",,"C9GzU2YIgNp6Vw0n+VOm12lcWzn+J9JF",,,,0,0,0
"8480EC42CFDE434AB866CB77A7F9670F","D11","OAES",,35.409965,-99.061216,"WGS84",0.1,"grasslandHerbaceous",512.4,0.1,"2015-06-16",1,"DIV.OAES.2015.1","Y","2PLANT","Unknown plant","kingdom",,"BASIL","NEON.DOC.014042",,"C9GzU2YIgNp6Vw0n+VOm12lcWzn+J9JF",,,,0,0,0
"85E1E84D4764490FBD93B2FF4128EA7A","D11","OAES",,35.409965,-99.061216,"WGS84",0.1,"grasslandHerbaceous",512.4,0.1,"2015-06-16",1,"DIV.OAES.2015.1","Y","POAL4","Polygala alba Nutt.","species",,,"NEON.DOC.014042",,"C9GzU2YIgNp6Vw0n+VOm12lcWzn+J9JF",,,,0,0,0
"A692ED5FAC2544B0BC84A4D99D897239","D11","OAES",,35.409965,-99.061216,"WGS84",0.1,"grasslandHerbaceous",512.4,0.1,"2015-06-16",1,"DIV.OAES.2015.1","Y","CAHAF","Calylophus hartwegii (Benth.) P.H. Raven ssp. fendleri (A. Gray) Towner & P.H. Raven","subspecies",,,"NEON.DOC.014042",,"C9GzU2YIgNp6Vw0n+VOm12lcWzn+J9JF",,,,0,0,0
"8D7635C5B04447A8BA0BE6A2349A9417","D11","OAES",,35.409965,-99.061216,"WGS84",0.1,"grasslandHerbaceous",512.4,0.1,"2015-06-16",1,"DIV.OAES.2015.1","Y","DRRE2","Draba reptans (Lam.) Fernald","species",,,"NEON.DOC.014042",,"C9GzU2YIgNp6Vw0n+VOm12lcWzn+J9JF",,,,0,0,0
"92CBBCB5D01A4E59B5B8874536C9846C","D11","OAES",,35.409965,-99.061216,"WGS84",0.1,"grasslandHerbaceous",512.4,0.1,"2015-06-16",1,"DIV.OAES.2015.1","Y","GLBI2","Glandularia bipinnatifida (Nutt.) Nutt.","species",,,"NEON.DOC.014042",,"C9GzU2YIgNp6Vw0n+VOm12lcWzn+J9JF",,,,0,0,0
