"uid","domainID","siteID","decimalLatitude","decimalLongitude","geodeticDatum","coordinateUncertainty","elevation","elevationUncertainty","startCollectDate","endCollectDate","testedDate","eventID","testingID","testingVialID","deprecatedVialID","taxonID","scientificName","taxonRank","identificationQualifier","sex","poolSize","testPathogenName","testNumber","testMethod","testResult","finalResult","locus","percentIdentity","sequenceDatabase","sequenceDatabaseID","extractDepleted","samplingProtocolVersion","testProtocolVersion","laboratoryName","testedBy","remarks","trapCompromisedQF","sampleCompromisedAtTrapping","sampleCompromisedAtSorting","sampleCompromisedAtIDLab","sampleCompromisedAtTesting","nonStandardPoolQF","duplicatesInPathogenPoolingQF","duplicatesInPathogenResultsQF"
"FA6FAEBC83AC47129CC64C473FA87549","D08","TALL",32.911551,-87.422379,"WGS84",6990.6,113.7,65.7,2014-05-07 13:08:00.0,2014-05-08 14:42:00.0,"2014-11-05","TALL.2014.18","TALL.2014.18.COQPER.F.T","TALL.2014.18.COQPER.F.T.03","TALL.2014.1.Coquillettidia perturbans.Female.T3","COQPER","Coquillettidia perturbans","species",,"F",40,"virus",1,"Culture","Negative","Y",,,,,"Y","NEON.DOC.014049vE","CAESprotocolA","Connecticut Agricultural Experiment Station","r4iH4e2lsYWuK+qavXE5sQ==",,0,"No known compromise","No known compromise","No known compromise","No known compromise",0,0,0
"12D235E8C84C4676B1031D9DBED9E54A","D08","TALL",32.913981,-87.423870,"WGS84",6753.3,117.8,61.7,2014-05-07 13:08:00.0,2014-05-08 14:42:00.0,"2014-11-05","TALL.2014.18","TALL.2014.18.AEDVEX.F.T","TALL.2014.18.AEDVEX.F.T.04","TALL.2014.1.Aedes vexans.Female.T4","AEDVEX","Aedes vexans","species",,"F",40,"virus",1,"Culture","Negative","Y",,,,,"Y","NEON.DOC.014049vE","CAESprotocolA","Connecticut Agricultural Experiment Station","r4iH4e2lsYWuK+qavXE5sQ==",,0,"No known compromise","No known compromise","No known compromise","No known compromise",0,0,0
"4A6EFA2D922F46BE9FB8D0D3DCDBEE6F","D08","TALL",32.913267,-87.426338,"WGS84",6881.8,111.2,68.2,2014-05-07 13:08:00.0,2014-05-08 14:42:00.0,"2014-11-05","TALL.2014.18","TALL.2014.18.AEDCAN2.F.T","TALL.2014.18.AEDCAN2.F.T.08","TALL.2014.1.Aedes canadensis.Female.T8","AEDCAN2","Aedes canadensis","species",,"F",50,"virus",1,"Culture","Negative","Y",,,,,"Y","NEON.DOC.014049vE","CAESprotocolA","Connecticut Agricultural Experiment Station","r4iH4e2lsYWuK+qavXE5sQ==",,0,"No known compromise","No known compromise","No known compromise","No known compromise",0,0,0
"E8EABDDE92CA4054BF20CACBBD01B9F0","D08","TALL",32.911551,-87.422379,"WGS84",6990.6,113.7,65.7,2014-05-07 13:08:00.0,2014-05-08 14:42:00.0,"2014-11-13","TALL.2014.18","TALL.2014.18.COQPER.F.T","TALL.2014.18.COQPER.F.T.01","TALL.2014.1.Coquillettidia perturbans.Female.T1","COQPER","Coquillettidia perturbans","species",,"F",40,"virus",2,"Culture","Negative","Y",,,,,"Y","NEON.DOC.014049vE","CAESprotocolA","Connecticut Agricultural Experiment Station","r4iH4e2lsYWuK+qavXE5sQ==",,0,"No known compromise","No known compromise","No known compromise","No known compromise",0,0,0
"7717E173F1724F9E890E2B6A431C4FB9","D08","TALL",32.913267,-87.426338,"WGS84",6881.8,111.2,68.2,2014-05-07 13:08:00.0,2014-05-08 14:42:00.0,"2014-11-05","TALL.2014.18","TALL.2014.18.AEDCAN2.F.T","TALL.2014.18.AEDCAN2.F.T.01","TALL.2014.1.Aedes canadensis.Female.T1","AEDCAN2","Aedes canadensis","species",,"F",50,"virus",1,"Culture","Negative","Y",,,,,"Y","NEON.DOC.014049vE","CAESprotocolA","Connecticut Agricultural Experiment Station","r4iH4e2lsYWuK+qavXE5sQ==",,0,"No known compromise","No known compromise","No known compromise","No known compromise",0,0,0
"5B6EA4BACB2C4A9AA74186B211BA7BFA","D08","TALL",32.913981,-87.423870,"WGS84",6753.3,117.8,61.7,2014-05-07 13:08:00.0,2014-05-08 14:42:00.0,"2014-11-05","TALL.2014.18","TALL.2014.18.AEDVEX.F.T","TALL.2014.18.AEDVEX.F.T.05","TALL.2014.1.Aedes vexans.Female.T5","AEDVEX","Aedes vexans","species",,"F",40,"virus",1,"Culture","Negative","Y",,,,,"Y","NEON.DOC.014049vE","CAESprotocolA","Connecticut Agricultural Experiment Station","r4iH4e2lsYWuK+qavXE5sQ==",,0,"No known compromise","No known compromise","No known compromise","No known compromise",0,0,0
"DF2936054575418390AD1F20F1F092EE","D08","TALL",32.911551,-87.422379,"WGS84",6990.6,113.7,65.7,2014-05-07 13:08:00.0,2014-05-08 14:42:00.0,"2014-11-05","TALL.2014.18","TALL.2014.18.COQPER.F.T","TALL.2014.18.COQPER.F.T.08","TALL.2014.1.Coquillettidia perturbans.Female.T8","COQPER","Coquillettidia perturbans","species",,"F",40,"virus",1,"Culture","Negative","Y",,,,,"Y","NEON.DOC.014049vE","CAESprotocolA","Connecticut Agricultural Experiment Station","r4iH4e2lsYWuK+qavXE5sQ==",,0,"No known compromise","No known compromise","No known compromise","No known compromise",0,0,0
"C3C5B156A98F46A7A9018EFB8C4B16CF","D08","TALL",32.913981,-87.423870,"WGS84",6753.3,117.8,61.7,2014-05-07 13:08:00.0,2014-05-08 14:42:00.0,"2014-11-05","TALL.2014.18","TALL.2014.18.AEDVEX.F.T","TALL.2014.18.AEDVEX.F.T.01","TALL.2014.1.Aedes vexans.Female.T1","AEDVEX","Aedes vexans","species",,"F",40,"virus",1,"Culture","Negative","Y",,,,,"Y","NEON.DOC.014049vE","CAESprotocolA","Connecticut Agricultural Experiment Station","r4iH4e2lsYWuK+qavXE5sQ==",,0,"No known compromise","No known compromise","No known compromise","No known compromise",0,0,0
"E8C71296B4954A8489B71509B1C45B80","D08","TALL",32.913267,-87.426338,"WGS84",6881.8,111.2,68.2,2014-05-07 13:08:00.0,2014-05-08 14:42:00.0,"2014-11-05","TALL.2014.18","TALL.2014.18.AEDCAN2.F.T","TALL.2014.18.AEDCAN2.F.T.06","TALL.2014.1.Aedes canadensis.Female.T6","AEDCAN2","Aedes canadensis","species",,"F",50,"virus",1,"Culture","Negative","Y",,,,,"Y","NEON.DOC.014049vE","CAESprotocolA","Connecticut Agricultural Experiment Station","r4iH4e2lsYWuK+qavXE5sQ==",,0,"No known compromise","No known compromise","No known compromise","No known compromise",0,0,0
"8428E7396A9840F9B4E2F72DAD8001D6","D08","TALL",32.911551,-87.422379,"WGS84",6990.6,113.7,65.7,2014-05-07 13:08:00.0,2014-05-08 14:42:00.0,"2014-11-05","TALL.2014.18","TALL.2014.18.COQPER.F.T","TALL.2014.18.COQPER.F.T.05","TALL.2014.1.Coquillettidia perturbans.Female.T5","COQPER","Coquillettidia perturbans","species",,"F",40,"virus",1,"Culture","Negative","Y",,,,,"Y","NEON.DOC.014049vE","CAESprotocolA","Connecticut Agricultural Experiment Station","r4iH4e2lsYWuK+qavXE5sQ==",,0,"No known compromise","No known compromise","No known compromise","No known compromise",0,0,0
"91F7714E9A0E49E0BD66FE0364AB1D07","D08","TALL",32.913267,-87.426338,"WGS84",6881.8,111.2,68.2,2014-05-07 13:08:00.0,2014-05-08 14:42:00.0,"2014-11-05","TALL.2014.18","TALL.2014.18.AEDCAN2.F.T","TALL.2014.18.AEDCAN2.F.T.02","TALL.2014.1.Aedes canadensis.Female.T2","AEDCAN2","Aedes canadensis","species",,"F",50,"virus",1,"Culture","Negative","Y",,,,,"Y","NEON.DOC.014049vE","CAESprotocolA","Connecticut Agricultural Experiment Station","r4iH4e2lsYWuK+qavXE5sQ==",,0,"No known compromise","No known compromise","No known compromise","No known compromise",0,0,0
"329CC9697A8C492398CBB11D95770FC5","D08","TALL",32.913267,-87.426338,"WGS84",6881.8,111.2,68.2,2014-05-07 13:08:00.0,2014-05-08 14:42:00.0,"2014-11-05","TALL.2014.18","TALL.2014.18.AEDCAN2.F.T","TALL.2014.18.AEDCAN2.F.T.03","TALL.2014.1.Aedes canadensis.Female.T3","AEDCAN2","Aedes canadensis","species",,"F",50,"virus",1,"Culture","Negative","Y",,,,,"Y","NEON.DOC.014049vE","CAESprotocolA","Connecticut Agricultural Experiment Station","r4iH4e2lsYWuK+qavXE5sQ==",,0,"No known compromise","No known compromise","No known compromise","No known compromise",0,0,0
"2986E538C7A74D9CA5B2F79848E12C26","D08","TALL",32.913267,-87.426338,"WGS84",6881.8,111.2,68.2,2014-05-07 13:08:00.0,2014-05-08 14:42:00.0,"2014-11-05","TALL.2014.18","TALL.2014.18.AEDCAN2.F.T","TALL.2014.18.AEDCAN2.F.T.09","TALL.2014.1.Aedes canadensis.Female.T9","AEDCAN2","Aedes canadensis","species",,"F",50,"virus",1,"Culture","Negative","Y",,,,,"Y","NEON.DOC.014049vE","CAESprotocolA","Connecticut Agricultural Experiment Station","r4iH4e2lsYWuK+qavXE5sQ==",,0,"No known compromise","No known compromise","No known compromise","No known compromise",0,0,0
"4F240EB5CBB740AD90F332C51CA9FE36","D08","TALL",32.913981,-87.423870,"WGS84",6753.3,117.8,61.7,2014-05-07 13:08:00.0,2014-05-08 14:42:00.0,"2014-11-05","TALL.2014.18","TALL.2014.18.AEDVEX.F.T","TALL.2014.18.AEDVEX.F.T.03","TALL.2014.1.Aedes vexans.Female.T3","AEDVEX","Aedes vexans","species",,"F",40,"virus",1,"Culture","Negative","Y",,,,,"Y","NEON.DOC.014049vE","CAESprotocolA","Connecticut Agricultural Experiment Station","r4iH4e2lsYWuK+qavXE5sQ==",,0,"No known compromise","No known compromise","No known compromise","No known compromise",0,0,0
"7B7290D45CA241B8995F83FE15E64231","D08","TALL",32.913267,-87.426338,"WGS84",6881.8,111.2,68.2,2014-05-07 13:08:00.0,2014-05-08 14:42:00.0,"2014-11-13","TALL.2014.18","TALL.2014.18.AEDCAN2.F.T","TALL.2014.18.AEDCAN2.F.T.04","TALL.2014.1.Aedes canadensis.Female.T4","AEDCAN2","Aedes canadensis","species",,"F",50,"virus",2,"Culture","Negative","Y",,,,,"Y","NEON.DOC.014049vE","CAESprotocolA","Connecticut Agricultural Experiment Station","r4iH4e2lsYWuK+qavXE5sQ==",,0,"No known compromise","No known compromise","No known compromise","No known compromise",0,0,0
"B5FFFCF26B1F4AC89C0F56DB489B037E","D08","TALL",32.913267,-87.426338,"WGS84",6881.8,111.2,68.2,2014-05-07 13:08:00.0,2014-05-08 14:42:00.0,"2014-11-05","TALL.2014.18","TALL.2014.18.AEDCAN2.F.T","TALL.2014.18.AEDCAN2.F.T.10","TALL.2014.1.Aedes canadensis.Female.T10","AEDCAN2","Aedes canadensis","species",,"F",50,"virus",1,"Culture","Negative","Y",,,,,"Y","NEON.DOC.014049vE","CAESprotocolA","Connecticut Agricultural Experiment Station","r4iH4e2lsYWuK+qavXE5sQ==",,0,"No known compromise","No known compromise","No known compromise","No known compromise",0,0,0
"BE9769CBC701491F894EE8B7E5ED3EFD","D08","TALL",32.913267,-87.426338,"WGS84",6881.8,111.2,68.2,2014-05-07 13:08:00.0,2014-05-08 14:42:00.0,"2014-11-05","TALL.2014.18","TALL.2014.18.AEDCAN2.F.T","TALL.2014.18.AEDCAN2.F.T.04","TALL.2014.1.Aedes canadensis.Female.T4","AEDCAN2","Aedes canadensis","species",,"F",50,"virus",1,"Culture","Inconclusive","N",,,,,"Y","NEON.DOC.014049vE","CAESprotocolA","Connecticut Agricultural Experiment Station","r4iH4e2lsYWuK+qavXE5sQ==","CPE? 11/6/2014",0,"No known compromise","No known compromise","No known compromise","No known compromise",0,0,0
"1EE0B8183972404485825D2F765AA986","D08","TALL",32.913267,-87.426338,"WGS84",6881.8,111.2,68.2,2014-05-07 13:08:00.0,2014-05-08 14:42:00.0,"2014-11-05","TALL.2014.18","TALL.2014.18.AEDCAN2.F.T","TALL.2014.18.AEDCAN2.F.T.05","TALL.2014.1.Aedes canadensis.Female.T5","AEDCAN2","Aedes canadensis","species",,"F",50,"virus",1,"Culture","Negative","Y",,,,,"Y","NEON.DOC.014049vE","CAESprotocolA","Connecticut Agricultural Experiment Station","r4iH4e2lsYWuK+qavXE5sQ==",,0,"No known compromise","No known compromise","No known compromise","No known compromise",0,0,0
"5A6A0FEF9CCE4563BCB48C6575992639","D08","TALL",32.913267,-87.426338,"WGS84",6881.8,111.2,68.2,2014-05-07 13:08:00.0,2014-05-08 14:42:00.0,"2014-11-05","TALL.2014.18","TALL.2014.18.AEDCAN2.F.T","TALL.2014.18.AEDCAN2.F.T.07","TALL.2014.1.Aedes canadensis.Female.T7","AEDCAN2","Aedes canadensis","species",,"F",50,"virus",1,"Culture","Negative","Y",,,,,"Y","NEON.DOC.014049vE","CAESprotocolA","Connecticut Agricultural Experiment Station","r4iH4e2lsYWuK+qavXE5sQ==",,0,"No known compromise","No known compromise","No known compromise","No known compromise",0,0,0
"D0737195CA99485798B6BB35663D325E","D08","TALL",32.913267,-87.426338,"WGS84",6881.8,111.2,68.2,2014-05-07 13:08:00.0,2014-05-08 14:42:00.0,"2014-11-05","TALL.2014.18","TALL.2014.18.AEDCAN2.F.T","TALL.2014.18.AEDCAN2.F.T.12","TALL.2014.1.Aedes canadensis.Female.T12","AEDCAN2","Aedes canadensis","species",,"F",50,"virus",1,"Culture","Negative","Y",,,,,"Y","NEON.DOC.014049vE","CAESprotocolA","Connecticut Agricultural Experiment Station","r4iH4e2lsYWuK+qavXE5sQ==",,0,"No known compromise","No known compromise","No known compromise","No known compromise",0,0,0
"CEE8194D62D045098D0A16B10AF10C74","D08","TALL",32.913981,-87.423870,"WGS84",6753.3,117.8,61.7,2014-05-07 13:08:00.0,2014-05-08 14:42:00.0,"2014-11-05","TALL.2014.18","TALL.2014.18.AEDVEX.F.T","TALL.2014.18.AEDVEX.F.T.08","TALL.2014.1.Aedes vexans.Female.T8","AEDVEX","Aedes vexans","species",,"F",40,"virus",1,"Culture","Negative","Y",,,,,"Y","NEON.DOC.014049vE","CAESprotocolA","Connecticut Agricultural Experiment Station","r4iH4e2lsYWuK+qavXE5sQ==",,0,"No known compromise","No known compromise","No known compromise","No known compromise",0,0,0
"4CE4FA42B88043C5A88CF1182B8976BC","D08","TALL",32.913981,-87.423870,"WGS84",6753.3,117.8,61.7,2014-05-07 13:08:00.0,2014-05-08 14:42:00.0,"2014-11-05","TALL.2014.18","TALL.2014.18.AEDVEX.F.T","TALL.2014.18.AEDVEX.F.T.07","TALL.2014.1.Aedes vexans.Female.T7","AEDVEX","Aedes vexans","species",,"F",40,"virus",1,"Culture","Negative","Y",,,,,"Y","NEON.DOC.014049vE","CAESprotocolA","Connecticut Agricultural Experiment Station","r4iH4e2lsYWuK+qavXE5sQ==",,0,"No known compromise","No known compromise","No known compromise","No known compromise",0,0,0
"DAE41AD31EF04B6387726EFAB12094B2","D08","TALL",32.913981,-87.423870,"WGS84",6753.3,117.8,61.7,2014-05-07 13:08:00.0,2014-05-08 14:42:00.0,"2014-11-05","TALL.2014.18","TALL.2014.18.AEDVEX.F.T","TALL.2014.18.AEDVEX.F.T.09","TALL.2014.1.Aedes vexans.Female.T9","AEDVEX","Aedes vexans","species",,"F",40,"virus",1,"Culture","Negative","Y",,,,,"Y","NEON.DOC.014049vE","CAESprotocolA","Connecticut Agricultural Experiment Station","r4iH4e2lsYWuK+qavXE5sQ==",,0,"No known compromise","No known compromise","No known compromise","No known compromise",0,0,0
"D3F536522A5E46AF946E2AFBD3140C81","D08","TALL",32.913267,-87.426338,"WGS84",6881.8,111.2,68.2,2014-05-07 13:08:00.0,2014-05-08 14:42:00.0,"2014-11-05","TALL.2014.18","TALL.2014.18.AEDCAN2.F.T","TALL.2014.18.AEDCAN2.F.T.11","TALL.2014.1.Aedes canadensis.Female.T11","AEDCAN2","Aedes canadensis","species",,"F",50,"virus",1,"Culture","Negative","Y",,,,,"Y","NEON.DOC.014049vE","CAESprotocolA","Connecticut Agricultural Experiment Station","r4iH4e2lsYWuK+qavXE5sQ==",,0,"No known compromise","No known compromise","No known compromise","No known compromise",0,0,0
"927D274DEE9245F7B99BFA489ED5C30E","D08","TALL",32.911551,-87.422379,"WGS84",6990.6,113.7,65.7,2014-05-07 13:08:00.0,2014-05-08 14:42:00.0,"2014-11-05","TALL.2014.18","TALL.2014.18.COQPER.F.T","TALL.2014.18.COQPER.F.T.07","TALL.2014.1.Coquillettidia perturbans.Female.T7","COQPER","Coquillettidia perturbans","species",,"F",40,"virus",1,"Culture","Negative","Y",,,,,"Y","NEON.DOC.014049vE","CAESprotocolA","Connecticut Agricultural Experiment Station","r4iH4e2lsYWuK+qavXE5sQ==",,0,"No known compromise","No known compromise","No known compromise","No known compromise",0,0,0
"F5CA0A6A4DF64E3FB0B801EA8C365435","D08","TALL",32.911551,-87.422379,"WGS84",6990.6,113.7,65.7,2014-05-07 13:08:00.0,2014-05-08 14:42:00.0,"2014-11-05","TALL.2014.18","TALL.2014.18.COQPER.F.T","TALL.2014.18.COQPER.F.T.01","TALL.2014.1.Coquillettidia perturbans.Female.T1","COQPER","Coquillettidia perturbans","species",,"F",40,"virus",1,"Culture","Inconclusive","N",,,,,"Y","NEON.DOC.014049vE","CAESprotocolA","Connecticut Agricultural Experiment Station","r4iH4e2lsYWuK+qavXE5sQ==","CPE? 11/7/2014",0,"No known compromise","No known compromise","No known compromise","No known compromise",0,0,0
"AEFC59E7835D48979651850011348626","D08","TALL",32.913981,-87.423870,"WGS84",6753.3,117.8,61.7,2014-05-07 13:08:00.0,2014-05-08 14:42:00.0,"2014-11-05","TALL.2014.18","TALL.2014.18.AEDVEX.F.T","TALL.2014.18.AEDVEX.F.T.02","TALL.2014.1.Aedes vexans.Female.T2","AEDVEX","Aedes vexans","species",,"F",40,"virus",1,"Culture","Negative","Y",,,,,"Y","NEON.DOC.014049vE","CAESprotocolA","Connecticut Agricultural Experiment Station","r4iH4e2lsYWuK+qavXE5sQ==",,0,"No known compromise","No known compromise","No known compromise","No known compromise",0,0,0
"6FC5D126033D4807BD93DD700FD4E978","D08","TALL",32.911551,-87.422379,"WGS84",6990.6,113.7,65.7,2014-05-07 13:08:00.0,2014-05-08 14:42:00.0,"2014-11-05","TALL.2014.18","TALL.2014.18.COQPER.F.T","TALL.2014.18.COQPER.F.T.06","TALL.2014.1.Coquillettidia perturbans.Female.T6","COQPER","Coquillettidia perturbans","species",,"F",40,"virus",1,"Culture","Negative","Y",,,,,"Y","NEON.DOC.014049vE","CAESprotocolA","Connecticut Agricultural Experiment Station","r4iH4e2lsYWuK+qavXE5sQ==",,0,"No known compromise","No known compromise","No known compromise","No known compromise",0,0,0
"AB0FDA8C1D224AC987FBB921DEB903BE","D08","TALL",32.913981,-87.423870,"WGS84",6753.3,117.8,61.7,2014-05-07 13:08:00.0,2014-05-08 14:42:00.0,"2014-11-05","TALL.2014.18","TALL.2014.18.AEDVEX.F.T","TALL.2014.18.AEDVEX.F.T.06","TALL.2014.1.Aedes vexans.Female.T6","AEDVEX","Aedes vexans","species",,"F",40,"virus",1,"Culture","Negative","Y",,,,,"Y","NEON.DOC.014049vE","CAESprotocolA","Connecticut Agricultural Experiment Station","r4iH4e2lsYWuK+qavXE5sQ==",,0,"No known compromise","No known compromise","No known compromise","No known compromise",0,0,0
"CF0720242B2F41C79C075B16F9D2E467","D08","TALL",32.911551,-87.422379,"WGS84",6990.6,113.7,65.7,2014-05-07 13:08:00.0,2014-05-08 14:42:00.0,"2014-11-05","TALL.2014.18","TALL.2014.18.COQPER.F.T","TALL.2014.18.COQPER.F.T.04","TALL.2014.1.Coquillettidia perturbans.Female.T4","COQPER","Coquillettidia perturbans","species",,"F",40,"virus",1,"Culture","Negative","Y",,,,,"Y","NEON.DOC.014049vE","CAESprotocolA","Connecticut Agricultural Experiment Station","r4iH4e2lsYWuK+qavXE5sQ==",,0,"No known compromise","No known compromise","No known compromise","No known compromise",0,0,0
"6DB4289105824963ABF18836C21123BA","D08","TALL",32.911551,-87.422379,"WGS84",6990.6,113.7,65.7,2014-05-07 13:08:00.0,2014-05-08 14:42:00.0,"2014-11-05","TALL.2014.18","TALL.2014.18.COQPER.F.T","TALL.2014.18.COQPER.F.T.02","TALL.2014.1.Coquillettidia perturbans.Female.T2","COQPER","Coquillettidia perturbans","species",,"F",40,"virus",1,"Culture","Negative","Y",,,,,"Y","NEON.DOC.014049vE","CAESprotocolA","Connecticut Agricultural Experiment Station","r4iH4e2lsYWuK+qavXE5sQ==",,0,"No known compromise","No known compromise","No known compromise","No known compromise",0,0,0
"40F567BE61C14ECD8D5147C889898BEB","D08","TALL",32.913267,-87.426338,"WGS84",6881.8,111.2,68.2,2014-05-07 13:08:00.0,2014-05-08 14:42:00.0,"2014-11-05","TALL.2014.18","TALL.2014.18.AEDCAN2.F.T","TALL.2014.18.AEDCAN2.F.T.13","TALL.2014.1.Aedes canadensis.Female.T13","AEDCAN2","Aedes canadensis","species",,"F",50,"virus",1,"Culture","Negative","Y",,,,,"Y","NEON.DOC.014049vE","CAESprotocolA","Connecticut Agricultural Experiment Station","r4iH4e2lsYWuK+qavXE5sQ==",,0,"No known compromise","No known compromise","No known compromise","No known compromise",0,0,0
"4CEB9BD3E3024060990AA1098B336100","D08","TALL",32.913423,-87.423408,"WGS84",6805.1,112.5,67.0,2014-05-20 12:45:00.0,2014-05-21 14:37:00.0,"2014-11-05","TALL.2014.20","TALL.2014.20.AEDCAN2.F.T","TALL.2014.20.AEDCAN2.F.T.10","TALL.2014.2.Aedes canadensis.Female.T10","AEDCAN2","Aedes canadensis","species",,"F",50,"virus",1,"Culture","Negative","Y",,,,,"Y","NEON.DOC.014049vE","CAESprotocolA","Connecticut Agricultural Experiment Station","r4iH4e2lsYWuK+qavXE5sQ==",,0,"No known compromise","No known compromise","No known compromise","No known compromise",0,0,0
"8AFE19550B0D401FB7539B87AF12623A","D08","TALL",32.913423,-87.423408,"WGS84",6805.1,112.5,67.0,2014-05-20 12:45:00.0,2014-05-21 14:37:00.0,"2014-11-05","TALL.2014.20","TALL.2014.20.AEDCAN2.F.T","TALL.2014.20.AEDCAN2.F.T.05","TALL.2014.2.Aedes canadensis.Female.T5","AEDCAN2","Aedes canadensis","species",,"F",50,"virus",1,"Culture","Negative","Y",,,,,"Y","NEON.DOC.014049vE","CAESprotocolA","Connecticut Agricultural Experiment Station","r4iH4e2lsYWuK+qavXE5sQ==",,0,"No known compromise","No known compromise","No known compromise","No known compromise",0,0,0
"A8F44547A35448F79D166636E9D83B94","D08","TALL",32.913423,-87.423408,"WGS84",6805.1,112.5,67.0,2014-05-20 12:45:00.0,2014-05-21 14:37:00.0,"2014-11-05","TALL.2014.20","TALL.2014.20.AEDCAN2.F.T","TALL.2014.20.AEDCAN2.F.T.12","TALL.2014.2.Aedes canadensis.Female.T12","AEDCAN2","Aedes canadensis","species",,"F",50,"virus",1,"Culture","Negative","Y",,,,,"Y","NEON.DOC.014049vE","CAESprotocolA","Connecticut Agricultural Experiment Station","r4iH4e2lsYWuK+qavXE5sQ==",,0,"No known compromise","No known compromise","No known compromise","No known compromise",0,0,0
"547D469EF69F4823B3D2370D95B65282","D08","TALL",32.913423,-87.423408,"WGS84",6805.1,112.5,67.0,2014-05-20 12:45:00.0,2014-05-21 14:37:00.0,"2014-11-05","TALL.2014.20","TALL.2014.20.AEDCAN2.F.T","TALL.2014.20.AEDCAN2.F.T.13","TALL.2014.2.Aedes canadensis.Female.T13","AEDCAN2","Aedes canadensis","species",,"F",50,"virus",1,"Culture","Negative","Y",,,,,"Y","NEON.DOC.014049vE","CAESprotocolA","Connecticut Agricultural Experiment Station","r4iH4e2lsYWuK+qavXE5sQ==",,0,"No known compromise","No known compromise","No known compromise","No known compromise",0,0,0
"0A050CB6634146C9B862E3321E0723BD","D08","TALL",32.918330,-87.420549,"WGS84",6220.5,128.3,51.3,2014-05-20 12:45:00.0,2014-05-21 14:37:00.0,"2014-11-05","TALL.2014.20","TALL.2014.20.AEDVEX.F.T","TALL.2014.20.AEDVEX.F.T.01","TALL.2014.2.Aedes vexans.Female.T1","AEDVEX","Aedes vexans","species",,"F",20,"virus",1,"Culture","Negative","Y",,,,,"Y","NEON.DOC.014049vE","CAESprotocolA","Connecticut Agricultural Experiment Station","r4iH4e2lsYWuK+qavXE5sQ==",,0,"No known compromise","No known compromise","No known compromise","No known compromise",0,0,0
"CBA56499F0304A5F880BB352DF9BEF95","D08","TALL",32.908355,-87.424296,"WGS84",7372.2,120.5,59.0,2014-05-20 12:45:00.0,2014-05-21 14:37:00.0,"2014-11-05","TALL.2014.20","TALL.2014.20.COQPER.F.T","TALL.2014.20.COQPER.F.T.02","TALL.2014.2.Coquillettidia perturbans.Female.T2","COQPER","Coquillettidia perturbans","species",,"F",30,"virus",1,"Culture","Negative","Y",,,,,"Y","NEON.DOC.014049vE","CAESprotocolA","Connecticut Agricultural Experiment Station","r4iH4e2lsYWuK+qavXE5sQ==",,0,"No known compromise","No known compromise","No known compromise","No known compromise",0,0,0
"4BFAE42544D04EB3812927E21773D886","D08","TALL",32.913423,-87.423408,"WGS84",6805.1,112.5,67.0,2014-05-20 12:45:00.0,2014-05-21 14:37:00.0,"2014-11-05","TALL.2014.20","TALL.2014.20.AEDCAN2.F.T","TALL.2014.20.AEDCAN2.F.T.04","TALL.2014.2.Aedes canadensis.Female.T4","AEDCAN2","Aedes canadensis","species",,"F",50,"virus",1,"Culture","Negative","Y",,,,,"Y","NEON.DOC.014049vE","CAESprotocolA","Connecticut Agricultural Experiment Station","r4iH4e2lsYWuK+qavXE5sQ==",,0,"No known compromise","No known compromise","No known compromise","No known compromise",0,0,0
"1E8A0CF85F144C508D42D48202A38E20","D08","TALL",32.908355,-87.424296,"WGS84",7372.2,120.5,59.0,2014-05-20 12:45:00.0,2014-05-21 14:37:00.0,"2014-11-05","TALL.2014.20","TALL.2014.20.COQPER.F.T","TALL.2014.20.COQPER.F.T.01","TALL.2014.2.Coquillettidia perturbans.Female.T1","COQPER","Coquillettidia perturbans","species",,"F",30,"virus",1,"Culture","Negative","Y",,,,,"Y","NEON.DOC.014049vE","CAESprotocolA","Connecticut Agricultural Experiment Station","r4iH4e2lsYWuK+qavXE5sQ==",,0,"No known compromise","No known compromise","No known compromise","No known compromise",0,0,0
"365C8CA7F94749CCB86B6C777482F7E2","D08","TALL",32.908355,-87.424296,"WGS84",7372.2,120.5,59.0,2014-05-20 12:45:00.0,2014-05-21 14:37:00.0,"2014-11-05","TALL.2014.20","TALL.2014.20.COQPER.F.T","TALL.2014.20.COQPER.F.T.06","TALL.2014.2.Coquillettidia perturbans.Female.T6","COQPER","Coquillettidia perturbans","species",,"F",30,"virus",1,"Culture","Negative","Y",,,,,"Y","NEON.DOC.014049vE","CAESprotocolA","Connecticut Agricultural Experiment Station","r4iH4e2lsYWuK+qavXE5sQ==",,0,"No known compromise","No known compromise","No known compromise","No known compromise",0,0,0
"F54BF0A3A1794465A6BE9E38CB9489BA","D08","TALL",32.918330,-87.420549,"WGS84",6220.5,128.3,51.3,2014-05-20 12:45:00.0,2014-05-21 14:37:00.0,"2014-11-05","TALL.2014.20","TALL.2014.20.AEDVEX.F.T","TALL.2014.20.AEDVEX.F.T.02","TALL.2014.2.Aedes vexans.Female.T2","AEDVEX","Aedes vexans","species",,"F",20,"virus",1,"Culture","Negative","Y",,,,,"Y","NEON.DOC.014049vE","CAESprotocolA","Connecticut Agricultural Experiment Station","r4iH4e2lsYWuK+qavXE5sQ==",,0,"No known compromise","No known compromise","No known compromise","No known compromise",0,0,0
"C33928FF57AF4AC699B76172F78FFA85","D08","TALL",32.913423,-87.423408,"WGS84",6805.1,112.5,67.0,2014-05-20 12:45:00.0,2014-05-21 14:37:00.0,"2014-11-05","TALL.2014.20","TALL.2014.20.AEDCAN2.F.T","TALL.2014.20.AEDCAN2.F.T.09","TALL.2014.2.Aedes canadensis.Female.T9","AEDCAN2","Aedes canadensis","species",,"F",50,"virus",1,"Culture","Negative","Y",,,,,"Y","NEON.DOC.014049vE","CAESprotocolA","Connecticut Agricultural Experiment Station","r4iH4e2lsYWuK+qavXE5sQ==",,0,"No known compromise","No known compromise","No known compromise","No known compromise",0,0,0
"B21BF54F71ED494CA566EEEC3D6B6062","D08","TALL",32.913423,-87.423408,"WGS84",6805.1,112.5,67.0,2014-05-20 12:45:00.0,2014-05-21 14:37:00.0,"2014-11-05","TALL.2014.20","TALL.2014.20.AEDCAN2.F.T","TALL.2014.20.AEDCAN2.F.T.14","TALL.2014.2.Aedes canadensis.Female.T14","AEDCAN2","Aedes canadensis","species",,"F",50,"virus",1,"Culture","Negative","Y",,,,,"Y","NEON.DOC.014049vE","CAESprotocolA","Connecticut Agricultural Experiment Station","r4iH4e2lsYWuK+qavXE5sQ==",,0,"No known compromise","No known compromise","No known compromise","No known compromise",0,0,0
"1CA97A3EFAA041A5AEA8B35492E313AC","D08","TALL",32.913423,-87.423408,"WGS84",6805.1,112.5,67.0,2014-05-20 12:45:00.0,2014-05-21 14:37:00.0,"2014-11-05","TALL.2014.20","TALL.2014.20.AEDCAN2.F.T","TALL.2014.20.AEDCAN2.F.T.02","TALL.2014.2.Aedes canadensis.Female.T2","AEDCAN2","Aedes canadensis","species",,"F",50,"virus",1,"Culture","Negative","Y",,,,,"Y","NEON.DOC.014049vE","CAESprotocolA","Connecticut Agricultural Experiment Station","r4iH4e2lsYWuK+qavXE5sQ==",,0,"No known compromise","No known compromise","No known compromise","No known compromise",0,0,0
"0543FB6505784D9FA02A259A5AA4DACB","D08","TALL",32.913423,-87.423408,"WGS84",6805.1,112.5,67.0,2014-05-20 12:45:00.0,2014-05-21 14:37:00.0,"2014-11-05","TALL.2014.20","TALL.2014.20.AEDCAN2.F.T","TALL.2014.20.AEDCAN2.F.T.06","TALL.2014.2.Aedes canadensis.Female.T6","AEDCAN2","Aedes canadensis","species",,"F",50,"virus",1,"Culture","Negative","Y",,,,,"Y","NEON.DOC.014049vE","CAESprotocolA","Connecticut Agricultural Experiment Station","r4iH4e2lsYWuK+qavXE5sQ==",,0,"No known compromise","No known compromise","No known compromise","No known compromise",0,0,0
"F8A2FD35D2364D5995B63AAC72FE359A","D08","TALL",32.913423,-87.423408,"WGS84",6805.1,112.5,67.0,2014-05-20 12:45:00.0,2014-05-21 14:37:00.0,"2014-11-05","TALL.2014.20","TALL.2014.20.AEDCAN2.F.T","TALL.2014.20.AEDCAN2.F.T.01","TALL.2014.2.Aedes canadensis.Female.T1","AEDCAN2","Aedes canadensis","species",,"F",50,"virus",1,"Culture","Negative","Y",,,,,"Y","NEON.DOC.014049vE","CAESprotocolA","Connecticut Agricultural Experiment Station","r4iH4e2lsYWuK+qavXE5sQ==",,0,"No known compromise","No known compromise","No known compromise","No known compromise",0,0,0
"E65204FD16FF4A2791F48F060D2A9FA4","D08","TALL",32.913423,-87.423408,"WGS84",6805.1,112.5,67.0,2014-05-20 12:45:00.0,2014-05-21 14:37:00.0,"2014-11-05","TALL.2014.20","TALL.2014.20.AEDCAN2.F.T","TALL.2014.20.AEDCAN2.F.T.07","TALL.2014.2.Aedes canadensis.Female.T7","AEDCAN2","Aedes canadensis","species",,"F",50,"virus",1,"Culture","Negative","Y",,,,,"Y","NEON.DOC.014049vE","CAESprotocolA","Connecticut Agricultural Experiment Station","r4iH4e2lsYWuK+qavXE5sQ==",,0,"No known compromise","No known compromise","No known compromise","No known compromise",0,0,0
"4BEFAD7C9429423D89F920D797E2DE40","D08","TALL",32.913423,-87.423408,"WGS84",6805.1,112.5,67.0,2014-05-20 12:45:00.0,2014-05-21 14:37:00.0,"2014-11-05","TALL.2014.20","TALL.2014.20.AEDCAN2.F.T","TALL.2014.20.AEDCAN2.F.T.11","TALL.2014.2.Aedes canadensis.Female.T11","AEDCAN2","Aedes canadensis","species",,"F",50,"virus",1,"Culture","Negative","Y",,,,,"Y","NEON.DOC.014049vE","CAESprotocolA","Connecticut Agricultural Experiment Station","r4iH4e2lsYWuK+qavXE5sQ==",,0,"No known compromise","No known compromise","No known compromise","No known compromise",0,0,0
"FEAB527CC96345FE9CFD9246B1719956","D08","TALL",32.908355,-87.424296,"WGS84",7372.2,120.5,59.0,2014-05-20 12:45:00.0,2014-05-21 14:37:00.0,"2014-11-05","TALL.2014.20","TALL.2014.20.COQPER.F.T","TALL.2014.20.COQPER.F.T.03","TALL.2014.2.Coquillettidia perturbans.Female.T3","COQPER","Coquillettidia perturbans","species",,"F",30,"virus",1,"Culture","Negative","Y",,,,,"Y","NEON.DOC.014049vE","CAESprotocolA","Connecticut Agricultural Experiment Station","r4iH4e2lsYWuK+qavXE5sQ==",,0,"No known compromise","No known compromise","No known compromise","No known compromise",0,0,0
"A10D840616164F46BF183AEBAF7C8AD5","D08","TALL",32.908355,-87.424296,"WGS84",7372.2,120.5,59.0,2014-05-20 12:45:00.0,2014-05-21 14:37:00.0,"2014-11-05","TALL.2014.20","TALL.2014.20.COQPER.F.T","TALL.2014.20.COQPER.F.T.05","TALL.2014.2.Coquillettidia perturbans.Female.T5","COQPER","Coquillettidia perturbans","species",,"F",30,"virus",1,"Culture","Negative","Y",,,,,"Y","NEON.DOC.014049vE","CAESprotocolA","Connecticut Agricultural Experiment Station","r4iH4e2lsYWuK+qavXE5sQ==",,0,"No known compromise","No known compromise","No known compromise","No known compromise",0,0,0
"23F7AFD26AA342B4903D4D83F9903E3B","D08","TALL",32.908355,-87.424296,"WGS84",7372.2,120.5,59.0,2014-05-20 12:45:00.0,2014-05-21 14:37:00.0,"2014-11-05","TALL.2014.20","TALL.2014.20.COQPER.F.T","TALL.2014.20.COQPER.F.T.04","TALL.2014.2.Coquillettidia perturbans.Female.T4","COQPER","Coquillettidia perturbans","species",,"F",30,"virus",1,"Culture","Negative","Y",,,,,"Y","NEON.DOC.014049vE","CAESprotocolA","Connecticut Agricultural Experiment Station","r4iH4e2lsYWuK+qavXE5sQ==",,0,"No known compromise","No known compromise","No known compromise","No known compromise",0,0,0
"EA9EAC060F134722A12F89A29E3908D4","D08","TALL",32.913423,-87.423408,"WGS84",6805.1,112.5,67.0,2014-05-20 12:45:00.0,2014-05-21 14:37:00.0,"2014-11-05","TALL.2014.20","TALL.2014.20.AEDCAN2.F.T","TALL.2014.20.AEDCAN2.F.T.08","TALL.2014.2.Aedes canadensis.Female.T8","AEDCAN2","Aedes canadensis","species",,"F",50,"virus",1,"Culture","Negative","Y",,,,,"Y","NEON.DOC.014049vE","CAESprotocolA","Connecticut Agricultural Experiment Station","r4iH4e2lsYWuK+qavXE5sQ==",,0,"No known compromise","No known compromise","No known compromise","No known compromise",0,0,0
"D1E5E5C8A31E4225A1A7851F53B60EA3","D08","TALL",32.913423,-87.423408,"WGS84",6805.1,112.5,67.0,2014-05-20 12:45:00.0,2014-05-21 14:37:00.0,"2014-11-05","TALL.2014.20","TALL.2014.20.AEDCAN2.F.T","TALL.2014.20.AEDCAN2.F.T.15","TALL.2014.2.Aedes canadensis.Female.T15","AEDCAN2","Aedes canadensis","species",,"F",50,"virus",1,"Culture","Negative","Y",,,,,"Y","NEON.DOC.014049vE","CAESprotocolA","Connecticut Agricultural Experiment Station","r4iH4e2lsYWuK+qavXE5sQ==",,0,"No known compromise","No known compromise","No known compromise","No known compromise",0,0,0
"366ACDFEEA0341098937C8510AAD0918","D08","TALL",32.913423,-87.423408,"WGS84",6805.1,112.5,67.0,2014-05-20 12:45:00.0,2014-05-21 14:37:00.0,"2014-11-05","TALL.2014.20","TALL.2014.20.AEDCAN2.F.T","TALL.2014.20.AEDCAN2.F.T.03","TALL.2014.2.Aedes canadensis.Female.T3","AEDCAN2","Aedes canadensis","species",,"F",50,"virus",1,"Culture","Negative","Y",,,,,"Y","NEON.DOC.014049vE","CAESprotocolA","Connecticut Agricultural Experiment Station","r4iH4e2lsYWuK+qavXE5sQ==",,0,"No known compromise","No known compromise","No known compromise","No known compromise",0,0,0
"F29FDACE508C406185C986C4C1CC6FD1","D08","TALL",32.907154,-87.422394,"WGS84",4611.1,126.3,53.1,2014-06-03 12:33:00.0,2014-06-04 14:01:00.0,"2014-11-05","TALL.2014.22","TALL.2014.22.COQPER.F.T","TALL.2014.22.COQPER.F.T.06","TALL.2014.3.Coquillettidia perturbans.Female.T6","COQPER","Coquillettidia perturbans","species",,"F",30,"virus",1,"Culture","Negative","Y",,,,,"Y","NEON.DOC.014049vE","CAESprotocolA","Connecticut Agricultural Experiment Station","r4iH4e2lsYWuK+qavXE5sQ==",,0,"No known compromise","No known compromise","Damaged, analysis affected","No known compromise",0,0,0
"6E1053D60D22463B898172EF56C12B60","D08","TALL",32.907154,-87.422394,"WGS84",4611.1,126.3,53.1,2014-06-03 12:33:00.0,2014-06-04 14:01:00.0,"2014-11-05","TALL.2014.22","TALL.2014.22.COQPER.F.T","TALL.2014.22.COQPER.F.T.10","TALL.2014.3.Coquillettidia perturbans.Female.T10","COQPER","Coquillettidia perturbans","species",,"F",30,"virus",1,"Culture","Negative","Y",,,,,"Y","NEON.DOC.014049vE","CAESprotocolA","Connecticut Agricultural Experiment Station","r4iH4e2lsYWuK+qavXE5sQ==",,0,"No known compromise","No known compromise","Damaged, analysis affected","No known compromise",0,0,0
"0514BF750C064648A6A2B8828AB17F0B","D08","TALL",32.913656,-87.426395,"WGS84",6841.2,110.6,39.4,2014-06-03 12:33:00.0,2014-06-04 14:01:00.0,"2014-11-05","TALL.2014.22","TALL.2014.22.AEDCAN2.F.T","TALL.2014.22.AEDCAN2.F.T.10","TALL.2014.3.Aedes canadensis.Female.T10","AEDCAN2","Aedes canadensis","species",,"F",50,"virus",1,"Culture","Negative","Y",,,,,"Y","NEON.DOC.014049vE","CAESprotocolA","Connecticut Agricultural Experiment Station","r4iH4e2lsYWuK+qavXE5sQ==",,0,"No known compromise","No known compromise","Damaged, analysis affected","No known compromise",0,0,0
"5127C1A8F4A84756B6E2AF2EE2D47CF8","D08","TALL",32.913656,-87.426395,"WGS84",6841.2,110.6,39.4,2014-06-03 12:33:00.0,2014-06-04 14:01:00.0,"2014-11-05","TALL.2014.22","TALL.2014.22.AEDCAN2.F.T","TALL.2014.22.AEDCAN2.F.T.07","TALL.2014.3.Aedes canadensis.Female.T7","AEDCAN2","Aedes canadensis","species",,"F",50,"virus",1,"Culture","Negative","Y",,,,,"Y","NEON.DOC.014049vE","CAESprotocolA","Connecticut Agricultural Experiment Station","r4iH4e2lsYWuK+qavXE5sQ==",,0,"No known compromise","No known compromise","Damaged, analysis affected","No known compromise",0,0,0
"5F7175B9CA804EEC9D69D71F9EB0BC5F","D08","TALL",32.913656,-87.426395,"WGS84",6841.2,110.6,39.4,2014-06-03 12:33:00.0,2014-06-04 14:01:00.0,"2014-11-05","TALL.2014.22","TALL.2014.22.AEDCAN2.F.T","TALL.2014.22.AEDCAN2.F.T.06","TALL.2014.3.Aedes canadensis.Female.T6","AEDCAN2","Aedes canadensis","species",,"F",50,"virus",1,"Culture","Negative","Y",,,,,"Y","NEON.DOC.014049vE","CAESprotocolA","Connecticut Agricultural Experiment Station","r4iH4e2lsYWuK+qavXE5sQ==",,0,"No known compromise","No known compromise","Damaged, analysis affected","No known compromise",0,0,0
"3E0D24A4995045F1BCB601C9C58DF21A","D08","TALL",32.913656,-87.426395,"WGS84",6841.2,110.6,39.4,2014-06-03 12:33:00.0,2014-06-04 14:01:00.0,"2014-11-13","TALL.2014.22","TALL.2014.22.AEDCAN2.F.T","TALL.2014.22.AEDCAN2.F.T.09","TALL.2014.3.Aedes canadensis.Female.T9","AEDCAN2","Aedes canadensis","species",,"F",50,"virus",2,"Culture","Negative","Y",,,,,"Y","NEON.DOC.014049vE","CAESprotocolA","Connecticut Agricultural Experiment Station","r4iH4e2lsYWuK+qavXE5sQ==",,0,"No known compromise","No known compromise","Damaged, analysis affected","No known compromise",0,0,0
"FF5839070B514391AEFBDE5BC4B9D4A1","D08","TALL",32.907154,-87.422394,"WGS84",4611.1,126.3,53.1,2014-06-03 12:33:00.0,2014-06-04 14:01:00.0,"2014-11-05","TALL.2014.22","TALL.2014.22.COQPER.F.T","TALL.2014.22.COQPER.F.T.04","TALL.2014.3.Coquillettidia perturbans.Female.T4","COQPER","Coquillettidia perturbans","species",,"F",30,"virus",1,"Culture","Negative","Y",,,,,"Y","NEON.DOC.014049vE","CAESprotocolA","Connecticut Agricultural Experiment Station","r4iH4e2lsYWuK+qavXE5sQ==",,0,"No known compromise","No known compromise","Damaged, analysis affected","No known compromise",0,0,0
"795FB1712A7C4EDF9DA857DAD06071D8","D08","TALL",32.907154,-87.422394,"WGS84",4611.1,126.3,53.1,2014-06-03 12:33:00.0,2014-06-04 14:01:00.0,"2014-11-05","TALL.2014.22","TALL.2014.22.COQPER.F.T","TALL.2014.22.COQPER.F.T.09","TALL.2014.3.Coquillettidia perturbans.Female.T9","COQPER","Coquillettidia perturbans","species",,"F",30,"virus",1,"Culture","Negative","Y",,,,,"Y","NEON.DOC.014049vE","CAESprotocolA","Connecticut Agricultural Experiment Station","r4iH4e2lsYWuK+qavXE5sQ==",,0,"No known compromise","No known compromise","Damaged, analysis affected","No known compromise",0,0,0
"9C5F6E1285B441DE897F7BF5F145400D","D08","TALL",32.907154,-87.422394,"WGS84",4611.1,126.3,53.1,2014-06-03 12:33:00.0,2014-06-04 14:01:00.0,"2014-11-05","TALL.2014.22","TALL.2014.22.COQPER.F.T","TALL.2014.22.COQPER.F.T.03","TALL.2014.3.Coquillettidia perturbans.Female.T3","COQPER","Coquillettidia perturbans","species",,"F",30,"virus",1,"Culture","Negative","Y",,,,,"Y","NEON.DOC.014049vE","CAESprotocolA","Connecticut Agricultural Experiment Station","r4iH4e2lsYWuK+qavXE5sQ==",,0,"No known compromise","No known compromise","Damaged, analysis affected","No known compromise",0,0,0
"6103761FA2264186BB008F34222D9BFB","D08","TALL",32.907154,-87.422394,"WGS84",4611.1,126.3,53.1,2014-06-03 12:33:00.0,2014-06-04 14:01:00.0,"2014-11-05","TALL.2014.22","TALL.2014.22.COQPER.F.T","TALL.2014.22.COQPER.F.T.08","TALL.2014.3.Coquillettidia perturbans.Female.T8","COQPER","Coquillettidia perturbans","species",,"F",30,"virus",1,"Culture","Negative","Y",,,,,"Y","NEON.DOC.014049vE","CAESprotocolA","Connecticut Agricultural Experiment Station","r4iH4e2lsYWuK+qavXE5sQ==",,0,"No known compromise","No known compromise","Damaged, analysis affected","No known compromise",0,0,0
"5F6F221A8F6C4CC5894681A9DEBFF3F1","D08","TALL",32.907154,-87.422394,"WGS84",4611.1,126.3,53.1,2014-06-03 12:33:00.0,2014-06-04 14:01:00.0,"2014-11-05","TALL.2014.22","TALL.2014.22.COQPER.F.T","TALL.2014.22.COQPER.F.T.01","TALL.2014.3.Coquillettidia perturbans.Female.T1","COQPER","Coquillettidia perturbans","species",,"F",30,"virus",1,"Culture","Negative","Y",,,,,"Y","NEON.DOC.014049vE","CAESprotocolA","Connecticut Agricultural Experiment Station","r4iH4e2lsYWuK+qavXE5sQ==",,0,"No known compromise","No known compromise","Damaged, analysis affected","No known compromise",0,0,0
"D9297F03406A417E80F0C5155450D0D4","D08","TALL",32.907154,-87.422394,"WGS84",4611.1,126.3,53.1,2014-06-03 12:33:00.0,2014-06-04 14:01:00.0,"2014-11-05","TALL.2014.22","TALL.2014.22.COQPER.F.T","TALL.2014.22.COQPER.F.T.05","TALL.2014.3.Coquillettidia perturbans.Female.T5","COQPER","Coquillettidia perturbans","species",,"F",30,"virus",1,"Culture","Negative","Y",,,,,"Y","NEON.DOC.014049vE","CAESprotocolA","Connecticut Agricultural Experiment Station","r4iH4e2lsYWuK+qavXE5sQ==",,0,"No known compromise","No known compromise","Damaged, analysis affected","No known compromise",0,0,0
"B739473E63EC42DA915D940570CB41FB","D08","TALL",32.913656,-87.426395,"WGS84",6841.2,110.6,39.4,2014-06-03 12:33:00.0,2014-06-04 14:01:00.0,"2014-11-05","TALL.2014.22","TALL.2014.22.AEDCAN2.F.T","TALL.2014.22.AEDCAN2.F.T.09","TALL.2014.3.Aedes canadensis.Female.T9","AEDCAN2","Aedes canadensis","species",,"F",50,"virus",1,"Culture","Inconclusive","N",,,,,"Y","NEON.DOC.014049vE","CAESprotocolA","Connecticut Agricultural Experiment Station","r4iH4e2lsYWuK+qavXE5sQ==","fungal contamination",0,"No known compromise","No known compromise","Damaged, analysis affected","No known compromise",0,0,0
"D8A266F4BE4C4AB38BF0EB3A5969B24D","D08","TALL",32.913656,-87.426395,"WGS84",6841.2,110.6,39.4,2014-06-03 12:33:00.0,2014-06-04 14:01:00.0,"2014-11-05","TALL.2014.22","TALL.2014.22.AEDCAN2.F.T","TALL.2014.22.AEDCAN2.F.T.02","TALL.2014.3.Aedes canadensis.Female.T2","AEDCAN2","Aedes canadensis","species",,"F",50,"virus",1,"Culture","Negative","Y",,,,,"Y","NEON.DOC.014049vE","CAESprotocolA","Connecticut Agricultural Experiment Station","r4iH4e2lsYWuK+qavXE5sQ==",,0,"No known compromise","No known compromise","Damaged, analysis affected","No known compromise",0,0,0
"7807FC50E2A849E6AAEBBFB3D9C94196","D08","TALL",32.907154,-87.422394,"WGS84",4611.1,126.3,53.1,2014-06-03 12:33:00.0,2014-06-04 14:01:00.0,"2014-11-05","TALL.2014.22","TALL.2014.22.COQPER.F.T","TALL.2014.22.COQPER.F.T.07","TALL.2014.3.Coquillettidia perturbans.Female.T7","COQPER","Coquillettidia perturbans","species",,"F",30,"virus",1,"Culture","Negative","Y",,,,,"Y","NEON.DOC.014049vE","CAESprotocolA","Connecticut Agricultural Experiment Station","r4iH4e2lsYWuK+qavXE5sQ==",,0,"No known compromise","No known compromise","Damaged, analysis affected","No known compromise",0,0,0
"9E71314F7F864F39B4A3B3346E75F521","D08","TALL",32.913656,-87.426395,"WGS84",6841.2,110.6,39.4,2014-06-03 12:33:00.0,2014-06-04 14:01:00.0,"2014-11-05","TALL.2014.22","TALL.2014.22.AEDCAN2.F.T","TALL.2014.22.AEDCAN2.F.T.03","TALL.2014.3.Aedes canadensis.Female.T3","AEDCAN2","Aedes canadensis","species",,"F",50,"virus",1,"Culture","Negative","Y",,,,,"Y","NEON.DOC.014049vE","CAESprotocolA","Connecticut Agricultural Experiment Station","r4iH4e2lsYWuK+qavXE5sQ==",,0,"No known compromise","No known compromise","Damaged, analysis affected","No known compromise",0,0,0
"9EBAFBA2F7D24974A899861CDE6B10BC","D08","TALL",32.913656,-87.426395,"WGS84",6841.2,110.6,39.4,2014-06-03 12:33:00.0,2014-06-04 14:01:00.0,"2014-11-05","TALL.2014.22","TALL.2014.22.AEDCAN2.F.T","TALL.2014.22.AEDCAN2.F.T.05","TALL.2014.3.Aedes canadensis.Female.T5","AEDCAN2","Aedes canadensis","species",,"F",50,"virus",1,"Culture","Negative","Y",,,,,"Y","NEON.DOC.014049vE","CAESprotocolA","Connecticut Agricultural Experiment Station","r4iH4e2lsYWuK+qavXE5sQ==",,0,"No known compromise","No known compromise","Damaged, analysis affected","No known compromise",0,0,0
"9FF311AC9267426C8443BFD364CD6FDC","D08","TALL",32.913656,-87.426395,"WGS84",6841.2,110.6,39.4,2014-06-03 12:33:00.0,2014-06-04 14:01:00.0,"2014-11-05","TALL.2014.22","TALL.2014.22.AEDCAN2.F.T","TALL.2014.22.AEDCAN2.F.T.08","TALL.2014.3.Aedes canadensis.Female.T8","AEDCAN2","Aedes canadensis","species",,"F",50,"virus",1,"Culture","Negative","Y",,,,,"Y","NEON.DOC.014049vE","CAESprotocolA","Connecticut Agricultural Experiment Station","r4iH4e2lsYWuK+qavXE5sQ==",,0,"No known compromise","No known compromise","Damaged, analysis affected","No known compromise",0,0,0
"746BD505C0974239860A5AD2B9334D5B","D08","TALL",32.913656,-87.426395,"WGS84",6841.2,110.6,39.4,2014-06-03 12:33:00.0,2014-06-04 14:01:00.0,"2014-11-05","TALL.2014.22","TALL.2014.22.AEDCAN2.F.T","TALL.2014.22.AEDCAN2.F.T.04","TALL.2014.3.Aedes canadensis.Female.T4","AEDCAN2","Aedes canadensis","species",,"F",50,"virus",1,"Culture","Negative","Y",,,,,"Y","NEON.DOC.014049vE","CAESprotocolA","Connecticut Agricultural Experiment Station","r4iH4e2lsYWuK+qavXE5sQ==",,0,"No known compromise","No known compromise","Damaged, analysis affected","No known compromise",0,0,0
"C1DC62510F804E75B0EC52756A76F7DF","D08","TALL",32.913656,-87.426395,"WGS84",6841.2,110.6,39.4,2014-06-03 12:33:00.0,2014-06-04 14:01:00.0,"2014-11-05","TALL.2014.22","TALL.2014.22.AEDCAN2.F.T","TALL.2014.22.AEDCAN2.F.T.01","TALL.2014.3.Aedes canadensis.Female.T1","AEDCAN2","Aedes canadensis","species",,"F",50,"virus",1,"Culture","Negative","Y",,,,,"Y","NEON.DOC.014049vE","CAESprotocolA","Connecticut Agricultural Experiment Station","r4iH4e2lsYWuK+qavXE5sQ==",,0,"No known compromise","No known compromise","Damaged, analysis affected","No known compromise",0,0,0
"67230536B404438B9BD19FB266702366","D08","TALL",32.907154,-87.422394,"WGS84",4611.1,126.3,53.1,2014-06-03 12:33:00.0,2014-06-04 14:01:00.0,"2014-11-05","TALL.2014.22","TALL.2014.22.COQPER.F.T","TALL.2014.22.COQPER.F.T.02","TALL.2014.3.Coquillettidia perturbans.Female.T2","COQPER","Coquillettidia perturbans","species",,"F",30,"virus",1,"Culture","Negative","Y",,,,,"Y","NEON.DOC.014049vE","CAESprotocolA","Connecticut Agricultural Experiment Station","r4iH4e2lsYWuK+qavXE5sQ==",,0,"No known compromise","No known compromise","Damaged, analysis affected","No known compromise",0,0,0
"4ABBF69F8F1F4DE1992B16646B2471E9","D08","TALL",32.913391,-87.427937,"WGS84",6905.5,103.4,76.1,2014-06-19 12:22:00.0,2014-06-20 14:52:00.0,"2014-11-05","TALL.2014.24","TALL.2014.24.AEDCAN2.F.T","TALL.2014.24.AEDCAN2.F.T.05","TALL.2014.4.Aedes canadensis.Female.T5","AEDCAN2","Aedes canadensis","species",,"F",30,"virus",1,"Culture","Negative","Y",,,,,"Y","NEON.DOC.014049vE","CAESprotocolA","Connecticut Agricultural Experiment Station","r4iH4e2lsYWuK+qavXE5sQ==",,0,"No known compromise","No known compromise","No known compromise","No known compromise",0,0,0
"B029DAED2E3F46C19A8B8B82255F55B6","D08","TALL",32.905885,-87.426402,"WGS84",4721.0,122.2,57.2,2014-06-19 12:22:00.0,2014-06-20 14:52:00.0,"2014-11-05","TALL.2014.24","TALL.2014.24.COQPER.F.T","TALL.2014.24.COQPER.F.T.01","TALL.2014.4.Coquillettidia perturbans.Female.T1","COQPER","Coquillettidia perturbans","species",,"F",30,"virus",1,"Culture","Negative","Y",,,,,"Y","NEON.DOC.014049vE","CAESprotocolA","Connecticut Agricultural Experiment Station","r4iH4e2lsYWuK+qavXE5sQ==",,0,"No known compromise","No known compromise","No known compromise","No known compromise",0,0,0
"F342CCAA1137453CB54A5EA2575456CE","D08","TALL",32.905885,-87.426402,"WGS84",4721.0,122.2,57.2,2014-06-19 12:22:00.0,2014-06-20 14:52:00.0,"2014-11-05","TALL.2014.24","TALL.2014.24.COQPER.F.T","TALL.2014.24.COQPER.F.T.05","TALL.2014.4.Coquillettidia perturbans.Female.T5","COQPER","Coquillettidia perturbans","species",,"F",30,"virus",1,"Culture","Negative","Y",,,,,"Y","NEON.DOC.014049vE","CAESprotocolA","Connecticut Agricultural Experiment Station","r4iH4e2lsYWuK+qavXE5sQ==",,0,"No known compromise","No known compromise","No known compromise","No known compromise",0,0,0
"E65775366FD9400EBD27DF3A43178DF2","D08","TALL",32.905885,-87.426402,"WGS84",4721.0,122.2,57.2,2014-06-19 12:22:00.0,2014-06-20 14:52:00.0,"2014-11-05","TALL.2014.24","TALL.2014.24.COQPER.F.T","TALL.2014.24.COQPER.F.T.04","TALL.2014.4.Coquillettidia perturbans.Female.T4","COQPER","Coquillettidia perturbans","species",,"F",30,"virus",1,"Culture","Negative","Y",,,,,"Y","NEON.DOC.014049vE","CAESprotocolA","Connecticut Agricultural Experiment Station","r4iH4e2lsYWuK+qavXE5sQ==",,0,"No known compromise","No known compromise","No known compromise","No known compromise",0,0,0
"49D35BAE3B1E46779C44458D2DD1B1C3","D08","TALL",32.913391,-87.427937,"WGS84",6905.5,103.4,76.1,2014-06-19 12:22:00.0,2014-06-20 14:52:00.0,"2014-11-05","TALL.2014.24","TALL.2014.24.AEDCAN2.F.T","TALL.2014.24.AEDCAN2.F.T.03","TALL.2014.4.Aedes canadensis.Female.T3","AEDCAN2","Aedes canadensis","species",,"F",30,"virus",1,"Culture","Negative","Y",,,,,"Y","NEON.DOC.014049vE","CAESprotocolA","Connecticut Agricultural Experiment Station","r4iH4e2lsYWuK+qavXE5sQ==",,0,"No known compromise","No known compromise","No known compromise","No known compromise",0,0,0
"FBAA45EE7BFD49688FEFC4DF13E9617E","D08","TALL",32.913391,-87.427937,"WGS84",6905.5,103.4,76.1,2014-06-19 12:22:00.0,2014-06-20 14:52:00.0,"2014-11-05","TALL.2014.24","TALL.2014.24.AEDCAN2.F.T","TALL.2014.24.AEDCAN2.F.T.02","TALL.2014.4.Aedes canadensis.Female.T2","AEDCAN2","Aedes canadensis","species",,"F",30,"virus",1,"Culture","Negative","Y",,,,,"Y","NEON.DOC.014049vE","CAESprotocolA","Connecticut Agricultural Experiment Station","r4iH4e2lsYWuK+qavXE5sQ==",,0,"No known compromise","No known compromise","No known compromise","No known compromise",0,0,0
"BE90B2DCFC8049518380C135F91C4222","D08","TALL",32.905885,-87.426402,"WGS84",4721.0,122.2,57.2,2014-06-19 12:22:00.0,2014-06-20 14:52:00.0,"2014-11-05","TALL.2014.24","TALL.2014.24.COQPER.F.T","TALL.2014.24.COQPER.F.T.02","TALL.2014.4.Coquillettidia perturbans.Female.T2","COQPER","Coquillettidia perturbans","species",,"F",30,"virus",1,"Culture","Negative","Y",,,,,"Y","NEON.DOC.014049vE","CAESprotocolA","Connecticut Agricultural Experiment Station","r4iH4e2lsYWuK+qavXE5sQ==",,0,"No known compromise","No known compromise","No known compromise","No known compromise",0,0,0
"A577581AD6184455913250AF048B7A6D","D08","TALL",32.905885,-87.426402,"WGS84",4721.0,122.2,57.2,2014-06-19 12:22:00.0,2014-06-20 14:52:00.0,"2014-11-05","TALL.2014.24","TALL.2014.24.COQPER.F.T","TALL.2014.24.COQPER.F.T.03","TALL.2014.4.Coquillettidia perturbans.Female.T3","COQPER","Coquillettidia perturbans","species",,"F",30,"virus",1,"Culture","Negative","Y",,,,,"Y","NEON.DOC.014049vE","CAESprotocolA","Connecticut Agricultural Experiment Station","r4iH4e2lsYWuK+qavXE5sQ==",,0,"No known compromise","No known compromise","No known compromise","No known compromise",0,0,0
"245B2B8C71664E1B8051F978D7ED3574","D08","TALL",32.905885,-87.426402,"WGS84",4721.0,122.2,57.2,2014-06-19 12:22:00.0,2014-06-20 14:52:00.0,"2014-11-05","TALL.2014.24","TALL.2014.24.COQPER.F.T","TALL.2014.24.COQPER.F.T.06","TALL.2014.4.Coquillettidia perturbans.Female.T6","COQPER","Coquillettidia perturbans","species",,"F",30,"virus",1,"Culture","Negative","Y",,,,,"Y","NEON.DOC.014049vE","CAESprotocolA","Connecticut Agricultural Experiment Station","r4iH4e2lsYWuK+qavXE5sQ==",,0,"No known compromise","No known compromise","No known compromise","No known compromise",0,0,0
"DC2E6542B6C34CF8909D4CCA54023C7D","D08","TALL",32.913391,-87.427937,"WGS84",6905.5,103.4,76.1,2014-06-19 12:22:00.0,2014-06-20 14:52:00.0,"2014-11-05","TALL.2014.24","TALL.2014.24.AEDCAN2.F.T","TALL.2014.24.AEDCAN2.F.T.04","TALL.2014.4.Aedes canadensis.Female.T4","AEDCAN2","Aedes canadensis","species",,"F",30,"virus",1,"Culture","Negative","Y",,,,,"Y","NEON.DOC.014049vE","CAESprotocolA","Connecticut Agricultural Experiment Station","r4iH4e2lsYWuK+qavXE5sQ==",,0,"No known compromise","No known compromise","No known compromise","No known compromise",0,0,0
"9BF35272442B499CB7E60494D1B96E8B","D08","TALL",32.913391,-87.427937,"WGS84",6905.5,103.4,76.1,2014-06-19 12:22:00.0,2014-06-20 14:52:00.0,"2014-11-05","TALL.2014.24","TALL.2014.24.AEDCAN2.F.T","TALL.2014.24.AEDCAN2.F.T.01","TALL.2014.4.Aedes canadensis.Female.T1","AEDCAN2","Aedes canadensis","species",,"F",30,"virus",1,"Culture","Negative","Y",,,,,"Y","NEON.DOC.014049vE","CAESprotocolA","Connecticut Agricultural Experiment Station","r4iH4e2lsYWuK+qavXE5sQ==",,0,"No known compromise","No known compromise","No known compromise","No known compromise",0,0,0
"95584BD0783B418FB5AAF66A1F30420E","D08","TALL",32.923429,-87.424783,"WGS84",5754.3,106.7,39.3,2014-07-01 12:44:00.0,2014-07-02 14:11:00.0,"2014-11-05","TALL.2014.26","TALL.2014.26.AEDCAN2.F.T","TALL.2014.26.AEDCAN2.F.T.01","TALL.2014.5.Aedes canadensis.Female.T1","AEDCAN2","Aedes canadensis","species",,"F",20,"virus",1,"Culture","Negative","Y",,,,,"Y","NEON.DOC.014049vE","CAESprotocolA","Connecticut Agricultural Experiment Station","r4iH4e2lsYWuK+qavXE5sQ==",,0,"No known compromise","No known compromise","No known compromise","No known compromise",0,0,0
"32D56250195348089020FB1C34368721","D08","TALL",32.907343,-87.422842,"WGS84",4585.4,123.8,55.6,2014-07-01 12:44:00.0,2014-07-02 14:11:00.0,"2014-11-05","TALL.2014.26","TALL.2014.26.COQPER.F.T","TALL.2014.26.COQPER.F.T.01","TALL.2014.5.Coquillettidia perturbans.Female.T1","COQPER","Coquillettidia perturbans","species",,"F",30,"virus",1,"Culture","Negative","Y",,,,,"Y","NEON.DOC.014049vE","CAESprotocolA","Connecticut Agricultural Experiment Station","r4iH4e2lsYWuK+qavXE5sQ==",,0,"No known compromise","No known compromise","No known compromise","No known compromise",0,0,0
"DF64BE7CC7954FBBB82D4F1030CB6F68","D08","TALL",32.907343,-87.422842,"WGS84",4585.4,123.8,55.6,2014-07-01 12:44:00.0,2014-07-02 14:11:00.0,"2014-11-05","TALL.2014.26","TALL.2014.26.COQPER.F.T","TALL.2014.26.COQPER.F.T.02","TALL.2014.5.Coquillettidia perturbans.Female.T2","COQPER","Coquillettidia perturbans","species",,"F",30,"virus",1,"Culture","Negative","Y",,,,,"Y","NEON.DOC.014049vE","CAESprotocolA","Connecticut Agricultural Experiment Station","r4iH4e2lsYWuK+qavXE5sQ==",,0,"No known compromise","No known compromise","No known compromise","No known compromise",0,0,0
"B08BE7A63FD44B538FA32E7D7FF51138","D08","TALL",32.923429,-87.424783,"WGS84",5754.3,106.7,39.3,2014-07-01 12:44:00.0,2014-07-02 14:11:00.0,"2014-11-05","TALL.2014.26","TALL.2014.26.AEDCAN2.F.T","TALL.2014.26.AEDCAN2.F.T.02","TALL.2014.5.Aedes canadensis.Female.T2","AEDCAN2","Aedes canadensis","species",,"F",20,"virus",1,"Culture","Negative","Y",,,,,"Y","NEON.DOC.014049vE","CAESprotocolA","Connecticut Agricultural Experiment Station","r4iH4e2lsYWuK+qavXE5sQ==",,0,"No known compromise","No known compromise","No known compromise","No known compromise",0,0,0
"C40A4438675149BC93AD981C4B7F6416","D08","TALL",32.907343,-87.422842,"WGS84",4585.4,123.8,55.6,2014-07-01 12:44:00.0,2014-07-02 14:11:00.0,"2014-11-05","TALL.2014.26","TALL.2014.26.COQPER.F.T","TALL.2014.26.COQPER.F.T.03","TALL.2014.5.Coquillettidia perturbans.Female.T3","COQPER","Coquillettidia perturbans","species",,"F",30,"virus",1,"Culture","Negative","Y",,,,,"Y","NEON.DOC.014049vE","CAESprotocolA","Connecticut Agricultural Experiment Station","r4iH4e2lsYWuK+qavXE5sQ==",,0,"No known compromise","No known compromise","No known compromise","No known compromise",0,0,0
"121F5080FA0442F8B9154A9CEB6EEEA7","D08","TALL",32.905171,-87.422679,"WGS84",3055.5,126.9,52.6,2014-07-16 11:54:00.0,2014-07-17 14:17:00.0,"2014-11-05","TALL.2014.28","TALL.2014.28.COQPER.F.T","TALL.2014.28.COQPER.F.T.01","TALL.2014.6.Coquillettidia perturbans.Female.T1","COQPER","Coquillettidia perturbans","species",,"F",20,"virus",1,"Culture","Negative","Y",,,,,"Y","NEON.DOC.014049vE","CAESprotocolA","Connecticut Agricultural Experiment Station","r4iH4e2lsYWuK+qavXE5sQ==",,0,"No known compromise","No known compromise","Damaged, analysis affected","No known compromise",0,0,0
"CD12791FE9D64B95A61E67C1BD78AA0F","D08","TALL",32.909695,-87.423072,"WGS84",7204.7,111.9,34.9,2014-07-31 12:04:00.0,2014-08-01 14:20:00.0,"2014-11-05","TALL.2014.30","TALL.2014.30.CULERR.F.T","TALL.2014.30.CULERR.F.T.01","TALL.2014.7.Culex erraticus.Female.T1","CULERR","Culex erraticus","species",,"F",30,"virus",1,"Culture","Negative","Y",,,,,"Y","NEON.DOC.014049vE","CAESprotocolA","Connecticut Agricultural Experiment Station","r4iH4e2lsYWuK+qavXE5sQ==",,0,"No known compromise","No known compromise","No known compromise","No known compromise",0,0,0
"0F59FAE174F1478AA1A7024BA99F50F5","D08","TALL",32.911871,-87.421797,"WGS84",6946.0,106.0,40.1,2014-08-14 12:52:00.0,2014-08-15 14:13:00.0,"2014-11-05","TALL.2014.32","TALL.2014.32.CULERR.F.T","TALL.2014.32.CULERR.F.T.03","TALL.2014.8.Culex erraticus.Female.T3","CULERR","Culex erraticus","species",,"F",20,"virus",1,"Culture","Negative","Y",,,,,"Y","NEON.DOC.014049vE","CAESprotocolA","Connecticut Agricultural Experiment Station","r4iH4e2lsYWuK+qavXE5sQ==",,0,"No known compromise","No known compromise","No known compromise","No known compromise",0,0,0
"CB79723204F746C0B66F34DAD1BFF1C3","D08","TALL",32.911963,-87.410792,"WGS84",1689.2,150.3,29.2,2014-08-14 12:52:00.0,2014-08-15 14:13:00.0,"2014-11-05","TALL.2014.32","TALL.2014.32.AEDVEX.F.T","TALL.2014.32.AEDVEX.F.T.01","TALL.2014.7.Aedes vexans.Female.T1","AEDVEX","Aedes vexans","species",,"F",20,"virus",1,"Culture","Negative","Y",,,,,"Y","NEON.DOC.014049vE","CAESprotocolA","Connecticut Agricultural Experiment Station","r4iH4e2lsYWuK+qavXE5sQ==",,0,"No known compromise","No known compromise","No known compromise","No known compromise",0,0,0
"4A441F5158964342BC4479CA017DA5D5","D08","TALL",32.911871,-87.421797,"WGS84",6946.0,106.0,40.1,2014-08-14 12:52:00.0,2014-08-15 14:13:00.0,"2014-11-05","TALL.2014.32","TALL.2014.32.CULERR.F.T","TALL.2014.32.CULERR.F.T.01","TALL.2014.8.Culex erraticus.Female.T1","CULERR","Culex erraticus","species",,"F",20,"virus",1,"Culture","Negative","Y",,,,,"Y","NEON.DOC.014049vE","CAESprotocolA","Connecticut Agricultural Experiment Station","r4iH4e2lsYWuK+qavXE5sQ==",,0,"No known compromise","No known compromise","No known compromise","No known compromise",0,0,0
"A670338F11E240F6A8C2D222932BFF17","D08","TALL",32.911871,-87.421797,"WGS84",6946.0,106.0,40.1,2014-08-14 12:52:00.0,2014-08-15 14:13:00.0,"2014-11-05","TALL.2014.32","TALL.2014.32.CULERR.F.T","TALL.2014.32.CULERR.F.T.04","TALL.2014.8.Culex erraticus.Female.T4","CULERR","Culex erraticus","species",,"F",20,"virus",1,"Culture","Negative","Y",,,,,"Y","NEON.DOC.014049vE","CAESprotocolA","Connecticut Agricultural Experiment Station","r4iH4e2lsYWuK+qavXE5sQ==",,0,"No known compromise","No known compromise","No known compromise","No known compromise",0,0,0
"0A469AC5FCA84205A5ED664CBFAB4977","D08","TALL",32.911871,-87.421797,"WGS84",6946.0,106.0,40.1,2014-08-14 12:52:00.0,2014-08-15 14:13:00.0,"2014-11-05","TALL.2014.32","TALL.2014.32.CULERR.F.T","TALL.2014.32.CULERR.F.T.02","TALL.2014.8.Culex erraticus.Female.T2","CULERR","Culex erraticus","species",,"F",20,"virus",1,"Culture","Negative","Y",,,,,"Y","NEON.DOC.014049vE","CAESprotocolA","Connecticut Agricultural Experiment Station","r4iH4e2lsYWuK+qavXE5sQ==",,0,"No known compromise","No known compromise","No known compromise","No known compromise",0,0,0
"69C012D15F0C41BA881795C31970F30A","D08","TALL",32.912764,-87.422601,"WGS84",6862.2,104.8,41.2,2014-08-28 12:50:00.0,2014-08-29 14:20:00.0,"2014-11-05","TALL.2014.34","TALL.2014.34.CULERR.F.T","TALL.2014.34.CULERR.F.T.03","TALL.2014.9.Culex erraticus.Female.T3","CULERR","Culex erraticus","species",,"F",30,"virus",1,"Culture","Negative","Y",,,,,"Y","NEON.DOC.014049vE","CAESprotocolA","Connecticut Agricultural Experiment Station","r4iH4e2lsYWuK+qavXE5sQ==",,0,"No known compromise","No known compromise","No known compromise","No known compromise",0,0,0
"405F7EBA78C04279AF6F6153BAF241C9","D08","TALL",32.898050,-87.421286,"WGS84",2488.8,113.9,32.2,2014-08-28 12:50:00.0,2014-08-29 14:20:00.0,"2014-11-05","TALL.2014.34","TALL.2014.34.COQPER.F.T","TALL.2014.34.COQPER.F.T.01","TALL.2014.9.Coquillettidia perturbans.Female.T1","COQPER","Coquillettidia perturbans","species",,"F",30,"virus",1,"Culture","Negative","Y",,,,,"Y","NEON.DOC.014049vE","CAESprotocolA","Connecticut Agricultural Experiment Station","r4iH4e2lsYWuK+qavXE5sQ==",,0,"No known compromise","No known compromise","No known compromise","No known compromise",0,0,0
"1D48AC5E514241E1B4834840421DDA18","D08","TALL",32.912764,-87.422601,"WGS84",6862.2,104.8,41.2,2014-08-28 12:50:00.0,2014-08-29 14:20:00.0,"2014-11-05","TALL.2014.34","TALL.2014.34.CULERR.F.T","TALL.2014.34.CULERR.F.T.04","TALL.2014.9.Culex erraticus.Female.T4","CULERR","Culex erraticus","species",,"F",30,"virus",1,"Culture","Negative","Y",,,,,"Y","NEON.DOC.014049vE","CAESprotocolA","Connecticut Agricultural Experiment Station","r4iH4e2lsYWuK+qavXE5sQ==",,0,"No known compromise","No known compromise","No known compromise","No known compromise",0,0,0
"FFC4632CB07B47CB8E3B4F8376BB548A","D08","TALL",32.912764,-87.422601,"WGS84",6862.2,104.8,41.2,2014-08-28 12:50:00.0,2014-08-29 14:20:00.0,"2014-11-05","TALL.2014.34","TALL.2014.34.CULERR.F.T","TALL.2014.34.CULERR.F.T.01","TALL.2014.9.Culex erraticus.Female.T1","CULERR","Culex erraticus","species",,"F",30,"virus",1,"Culture","Negative","Y",,,,,"Y","NEON.DOC.014049vE","CAESprotocolA","Connecticut Agricultural Experiment Station","r4iH4e2lsYWuK+qavXE5sQ==",,0,"No known compromise","No known compromise","No known compromise","No known compromise",0,0,0
"2E6599321BF24D0196831E10244C4861","D08","TALL",32.912764,-87.422601,"WGS84",6862.2,104.8,41.2,2014-08-28 12:50:00.0,2014-08-29 14:20:00.0,"2014-11-05","TALL.2014.34","TALL.2014.34.CULERR.F.T","TALL.2014.34.CULERR.F.T.02","TALL.2014.9.Culex erraticus.Female.T2","CULERR","Culex erraticus","species",,"F",30,"virus",1,"Culture","Negative","Y",,,,,"Y","NEON.DOC.014049vE","CAESprotocolA","Connecticut Agricultural Experiment Station","r4iH4e2lsYWuK+qavXE5sQ==",,0,"No known compromise","No known compromise","No known compromise","No known compromise",0,0,0
"BCFCC690F3A44E1087FA7C0DA6DF35A5","D08","TALL",32.912764,-87.422601,"WGS84",6862.2,104.8,41.2,2014-08-28 12:50:00.0,2014-08-29 14:20:00.0,"2014-11-05","TALL.2014.34","TALL.2014.34.CULERR.F.T","TALL.2014.34.CULERR.F.T.06","TALL.2014.9.Culex erraticus.Female.T6","CULERR","Culex erraticus","species",,"F",30,"virus",1,"Culture","Negative","Y",,,,,"Y","NEON.DOC.014049vE","CAESprotocolA","Connecticut Agricultural Experiment Station","r4iH4e2lsYWuK+qavXE5sQ==",,0,"No known compromise","No known compromise","No known compromise","No known compromise",0,0,0
"1DAC951D5A214DF38CA626BB41DE1B07","D08","TALL",32.912764,-87.422601,"WGS84",6862.2,104.8,41.2,2014-08-28 12:50:00.0,2014-08-29 14:20:00.0,"2014-11-05","TALL.2014.34","TALL.2014.34.CULERR.F.T","TALL.2014.34.CULERR.F.T.05","TALL.2014.9.Culex erraticus.Female.T5","CULERR","Culex erraticus","species",,"F",30,"virus",1,"Culture","Negative","Y",,,,,"Y","NEON.DOC.014049vE","CAESprotocolA","Connecticut Agricultural Experiment Station","r4iH4e2lsYWuK+qavXE5sQ==",,0,"No known compromise","No known compromise","No known compromise","No known compromise",0,0,0
