"uid","domainID","siteID","plotID","trapID","nlcdClass","decimalLatitude","decimalLongitude","geodeticDatum","coordinateUncertainty","elevation","elevationUncertainty","setDate","collectDate","boutNumber","eventID","sampleID","daysOfTrapping","cupStatus","lidStatus","fluidLevel","trapReset","samplingProtocol","recordedBy","remarks","missingRecordsPerBoutQF","duplicateCollectionEventQF","compareSetCollectDateQF"
"0E802251323447818446DDF3BFF973FA","D13","MOAB",,"E","shrubScrub",,,,,,,"2015-05-28","2015-06-11",1,"BET.MOAB_008.2015.01","MOAB_008.E.20150611",14,"ok","ok","ok","Y","NEON.DOC.014050","xwW9faweG9yezxUGEB9quDydrYQYJWI4",,0,0,0
"8F442ED007534D88A767C63FE9A279BA","D13","MOAB",,"N","shrubScrub",38.265675,-109.341836,"WGS84",1.1,1996.4,0.1,"2015-05-28","2015-06-11",1,"BET.MOAB_007.2015.01","MOAB_007.N.20150611",14,"ok","ok","high","Y","NEON.DOC.014050","xwW9faweG9yezxUGEB9quDydrYQYJWI4",,0,0,0
"6CBAA3283C4741679A637832231056FA","D13","MOAB",,"S","evergreenForest",38.261107,-109.349487,"WGS84",1.1,2006.8,0.1,"2015-05-28","2015-06-11",1,"BET.MOAB_003.2015.01","MOAB_003.S.20150611",14,"ok","ok","high","Y","NEON.DOC.014050","xwW9faweG9yezxUGEB9quDydrYQYJWI4",,0,0,0
"12DA504398CD4C5CABDEAFDF06B48377","D13","MOAB",,"S","shrubScrub",38.265315,-109.341844,"WGS84",1.1,1996.4,0.1,"2015-05-28","2015-06-11",1,"BET.MOAB_007.2015.01","MOAB_007.S.20150611",14,"ok","ok","high","Y","NEON.DOC.014050","xwW9faweG9yezxUGEB9quDydrYQYJWI4",,0,0,0
"DB4BCE76077C4074B0EF140E760A4008","D13","MOAB",,"E","evergreenForest",38.261284,-109.349254,"WGS84",1.1,2006.8,0.1,"2015-05-28","2015-06-11",1,"BET.MOAB_003.2015.01","MOAB_003.E.20150611",14,"ok","ok","high","Y","NEON.DOC.014050","xwW9faweG9yezxUGEB9quDydrYQYJWI4",,0,0,0
"2228875EBC63470BBC593EC24D4D9AA7","D13","MOAB",,"S","shrubScrub",,,,,,,"2015-05-28","2015-06-11",1,"BET.MOAB_008.2015.01","MOAB_008.S.20150611",14,"ok","ok","ok","Y","NEON.DOC.014050","xwW9faweG9yezxUGEB9quDydrYQYJWI4",,0,0,0
"7803B14FEBE34A7B8378128C0BF80A11","D13","MOAB",,"W","shrubScrub",,,,,,,"2015-05-28","2015-06-11",1,"BET.MOAB_008.2015.01","MOAB_008.W.20150611",14,"ok","ok","ok","Y","NEON.DOC.014050","xwW9faweG9yezxUGEB9quDydrYQYJWI4","plot started at 12:15",0,0,0
"0AE687CC5B8B41D8B0590C4596BE680A","D13","MOAB",,"E","shrubScrub",38.265492,-109.341612,"WGS84",1.1,1996.4,0.1,"2015-05-28","2015-06-11",1,"BET.MOAB_007.2015.01","MOAB_007.E.20150611",14,"ok","ok","high","Y","NEON.DOC.014050","xwW9faweG9yezxUGEB9quDydrYQYJWI4",,0,0,0
"BCDBB66740D240068CCBFF661DCF58EA","D13","MOAB",,"W","evergreenForest",38.261290,-109.349712,"WGS84",1.1,2006.8,0.1,"2015-05-28","2015-06-11",1,"BET.MOAB_003.2015.01","MOAB_003.W.20150611",14,"ok","ok","low","Y","NEON.DOC.014050","xwW9faweG9yezxUGEB9quDydrYQYJWI4","Started plot at 8:45, heavy rains in days before bout",0,0,0
"DFE6DB694BA74C30B71A910ABF3A3D88","D13","MOAB",,"W","shrubScrub",38.265498,-109.342069,"WGS84",1.1,1996.4,0.1,"2015-05-28","2015-06-11",1,"BET.MOAB_007.2015.01","MOAB_007.W.20150611",14,"ok","ok","high","Y","NEON.DOC.014050","xwW9faweG9yezxUGEB9quDydrYQYJWI4","plot started at 10:20, heavy rains in days before bout",0,0,0
"6A1BE69AB84A45CA8472F80498AD065D","D13","MOAB",,"N","evergreenForest",38.261467,-109.349479,"WGS84",1.1,2006.8,0.1,"2015-05-28","2015-06-11",1,"BET.MOAB_003.2015.01","MOAB_003.N.20150611",14,"ok","ok","high","Y","NEON.DOC.014050","xwW9faweG9yezxUGEB9quDydrYQYJWI4",,0,0,0
"9C4E1C44E3EC4D689F0FE5F972BB2806","D13","MOAB",,"N","shrubScrub",,,,,,,"2015-05-28","2015-06-11",1,"BET.MOAB_008.2015.01","MOAB_008.N.20150611",14,"ok","ok","low","Y","NEON.DOC.014050","xwW9faweG9yezxUGEB9quDydrYQYJWI4",,0,0,0
"633FDA8540C44EFC9C3230F43E9DE3AA","D13","MOAB",,"W","shrubScrub",38.255194,-109.378319,"WGS84",1.1,1815.7,0.1,"2015-05-28","2015-06-25",2,"BET.MOAB_010.2015.02","MOAB_010.W.20150625",28,"ok","ok","low","Y","NEON.DOC.014050","wsPgf8Zw9fJKymWy47Zkre6IykLRH3+g",,0,0,0
"68413260210341E69360ABA5FE1B8A09","D13","MOAB",,"N","shrubScrub",38.255371,-109.378086,"WGS84",1.1,1815.7,0.1,"2015-05-28","2015-06-25",2,"BET.MOAB_010.2015.02","MOAB_010.N.20150625",28,"ok","ok","low","Y","NEON.DOC.014050","wsPgf8Zw9fJKymWy47Zkre6IykLRH3+g",,0,0,0
"BC90F17EC29243C2B482B103E36A3153","D13","MOAB",,"E","shrubScrub",38.210928,-109.403496,"WGS84",1.1,1768.1,0.1,"2015-05-28","2015-06-25",2,"BET.MOAB_005.2015.02","MOAB_005.E.20150625",28,"ok","ok","ok","Y","NEON.DOC.014050","wsPgf8Zw9fJKymWy47Zkre6IykLRH3+g",,0,0,0
"8CDFF89F4FB84D4A8F01B83D7C06ECDF","D13","MOAB",,"E","shrubScrub",38.236378,-109.406368,"WGS84",1.1,1760.7,0.1,"2015-05-28","2015-06-25",2,"BET.MOAB_006.2015.02","MOAB_006.E.20150625",28,"ok","ok","low","Y","NEON.DOC.014050","wsPgf8Zw9fJKymWy47Zkre6IykLRH3+g",,0,0,0
"40E097847E4441AFBB41ED30F77368E7","D13","MOAB",,"S","shrubScrub",38.210612,-109.414702,"WGS84",1.1,1773.5,0.1,"2015-05-28","2015-06-25",2,"BET.MOAB_002.2015.02","MOAB_002.S.20150625",28,"ok","ok","ok","Y","NEON.DOC.014050","wsPgf8Zw9fJKymWy47Zkre6IykLRH3+g",,0,0,0
"6836B020B1274D80A5A21D8CD50A26DF","D13","MOAB",,"W","shrubScrub",38.233273,-109.397647,"WGS84",1.1,1762.7,0.1,"2015-05-28","2015-06-25",2,"BET.MOAB_004.2015.02","MOAB_004.W.20150625",28,"ok","ok","low","Y","NEON.DOC.014050","wsPgf8Zw9fJKymWy47Zkre6IykLRH3+g",,0,0,0
"421778C61BF244D5919B481EFD71A165","D13","MOAB",,"N","shrubScrub",,,,,,,"2015-06-11","2015-06-25",2,"BET.MOAB_008.2015.02","MOAB_008.N.20150625",14,"ok","ok","low","N","NEON.DOC.014050","wsPgf8Zw9fJKymWy47Zkre6IykLRH3+g","Pulled out all traps at this plot.",0,0,0
"A4AF9B0A4E3F41BFBE9F3993BC740740","D13","MOAB",,"S","shrubScrub",,,,,,,"2015-06-11","2015-06-25",2,"BET.MOAB_008.2015.02","MOAB_008.S.20150625",14,"ok","ok","low","N","NEON.DOC.014050","wsPgf8Zw9fJKymWy47Zkre6IykLRH3+g","Pulled out all traps at this plot",0,0,0
"B8A77CB166B047C996BE3A088369BD2E","D13","MOAB",,"N","shrubScrub",38.265675,-109.341836,"WGS84",1.1,1996.4,0.1,"2015-06-11","2015-06-25",2,"BET.MOAB_007.2015.02","MOAB_007.N.20150625",14,"ok","ok","low","Y","NEON.DOC.014050","wsPgf8Zw9fJKymWy47Zkre6IykLRH3+g",,0,0,0
"BD5DC8B477954D64ACBF5AEF2CA524C9","D13","MOAB",,"S","shrubScrub",38.255010,-109.378094,"WGS84",1.1,1815.7,0.1,"2015-05-28","2015-06-25",2,"BET.MOAB_010.2015.02","MOAB_010.S.20150625",28,"ok","ok","low","Y","NEON.DOC.014050","wsPgf8Zw9fJKymWy47Zkre6IykLRH3+g",,0,0,0
"DC197F16958A446BB7BEFADAE42A2861","D13","MOAB",,"W","evergreenForest",38.261290,-109.349712,"WGS84",1.1,2006.8,0.1,"2015-06-11","2015-06-25",2,"BET.MOAB_003.2015.02","MOAB_003.W.20150625",14,"ok","ok","ok","Y","NEON.DOC.014050","wsPgf8Zw9fJKymWy47Zkre6IykLRH3+g",,0,0,0
"87EA6885093D439F8A3FD915DF246042","D13","MOAB",,"E","shrubScrub",38.258220,-109.423044,"WGS84",1.1,1793.4,0.1,"2015-05-28","2015-06-25",2,"BET.MOAB_009.2015.02","MOAB_009.E.20150625",28,"ok","ok","ok","Y","NEON.DOC.014050","wsPgf8Zw9fJKymWy47Zkre6IykLRH3+g",,0,0,0
"EF0E97B66C7C44CAADC4D0CCA09449C5","D13","MOAB",,"N","shrubScrub",38.210973,-109.414694,"WGS84",1.1,1773.5,0.1,"2015-05-28","2015-06-25",2,"BET.MOAB_002.2015.02","MOAB_002.N.20150625",28,"ok","ok",,"Y","NEON.DOC.014050","wsPgf8Zw9fJKymWy47Zkre6IykLRH3+g",,0,0,0
"3AD18B9844CC44F2826AD1EDF6B8A875","D13","MOAB",,"S","shrubScrub",38.236201,-109.406600,"WGS84",1.1,1760.7,0.1,"2015-05-28","2015-06-25",2,"BET.MOAB_006.2015.02","MOAB_006.S.20150625",28,"ok","ok","low","Y","NEON.DOC.014050","wsPgf8Zw9fJKymWy47Zkre6IykLRH3+g",,0,0,0
"1FF23DFA70D74FE5A432447E5E4506A2","D13","MOAB",,"S","shrubScrub",38.265315,-109.341844,"WGS84",1.1,1996.4,0.1,"2015-06-11","2015-06-25",2,"BET.MOAB_007.2015.02","MOAB_007.S.20150625",14,"ok","ok","low","Y","NEON.DOC.014050","wsPgf8Zw9fJKymWy47Zkre6IykLRH3+g",,0,0,0
"301DBC51246244568A7DBC79BAE121E0","D13","MOAB",,"W","shrubScrub",38.258227,-109.423501,"WGS84",1.1,1793.4,0.1,"2015-05-28","2015-06-25",2,"BET.MOAB_009.2015.02","MOAB_009.W.20150625",28,"ok","ok","low","Y","NEON.DOC.014050","wsPgf8Zw9fJKymWy47Zkre6IykLRH3+g",,0,0,0
"C07BC28035B946EB859D2862165915D1","D13","MOAB",,"E","shrubScrub",38.210790,-109.414470,"WGS84",1.1,1773.5,0.1,"2015-05-28","2015-06-25",2,"BET.MOAB_002.2015.02","MOAB_002.E.20150625",28,"ok","ok","low","Y","NEON.DOC.014050","wsPgf8Zw9fJKymWy47Zkre6IykLRH3+g",,0,0,0
"14C19DDA8889466FAEB533E34404F1DB","D13","MOAB",,"E","shrubScrub",38.265492,-109.341612,"WGS84",1.1,1996.4,0.1,"2015-06-11","2015-06-25",2,"BET.MOAB_007.2015.02","MOAB_007.E.20150625",14,"ok","ok","low","Y","NEON.DOC.014050","wsPgf8Zw9fJKymWy47Zkre6IykLRH3+g",,0,0,0
"109AB2465B264B5BADE48B2385766D90","D13","MOAB",,"S","shrubScrub",38.258043,-109.423277,"WGS84",1.1,1793.4,0.1,"2015-05-28","2015-06-25",2,"BET.MOAB_009.2015.02","MOAB_009.S.20150625",28,"ok","ok","low","Y","NEON.DOC.014050","wsPgf8Zw9fJKymWy47Zkre6IykLRH3+g",,0,0,0
"E94EC15E4F3444889DB4D7FDFC6CEC4E","D13","MOAB",,"W","shrubScrub",38.265498,-109.342069,"WGS84",1.1,1996.4,0.1,"2015-06-11","2015-06-25",2,"BET.MOAB_007.2015.02","MOAB_007.W.20150625",14,"ok","ok","low","Y","NEON.DOC.014050","wsPgf8Zw9fJKymWy47Zkre6IykLRH3+g",,0,0,0
"4E782B25888B4B0EA56140B345544A4A","D13","MOAB",,"N","shrubScrub",38.258404,-109.423269,"WGS84",1.1,1793.4,0.1,"2015-05-28","2015-06-25",2,"BET.MOAB_009.2015.02","MOAB_009.N.20150625",28,"ok","ok","ok","Y","NEON.DOC.014050","wsPgf8Zw9fJKymWy47Zkre6IykLRH3+g",,0,0,0
"F52481682AEF4BBEA016CC047A6B54E9","D13","MOAB",,"N","shrubScrub",38.211111,-109.403721,"WGS84",1.1,1768.1,0.1,"2015-05-28","2015-06-25",2,"BET.MOAB_005.2015.02","MOAB_005.N.20150625",28,"ok","ok","ok","Y","NEON.DOC.014050","wsPgf8Zw9fJKymWy47Zkre6IykLRH3+g",,0,0,0
"148F3B7C1F594B4A9FC38D9FC9F96AE5","D13","MOAB",,"S","evergreenForest",38.261107,-109.349487,"WGS84",1.1,2006.8,0.1,"2015-06-11","2015-06-25",2,"BET.MOAB_003.2015.02","MOAB_003.S.20150625",14,"ok","ok","ok","Y","NEON.DOC.014050","wsPgf8Zw9fJKymWy47Zkre6IykLRH3+g",,0,0,0
"C182BAD382C643BA9708AF4659FFAB05","D13","MOAB",,"E","shrubScrub",38.233267,-109.397190,"WGS84",1.1,1762.7,0.1,"2015-05-28","2015-06-25",2,"BET.MOAB_004.2015.02","MOAB_004.E.20150625",28,"ok","ok","low","Y","NEON.DOC.014050","wsPgf8Zw9fJKymWy47Zkre6IykLRH3+g","East trap was dry. It was obvious PG never got added.",0,0,0
"B6AE1BCDA7554FDFBD73B904F4B6A05B","D13","MOAB",,"W","shrubScrub",,,,,,,"2015-06-11","2015-06-25",2,"BET.MOAB_008.2015.02","MOAB_008.W.20150625",14,"ok","ok","ok","N","NEON.DOC.014050","wsPgf8Zw9fJKymWy47Zkre6IykLRH3+g","Pulled out all traps at this plot",0,0,0
"98C16DFAC93E4A91A106553E22C56F2F","D13","MOAB",,"E","shrubScrub",,,,,,,"2015-06-11","2015-06-25",2,"BET.MOAB_008.2015.02","MOAB_008.E.20150625",14,"ok","ok","low","N","NEON.DOC.014050","wsPgf8Zw9fJKymWy47Zkre6IykLRH3+g","Pulled out all traps at this plot.",0,0,0
"0D2E735B30CD48519B8E23D867AB12E2","D13","MOAB",,"W","shrubScrub",38.210934,-109.403953,"WGS84",1.1,1768.1,0.1,"2015-05-28","2015-06-25",2,"BET.MOAB_005.2015.02","MOAB_005.W.20150625",28,"ok","ok","low","Y","NEON.DOC.014050","wsPgf8Zw9fJKymWy47Zkre6IykLRH3+g",,0,0,0
"769C2F915ED74DC8ABB43DB0FF4E1496","D13","MOAB",,"S","shrubScrub",38.210751,-109.403728,"WGS84",1.1,1768.1,0.1,"2015-05-28","2015-06-25",2,"BET.MOAB_005.2015.02","MOAB_005.S.20150625",28,"ok","ok","low","Y","NEON.DOC.014050","wsPgf8Zw9fJKymWy47Zkre6IykLRH3+g",,0,0,0
"65BE3CF0EE3346BFBD8585BF13E4F502","D13","MOAB",,"N","evergreenForest",38.261467,-109.349479,"WGS84",1.1,2006.8,0.1,"2015-06-11","2015-06-25",2,"BET.MOAB_003.2015.02","MOAB_003.N.20150625",14,"ok","ok","ok","Y","NEON.DOC.014050","wsPgf8Zw9fJKymWy47Zkre6IykLRH3+g",,0,0,0
"C1D397FD60F441F880CDFFF27E3E14FB","D13","MOAB",,"N","shrubScrub",38.257750,-109.413670,"WGS84",1.1,1799.4,0.1,"2015-05-28","2015-06-25",2,"BET.MOAB_001.2015.02","MOAB_001.N.20150625",28,"ok","ok","ok","Y","NEON.DOC.014050","wsPgf8Zw9fJKymWy47Zkre6IykLRH3+g",,0,0,0
"A05F6F2FED124D6A8CD93F335F734C1E","D13","MOAB",,"W","shrubScrub",38.257572,-109.413902,"WGS84",1.1,1799.4,0.1,"2015-05-28","2015-06-25",2,"BET.MOAB_001.2015.02","MOAB_001.W.20150625",28,"ok","ok","ok","Y","NEON.DOC.014050","wsPgf8Zw9fJKymWy47Zkre6IykLRH3+g",,0,0,0
"FAA36194E72741D88CA5D158C77E2329","D13","MOAB",,"E","shrubScrub",38.257566,-109.413445,"WGS84",1.1,1799.4,0.1,"2015-05-28","2015-06-25",2,"BET.MOAB_001.2015.02","MOAB_001.E.20150625",28,"ok","ok","low","Y","NEON.DOC.014050","wsPgf8Zw9fJKymWy47Zkre6IykLRH3+g",,0,0,0
"BFDD0384CC2C4E4CA381569CFE4C9DDE","D13","MOAB",,"E","evergreenForest",38.261284,-109.349254,"WGS84",1.1,2006.8,0.1,"2015-06-11","2015-06-25",2,"BET.MOAB_003.2015.02","MOAB_003.E.20150625",14,"ok","ok","low","Y","NEON.DOC.014050","wsPgf8Zw9fJKymWy47Zkre6IykLRH3+g",,0,0,0
"DD92033157C941C287880262BF6135C3","D13","MOAB",,"W","shrubScrub",38.236385,-109.406825,"WGS84",1.1,1760.7,0.1,"2015-05-28","2015-06-25",2,"BET.MOAB_006.2015.02","MOAB_006.W.20150625",28,"ok","ok","low","Y","NEON.DOC.014050","wsPgf8Zw9fJKymWy47Zkre6IykLRH3+g",,0,0,0
"266F06F621914B06877F9EF825B63E04","D13","MOAB",,"N","shrubScrub",38.236562,-109.406592,"WGS84",1.1,1760.7,0.1,"2015-05-28","2015-06-25",2,"BET.MOAB_006.2015.02","MOAB_006.N.20150625",28,"ok","ok","low","Y","NEON.DOC.014050","wsPgf8Zw9fJKymWy47Zkre6IykLRH3+g",,0,0,0
"EF87C73CF00544EEB198F2E133F0F4BC","D13","MOAB",,"N","shrubScrub",38.233450,-109.397414,"WGS84",1.1,1762.7,0.1,"2015-05-28","2015-06-25",2,"BET.MOAB_004.2015.02","MOAB_004.N.20150625",28,"ok","ok","low","Y","NEON.DOC.014050","wsPgf8Zw9fJKymWy47Zkre6IykLRH3+g",,0,0,0
"01D90BC5E87F448C8E04E7484E9AB8EB","D13","MOAB",,"S","shrubScrub",38.257389,-109.413678,"WGS84",1.1,1799.4,0.1,"2015-05-28","2015-06-25",2,"BET.MOAB_001.2015.02","MOAB_001.S.20150625",28,"ok","ok","low","Y","NEON.DOC.014050","wsPgf8Zw9fJKymWy47Zkre6IykLRH3+g",,0,0,0
"0A04A8456625425FB40DD84E7254FD88","D13","MOAB",,"W","shrubScrub",38.210796,-109.414927,"WGS84",1.1,1773.5,0.1,"2015-05-28","2015-06-25",2,"BET.MOAB_002.2015.02","MOAB_002.W.20150625",28,"ok","ok","ok","Y","NEON.DOC.014050","wsPgf8Zw9fJKymWy47Zkre6IykLRH3+g","East trap very muddy; North trap very, very muddy",0,0,0
"5FB1C45F04EC43BE883B402931C90CE9","D13","MOAB",,"S","shrubScrub",38.233090,-109.397422,"WGS84",1.1,1762.7,0.1,"2015-05-28","2015-06-25",2,"BET.MOAB_004.2015.02","MOAB_004.S.20150625",28,"ok","ok","ok","Y","NEON.DOC.014050","wsPgf8Zw9fJKymWy47Zkre6IykLRH3+g",,0,0,0
"21CEE50E7F8B4179AC4CAC3ADC1D8CB0","D13","MOAB",,"E","shrubScrub",38.255187,-109.377862,"WGS84",1.1,1815.7,0.1,"2015-05-28","2015-06-25",2,"BET.MOAB_010.2015.02","MOAB_010.E.20150625",28,"ok","ok","low","Y","NEON.DOC.014050","wsPgf8Zw9fJKymWy47Zkre6IykLRH3+g",,0,0,0
"4E97364F66E448C38DEC841412B4174B","D13","MOAB",,"N","shrubScrub",38.236562,-109.406592,"WGS84",1.1,1760.7,0.1,"2015-06-25","2015-07-09",3,"BET.MOAB_006.2015.03","MOAB_006.N.20150709",14,"ok","ok","low","Y","NEON.DOC.014050","Ymvu50svVai947RgaYoGNGTwjbYtyuA7",,0,0,0
"F2395352ED3342E49F96CBD246066EF1","D13","MOAB",,"S","shrubScrub",38.258043,-109.423277,"WGS84",1.1,1793.4,0.1,"2015-06-25","2015-07-09",3,"BET.MOAB_009.2015.03","MOAB_009.S.20150709",14,"ok","ok","ok","Y","NEON.DOC.014050","Ymvu50svVai947RgaYoGNGTwjbYtyuA7",,0,0,0
"186AC7A84B824C628162E272091D4060","D13","MOAB",,"S","shrubScrub",38.255010,-109.378094,"WGS84",1.1,1815.7,0.1,"2015-06-25","2015-07-09",3,"BET.MOAB_010.2015.03","MOAB_010.S.20150709",14,"ok","ok","ok","Y","NEON.DOC.014050","Ymvu50svVai947RgaYoGNGTwjbYtyuA7",,0,0,0
"460B84CE3939497C936350AC4FEDFE7E","D13","MOAB",,"W","shrubScrub",38.265498,-109.342069,"WGS84",1.1,1996.4,0.1,"2015-06-25","2015-07-09",3,"BET.MOAB_007.2015.03","MOAB_007.W.20150709",14,"ok","ok","ok","Y","NEON.DOC.014050","SVlrLvG6MQgHNcX9a6cN9XT/1zjcedhM",,0,0,0
"D4BB2DB505B247AABDFC42A03F962B9D","D13","MOAB",,"W","shrubScrub",38.210796,-109.414927,"WGS84",1.1,1773.5,0.1,"2015-06-25","2015-07-09",3,"BET.MOAB_002.2015.03","MOAB_002.W.20150709",14,"ok","ok","high","Y","NEON.DOC.014050","Ymvu50svVai947RgaYoGNGTwjbYtyuA7",,0,0,0
"350C68A116384489BEA840A0F6B176AC","D13","MOAB",,"E","shrubScrub",38.210928,-109.403496,"WGS84",1.1,1768.1,0.1,"2015-06-25","2015-07-09",3,"BET.MOAB_005.2015.03","MOAB_005.E.20150709",14,,,"high","Y","NEON.DOC.014050","Ymvu50svVai947RgaYoGNGTwjbYtyuA7",,0,0,0
"6178CE2299AD4331BE074C0D65275799","D13","MOAB",,"S","evergreenForest",38.261107,-109.349487,"WGS84",1.1,2006.8,0.1,"2015-06-25","2015-07-09",3,"BET.MOAB_003.2015.03","MOAB_003.S.20150709",14,"ok","ok","ok","Y","NEON.DOC.014050","Ymvu50svVai947RgaYoGNGTwjbYtyuA7",,0,0,0
"003097BA205D47F99192BD6CE772416C","D13","MOAB",,"S","shrubScrub",38.210751,-109.403728,"WGS84",1.1,1768.1,0.1,"2015-06-25","2015-07-09",3,"BET.MOAB_005.2015.03","MOAB_005.S.20150709",14,,,"ok","Y","NEON.DOC.014050","Ymvu50svVai947RgaYoGNGTwjbYtyuA7",,0,0,0
"DD74E7AEA27F4680AE21683A53E24555","D13","MOAB",,"S","shrubScrub",38.233090,-109.397422,"WGS84",1.1,1762.7,0.1,"2015-06-25","2015-07-09",3,"BET.MOAB_004.2015.03","MOAB_004.S.20150709",14,"ok","ok","ok","Y","NEON.DOC.014050","Ymvu50svVai947RgaYoGNGTwjbYtyuA7",,0,0,0
"1392D61A184E4E8E9FD2853DDFDE9D66","D13","MOAB",,"W","shrubScrub",38.210934,-109.403953,"WGS84",1.1,1768.1,0.1,"2015-06-25","2015-07-09",3,"BET.MOAB_005.2015.03","MOAB_005.W.20150709",14,,,"ok","Y","NEON.DOC.014050","Ymvu50svVai947RgaYoGNGTwjbYtyuA7",,0,0,0
"11F20A6198214A5C93435AB32CCF3F69","D13","MOAB",,"E","shrubScrub",38.236378,-109.406368,"WGS84",1.1,1760.7,0.1,"2015-06-25","2015-07-09",3,"BET.MOAB_006.2015.03","MOAB_006.E.20150709",14,"ok","ok","ok","Y","NEON.DOC.014050","Ymvu50svVai947RgaYoGNGTwjbYtyuA7",,0,0,0
"1E136F3F42EC454982C6B3967777CE28","D13","MOAB",,"N","shrubScrub",38.233450,-109.397414,"WGS84",1.1,1762.7,0.1,"2015-06-25","2015-07-09",3,"BET.MOAB_004.2015.03","MOAB_004.N.20150709",14,"ok","ok","ok","Y","NEON.DOC.014050","Ymvu50svVai947RgaYoGNGTwjbYtyuA7",,0,0,0
"493A4928713646CA9B5B568B1A42B6D8","D13","MOAB",,"S","shrubScrub",38.265315,-109.341844,"WGS84",1.1,1996.4,0.1,"2015-06-25","2015-07-09",3,"BET.MOAB_007.2015.03","MOAB_007.S.20150709",14,"ok","ok","ok","Y","NEON.DOC.014050","SVlrLvG6MQgHNcX9a6cN9XT/1zjcedhM",,0,0,0
"28315B135CD14BCCA7AE9617477B74CE","D13","MOAB",,"S","shrubScrub",38.257389,-109.413678,"WGS84",1.1,1799.4,0.1,"2015-06-25","2015-07-09",3,"BET.MOAB_001.2015.03","MOAB_001.S.20150709",14,"ok","ok","high","Y","NEON.DOC.014050","SVlrLvG6MQgHNcX9a6cN9XT/1zjcedhM",,0,0,0
"AA75CD873B544117A31471494F10417D","D13","MOAB",,"N","shrubScrub",38.257750,-109.413670,"WGS84",1.1,1799.4,0.1,"2015-06-25","2015-07-09",3,"BET.MOAB_001.2015.03","MOAB_001.N.20150709",14,"ok","ok","ok","Y","NEON.DOC.014050","SVlrLvG6MQgHNcX9a6cN9XT/1zjcedhM",,0,0,0
"FC481F301FB34144B9B14195ABD365B8","D13","MOAB",,"E","shrubScrub",38.210790,-109.414470,"WGS84",1.1,1773.5,0.1,"2015-06-25","2015-07-09",3,"BET.MOAB_002.2015.03","MOAB_002.E.20150709",14,"ok","ok","high","Y","NEON.DOC.014050","Ymvu50svVai947RgaYoGNGTwjbYtyuA7",,0,0,0
"51E63391812A4ED29FAAA293C14C2983","D13","MOAB",,"E","shrubScrub",38.265492,-109.341612,"WGS84",1.1,1996.4,0.1,"2015-06-25","2015-07-09",3,"BET.MOAB_007.2015.03","MOAB_007.E.20150709",14,"ok","ok","ok","Y","NEON.DOC.014050","SVlrLvG6MQgHNcX9a6cN9XT/1zjcedhM",,0,0,0
"2F9773FD75D641ED906B0E800854479C","D13","MOAB",,"S","shrubScrub",38.210612,-109.414702,"WGS84",1.1,1773.5,0.1,"2015-06-25","2015-07-09",3,"BET.MOAB_002.2015.03","MOAB_002.S.20150709",14,"ok","ok","high","Y","NEON.DOC.014050","Ymvu50svVai947RgaYoGNGTwjbYtyuA7",,0,0,0
"D7045D78AEFA4F1C906F41F998C780F8","D13","MOAB",,"W","shrubScrub",38.258227,-109.423501,"WGS84",1.1,1793.4,0.1,"2015-06-25","2015-07-09",3,"BET.MOAB_009.2015.03","MOAB_009.W.20150709",14,"ok","ok","ok","Y","NEON.DOC.014050","Ymvu50svVai947RgaYoGNGTwjbYtyuA7",,0,0,0
"3959DEB039C54D11A05B08857AAEA3FD","D13","MOAB",,"W","evergreenForest",38.261290,-109.349712,"WGS84",1.1,2006.8,0.1,"2015-06-25","2015-07-09",3,"BET.MOAB_003.2015.03","MOAB_003.W.20150709",14,"ok","ok","ok","Y","NEON.DOC.014050","Ymvu50svVai947RgaYoGNGTwjbYtyuA7",,0,0,0
"8F76211CCFF0429DB41C5760D774E135","D13","MOAB",,"N","shrubScrub",38.210973,-109.414694,"WGS84",1.1,1773.5,0.1,"2015-06-25","2015-07-09",3,"BET.MOAB_002.2015.03","MOAB_002.N.20150709",14,"ok","ok","high","Y","NEON.DOC.014050","Ymvu50svVai947RgaYoGNGTwjbYtyuA7",,0,0,0
"BAB3A87E66AA4E4FBC48365FA6F7D657","D13","MOAB",,"E","evergreenForest",38.261284,-109.349254,"WGS84",1.1,2006.8,0.1,"2015-06-25","2015-07-09",3,"BET.MOAB_003.2015.03","MOAB_003.E.20150709",14,"ok","ok","high","Y","NEON.DOC.014050","Ymvu50svVai947RgaYoGNGTwjbYtyuA7",,0,0,0
"9016D312949F458DB0735CA81C860941","D13","MOAB",,"W","shrubScrub",38.233273,-109.397647,"WGS84",1.1,1762.7,0.1,"2015-06-25","2015-07-09",3,"BET.MOAB_004.2015.03","MOAB_004.W.20150709",14,"ok","ok","ok","Y","NEON.DOC.014050","Ymvu50svVai947RgaYoGNGTwjbYtyuA7",,0,0,0
"4AFEEA5E69B04655ABE699665C8090E3","D13","MOAB",,"W","shrubScrub",38.255194,-109.378319,"WGS84",1.1,1815.7,0.1,"2015-06-25","2015-07-09",3,"BET.MOAB_010.2015.03","MOAB_010.W.20150709",14,"ok","ok","ok","Y","NEON.DOC.014050","Ymvu50svVai947RgaYoGNGTwjbYtyuA7",,0,0,0
"4ECA15FB80234A979F0309935F60B684","D13","MOAB",,"W","shrubScrub",38.257572,-109.413902,"WGS84",1.1,1799.4,0.1,"2015-06-25","2015-07-09",3,"BET.MOAB_001.2015.03","MOAB_001.W.20150709",14,"ok","ok","ok","Y","NEON.DOC.014050","SVlrLvG6MQgHNcX9a6cN9XT/1zjcedhM",,0,0,0
"7499CEDBC927488CB0F20CB3937A7B28","D13","MOAB",,"N","shrubScrub",38.265675,-109.341836,"WGS84",1.1,1996.4,0.1,"2015-06-25","2015-07-09",3,"BET.MOAB_007.2015.03","MOAB_007.N.20150709",14,"ok","ok","ok","Y","NEON.DOC.014050","SVlrLvG6MQgHNcX9a6cN9XT/1zjcedhM",,0,0,0
"81B6242169F248E48E0F353CDD48A7E0","D13","MOAB",,"E","shrubScrub",38.255187,-109.377862,"WGS84",1.1,1815.7,0.1,"2015-06-25","2015-07-09",3,"BET.MOAB_010.2015.03","MOAB_010.E.20150709",14,"ok","ok","low","Y","NEON.DOC.014050","Ymvu50svVai947RgaYoGNGTwjbYtyuA7",,0,0,0
"D94F7F0E893844259E4B4DB6E55EA208","D13","MOAB",,"E","shrubScrub",38.258220,-109.423044,"WGS84",1.1,1793.4,0.1,"2015-06-25","2015-07-09",3,"BET.MOAB_009.2015.03","MOAB_009.E.20150709",14,"ok","ok","high","Y","NEON.DOC.014050","Ymvu50svVai947RgaYoGNGTwjbYtyuA7",,0,0,0
"D55BD64B22EA4A35AF3A21A283141C51","D13","MOAB",,"N","shrubScrub",38.255371,-109.378086,"WGS84",1.1,1815.7,0.1,"2015-06-25","2015-07-09",3,"BET.MOAB_010.2015.03","MOAB_010.N.20150709",14,"ok","ok","ok","Y","NEON.DOC.014050","Ymvu50svVai947RgaYoGNGTwjbYtyuA7",,0,0,0
"275A82A3B9B44C568AF5F2C50137D249","D13","MOAB",,"S","shrubScrub",38.236201,-109.406600,"WGS84",1.1,1760.7,0.1,"2015-06-25","2015-07-09",3,"BET.MOAB_006.2015.03","MOAB_006.S.20150709",14,"ok","ok","ok","Y","NEON.DOC.014050","Ymvu50svVai947RgaYoGNGTwjbYtyuA7",,0,0,0
"7C4B6027E81242A68AF16D91ECF4BCA2","D13","MOAB",,"N","shrubScrub",38.258404,-109.423269,"WGS84",1.1,1793.4,0.1,"2015-06-25","2015-07-09",3,"BET.MOAB_009.2015.03","MOAB_009.N.20150709",14,"ok","ok","ok","Y","NEON.DOC.014050","Ymvu50svVai947RgaYoGNGTwjbYtyuA7",,0,0,0
"1E5302641EF74BBC8BDCBE44BBAE1AF7","D13","MOAB",,"W","shrubScrub",38.236385,-109.406825,"WGS84",1.1,1760.7,0.1,"2015-06-25","2015-07-09",3,"BET.MOAB_006.2015.03","MOAB_006.W.20150709",14,"ok","ok","ok","Y","NEON.DOC.014050","Ymvu50svVai947RgaYoGNGTwjbYtyuA7",,0,0,0
"8349759B89C14AEC80A3C8C9A88DDE20","D13","MOAB",,"N","shrubScrub",38.211111,-109.403721,"WGS84",1.1,1768.1,0.1,"2015-06-25","2015-07-09",3,"BET.MOAB_005.2015.03","MOAB_005.N.20150709",14,,,"high","Y","NEON.DOC.014050","Ymvu50svVai947RgaYoGNGTwjbYtyuA7",,0,0,0
"BC0BADF00F6E4FD285A80A7941B723E3","D13","MOAB",,"N","evergreenForest",38.261467,-109.349479,"WGS84",1.1,2006.8,0.1,"2015-06-25","2015-07-09",3,"BET.MOAB_003.2015.03","MOAB_003.N.20150709",14,"ok","ok","ok","Y","NEON.DOC.014050","Ymvu50svVai947RgaYoGNGTwjbYtyuA7",,0,0,0
"9DC9CAF589864C49A63C379F47FE2AEA","D13","MOAB",,"E","shrubScrub",38.257566,-109.413445,"WGS84",1.1,1799.4,0.1,"2015-06-25","2015-07-09",3,"BET.MOAB_001.2015.03","MOAB_001.E.20150709",14,"ok","ok","high","Y","NEON.DOC.014050","SVlrLvG6MQgHNcX9a6cN9XT/1zjcedhM",,0,0,0
"ED040AF0FB284A5F9A850345ECF7D7D7","D13","MOAB",,"E","shrubScrub",38.233267,-109.397190,"WGS84",1.1,1762.7,0.1,"2015-06-25","2015-07-09",3,"BET.MOAB_004.2015.03","MOAB_004.E.20150709",14,"ok","ok","ok","Y","NEON.DOC.014050","Ymvu50svVai947RgaYoGNGTwjbYtyuA7",,0,0,0
"995BA13CD2C64DC5A1B4C9A46CBD71D9","D13","MOAB",,"N","shrubScrub",38.211111,-109.403721,"WGS84",1.1,1768.1,0.1,"2015-07-09","2015-07-23",4,"BET.MOAB_005.2015.04","MOAB_005.N.20150723",14,"ok","ok","ok","Y","NEON.DOC.014050","/h2P7iNCFob6MrtXvZ/0KV0VExqkPzVY",,0,0,0
"54DD8E4858B041E4ABE712977352DD4B","D13","MOAB",,"N","shrubScrub",38.236562,-109.406592,"WGS84",1.1,1760.7,0.1,"2015-07-09","2015-07-23",4,"BET.MOAB_006.2015.04","MOAB_006.N.20150723",14,"ok","ok","ok","Y","NEON.DOC.014050","/h2P7iNCFob6MrtXvZ/0KV0VExqkPzVY",,0,0,0
"F19BB086802A4BB08B86C29558F068FC","D13","MOAB",,"N","shrubScrub",38.257750,-109.413670,"WGS84",1.1,1799.4,0.1,"2015-07-09","2015-07-23",4,"BET.MOAB_001.2015.04","MOAB_001.N.20150723",14,"ok","ok","ok","Y","NEON.DOC.014050","/h2P7iNCFob6MrtXvZ/0KV0VExqkPzVY",,0,0,0
"A035DA19BE9E4C4EA0E6085927A8B747","D13","MOAB",,"W","shrubScrub",38.265498,-109.342069,"WGS84",1.1,1996.4,0.1,"2015-07-09","2015-07-23",4,"BET.MOAB_007.2015.04","MOAB_007.W.20150723",14,"ok","ok","ok","Y","NEON.DOC.014050","/h2P7iNCFob6MrtXvZ/0KV0VExqkPzVY",,0,0,0
"0EFE3E3D046741CA9309127B9FBB0438","D13","MOAB",,"E","shrubScrub",38.265492,-109.341612,"WGS84",1.1,1996.4,0.1,"2015-07-09","2015-07-23",4,"BET.MOAB_007.2015.04","MOAB_007.E.20150723",14,"ok","ok","ok","Y","NEON.DOC.014050","/h2P7iNCFob6MrtXvZ/0KV0VExqkPzVY",,0,0,0
"5D076CB731A74DAFACBD48037160DA95","D13","MOAB",,"S","shrubScrub",38.233090,-109.397422,"WGS84",1.1,1762.7,0.1,"2015-07-09","2015-07-23",4,"BET.MOAB_004.2015.04","MOAB_004.S.20150723",14,"ok","ok","ok","Y","NEON.DOC.014050","/h2P7iNCFob6MrtXvZ/0KV0VExqkPzVY",,0,0,0
"56899BF8120D446F81B6A1292B2D65A7","D13","MOAB",,"E","shrubScrub",38.257566,-109.413445,"WGS84",1.1,1799.4,0.1,"2015-07-09","2015-07-23",4,"BET.MOAB_001.2015.04","MOAB_001.E.20150723",14,"ok","ok","ok","Y","NEON.DOC.014050","/h2P7iNCFob6MrtXvZ/0KV0VExqkPzVY",,0,0,0
"6682E30DAA084319B78DC378E477C0A1","D13","MOAB",,"S","shrubScrub",38.265315,-109.341844,"WGS84",1.1,1996.4,0.1,"2015-07-09","2015-07-23",4,"BET.MOAB_007.2015.04","MOAB_007.S.20150723",14,"ok","ok","ok","Y","NEON.DOC.014050","/h2P7iNCFob6MrtXvZ/0KV0VExqkPzVY",,0,0,0
"400067366914449B960DF1A6CB814DF1","D13","MOAB",,"N","shrubScrub",38.265675,-109.341836,"WGS84",1.1,1996.4,0.1,"2015-07-09","2015-07-23",4,"BET.MOAB_007.2015.04","MOAB_007.N.20150723",14,"ok","ok","ok","Y","NEON.DOC.014050","/h2P7iNCFob6MrtXvZ/0KV0VExqkPzVY",,0,0,0
"AD128D4AE5024E57B4D643F02889E64E","D13","MOAB",,"S","evergreenForest",38.261107,-109.349487,"WGS84",1.1,2006.8,0.1,"2015-07-09","2015-07-23",4,"BET.MOAB_003.2015.04","MOAB_003.S.20150723",14,"ok","ok","ok","Y","NEON.DOC.014050","/h2P7iNCFob6MrtXvZ/0KV0VExqkPzVY",,0,0,0
"DF51EFFD27A14F9280C3BDED6C7F66C2","D13","MOAB",,"S","shrubScrub",38.258043,-109.423277,"WGS84",1.1,1793.4,0.1,"2015-07-09","2015-07-23",4,"BET.MOAB_009.2015.04","MOAB_009.S.20150723",14,"ok","ok","ok","Y","NEON.DOC.014050","/h2P7iNCFob6MrtXvZ/0KV0VExqkPzVY",,0,0,0
"0D53C10A9D7E43A0B804A573036F1635","D13","MOAB",,"S","shrubScrub",38.257389,-109.413678,"WGS84",1.1,1799.4,0.1,"2015-07-09","2015-07-23",4,"BET.MOAB_001.2015.04","MOAB_001.S.20150723",14,"ok","ok","ok","Y","NEON.DOC.014050","/h2P7iNCFob6MrtXvZ/0KV0VExqkPzVY",,0,0,0
"2D0C7A0F0E254C61BE78211A3B95FBE3","D13","MOAB",,"N","shrubScrub",38.233450,-109.397414,"WGS84",1.1,1762.7,0.1,"2015-07-09","2015-07-23",4,"BET.MOAB_004.2015.04","MOAB_004.N.20150723",14,"ok","ok","ok","Y","NEON.DOC.014050","/h2P7iNCFob6MrtXvZ/0KV0VExqkPzVY",,0,0,0
"417E1F62BD4540F98475B193A38A986C","D13","MOAB",,"W","shrubScrub",38.236385,-109.406825,"WGS84",1.1,1760.7,0.1,"2015-07-09","2015-07-23",4,"BET.MOAB_006.2015.04","MOAB_006.W.20150723",14,"ok","ok","ok","Y","NEON.DOC.014050","/h2P7iNCFob6MrtXvZ/0KV0VExqkPzVY",,0,0,0
"9E053FB7430A40F59B1E79A54A30FC15","D13","MOAB",,"E","shrubScrub",38.258220,-109.423044,"WGS84",1.1,1793.4,0.1,"2015-07-09","2015-07-23",4,"BET.MOAB_009.2015.04","MOAB_009.E.20150723",14,"ok","ok","ok","Y","NEON.DOC.014050","/h2P7iNCFob6MrtXvZ/0KV0VExqkPzVY",,0,0,0
"5089262FAFD64E128400C993E3DB0363","D13","MOAB",,"E","evergreenForest",38.261284,-109.349254,"WGS84",1.1,2006.8,0.1,"2015-07-09","2015-07-23",4,"BET.MOAB_003.2015.04","MOAB_003.E.20150723",14,"ok","ok","ok","Y","NEON.DOC.014050","/h2P7iNCFob6MrtXvZ/0KV0VExqkPzVY",,0,0,0
"6A19DDED8015407BA839DEB8C73CF8C9","D13","MOAB",,"S","shrubScrub",38.236201,-109.406600,"WGS84",1.1,1760.7,0.1,"2015-07-09","2015-07-23",4,"BET.MOAB_006.2015.04","MOAB_006.S.20150723",14,"ok","ok","ok","Y","NEON.DOC.014050","/h2P7iNCFob6MrtXvZ/0KV0VExqkPzVY",,0,0,0
"AFD13A3623214850A07858ACD418D59A","D13","MOAB",,"E","shrubScrub",38.210928,-109.403496,"WGS84",1.1,1768.1,0.1,"2015-07-09","2015-07-23",4,"BET.MOAB_005.2015.04","MOAB_005.E.20150723",14,"ok","ok","ok","Y","NEON.DOC.014050","/h2P7iNCFob6MrtXvZ/0KV0VExqkPzVY",,0,0,0
"6446671BC12040B5AF3B805D9630A427","D13","MOAB",,"N","shrubScrub",38.255371,-109.378086,"WGS84",1.1,1815.7,0.1,"2015-07-09","2015-07-23",4,"BET.MOAB_010.2015.04","MOAB_010.N.20150723",14,"ok","ok","ok","Y","NEON.DOC.014050","/h2P7iNCFob6MrtXvZ/0KV0VExqkPzVY",,0,0,0
"C7B988A90FE34002B49C92B4F267F4E9","D13","MOAB",,"W","shrubScrub",38.210796,-109.414927,"WGS84",1.1,1773.5,0.1,"2015-07-09","2015-07-23",4,"BET.MOAB_002.2015.04","MOAB_002.W.20150723",14,"ok","ok","ok","Y","NEON.DOC.014050","/h2P7iNCFob6MrtXvZ/0KV0VExqkPzVY",,0,0,0
"2F2ADA3EA8D24C559CA0DD24481A196C","D13","MOAB",,"S","shrubScrub",38.210751,-109.403728,"WGS84",1.1,1768.1,0.1,"2015-07-09","2015-07-23",4,"BET.MOAB_005.2015.04","MOAB_005.S.20150723",14,"ok","ok","ok","Y","NEON.DOC.014050","/h2P7iNCFob6MrtXvZ/0KV0VExqkPzVY",,0,0,0
"E0154781C85D48EDBB22A0CCA336032C","D13","MOAB",,"E","shrubScrub",38.236378,-109.406368,"WGS84",1.1,1760.7,0.1,"2015-07-09","2015-07-23",4,"BET.MOAB_006.2015.04","MOAB_006.E.20150723",14,"ok","ok","ok","Y","NEON.DOC.014050","/h2P7iNCFob6MrtXvZ/0KV0VExqkPzVY",,0,0,0
"119E51884DD84E59BD408954A6597408","D13","MOAB",,"E","shrubScrub",38.255187,-109.377862,"WGS84",1.1,1815.7,0.1,"2015-07-09","2015-07-23",4,"BET.MOAB_010.2015.04","MOAB_010.E.20150723",14,"ok","ok","high","Y","NEON.DOC.014050","/h2P7iNCFob6MrtXvZ/0KV0VExqkPzVY",,0,0,0
"753C81E0566444849C362A8645293C60","D13","MOAB",,"W","shrubScrub",38.257572,-109.413902,"WGS84",1.1,1799.4,0.1,"2015-07-09","2015-07-23",4,"BET.MOAB_001.2015.04","MOAB_001.W.20150723",14,"ok","ok","ok","Y","NEON.DOC.014050","/h2P7iNCFob6MrtXvZ/0KV0VExqkPzVY",,0,0,0
"32FE49CAA7284FA888018C1A4DB2D13D","D13","MOAB",,"W","shrubScrub",38.233273,-109.397647,"WGS84",1.1,1762.7,0.1,"2015-07-09","2015-07-23",4,"BET.MOAB_004.2015.04","MOAB_004.W.20150723",14,"ok","ok","ok","Y","NEON.DOC.014050","/h2P7iNCFob6MrtXvZ/0KV0VExqkPzVY",,0,0,0
"BB52553489AA4C4DA53FD20AF40DCEEC","D13","MOAB",,"W","evergreenForest",38.261290,-109.349712,"WGS84",1.1,2006.8,0.1,"2015-07-09","2015-07-23",4,"BET.MOAB_003.2015.04","MOAB_003.W.20150723",14,"ok","ok","ok","Y","NEON.DOC.014050","/h2P7iNCFob6MrtXvZ/0KV0VExqkPzVY",,0,0,0
"FD68A6E3B7D8458D97B1621DE37D3959","D13","MOAB",,"S","shrubScrub",38.255010,-109.378094,"WGS84",1.1,1815.7,0.1,"2015-07-09","2015-07-23",4,"BET.MOAB_010.2015.04","MOAB_010.S.20150723",14,"ok","ok","ok","Y","NEON.DOC.014050","/h2P7iNCFob6MrtXvZ/0KV0VExqkPzVY",,0,0,0
"8145A13B11804C7FA04BBDC2CF425A57","D13","MOAB",,"N","shrubScrub",38.258404,-109.423269,"WGS84",1.1,1793.4,0.1,"2015-07-09","2015-07-23",4,"BET.MOAB_009.2015.04","MOAB_009.N.20150723",14,"ok","ok","ok","Y","NEON.DOC.014050","/h2P7iNCFob6MrtXvZ/0KV0VExqkPzVY",,0,0,0
"8FFCF91704F1495C875763E5E43A3144","D13","MOAB",,"E","shrubScrub",38.210790,-109.414470,"WGS84",1.1,1773.5,0.1,"2015-07-09","2015-07-23",4,"BET.MOAB_002.2015.04","MOAB_002.E.20150723",14,"ok","ok","ok","Y","NEON.DOC.014050","/h2P7iNCFob6MrtXvZ/0KV0VExqkPzVY",,0,0,0
"A61DF1B65EBF4D1D80467DCB9B7D3CEE","D13","MOAB",,"W","shrubScrub",38.258227,-109.423501,"WGS84",1.1,1793.4,0.1,"2015-07-09","2015-07-23",4,"BET.MOAB_009.2015.04","MOAB_009.W.20150723",14,"ok","ok","ok","Y","NEON.DOC.014050","/h2P7iNCFob6MrtXvZ/0KV0VExqkPzVY",,0,0,0
"73FDC718B1E84E0CB04B843CDF7E58F1","D13","MOAB",,"N","shrubScrub",38.210973,-109.414694,"WGS84",1.1,1773.5,0.1,"2015-07-09","2015-07-23",4,"BET.MOAB_002.2015.04","MOAB_002.N.20150723",14,"ok","ok","ok","Y","NEON.DOC.014050","/h2P7iNCFob6MrtXvZ/0KV0VExqkPzVY",,0,0,0
"C37ABDE8F2F440BCB6763A4383B7F761","D13","MOAB",,"W","shrubScrub",38.210934,-109.403953,"WGS84",1.1,1768.1,0.1,"2015-07-09","2015-07-23",4,"BET.MOAB_005.2015.04","MOAB_005.W.20150723",14,"ok","ok","ok","Y","NEON.DOC.014050","/h2P7iNCFob6MrtXvZ/0KV0VExqkPzVY",,0,0,0
"7BE5EADE44CA41AFA360A7AA568B9BE3","D13","MOAB",,"W","shrubScrub",38.255194,-109.378319,"WGS84",1.1,1815.7,0.1,"2015-07-09","2015-07-23",4,"BET.MOAB_010.2015.04","MOAB_010.W.20150723",14,"ok","ok","ok","Y","NEON.DOC.014050","/h2P7iNCFob6MrtXvZ/0KV0VExqkPzVY",,0,0,0
"BA1C3FC4185A421E89D6094EAABDA6C9","D13","MOAB",,"N","evergreenForest",38.261467,-109.349479,"WGS84",1.1,2006.8,0.1,"2015-07-09","2015-07-23",4,"BET.MOAB_003.2015.04","MOAB_003.N.20150723",14,"ok","ok","ok","Y","NEON.DOC.014050","/h2P7iNCFob6MrtXvZ/0KV0VExqkPzVY",,0,0,0
"6615CA6EBC0D463A8C071D698C3C9B3E","D13","MOAB",,"E","shrubScrub",38.233267,-109.397190,"WGS84",1.1,1762.7,0.1,"2015-07-09","2015-07-23",4,"BET.MOAB_004.2015.04","MOAB_004.E.20150723",14,"ok","ok","ok","Y","NEON.DOC.014050","/h2P7iNCFob6MrtXvZ/0KV0VExqkPzVY",,0,0,0
"E1E883B64FC04B9E93E3EE407425B33D","D13","MOAB",,"S","shrubScrub",38.210612,-109.414702,"WGS84",1.1,1773.5,0.1,"2015-07-09","2015-07-23",4,"BET.MOAB_002.2015.04","MOAB_002.S.20150723",14,"ok","ok","ok","Y","NEON.DOC.014050","/h2P7iNCFob6MrtXvZ/0KV0VExqkPzVY",,0,0,0
"27BC9E7C0CEC48308E79CC239ABA9B30","D13","MOAB",,"S","shrubScrub",38.210612,-109.414702,"WGS84",1.1,1773.5,0.1,"2015-07-23","2015-08-06",5,"BET.MOAB_002.2015.05","MOAB_002.S.20150806",14,"ok","ok","high","Y","NEON.DOC.014050","Ymvu50svVai947RgaYoGNGTwjbYtyuA7",,0,0,0
"E8C08B6D9C4F404EAA47BE3AFB7EA404","D13","MOAB",,"E","evergreenForest",38.261284,-109.349254,"WGS84",1.1,2006.8,0.1,"2015-07-23","2015-08-06",5,"BET.MOAB_003.2015.05","MOAB_003.E.20150806",14,"ok","ok","ok","Y","NEON.DOC.014050","Ymvu50svVai947RgaYoGNGTwjbYtyuA7",,0,0,0
"4F2E85802D464ACC998C9D68DE07C250","D13","MOAB",,"N","shrubScrub",38.233450,-109.397414,"WGS84",1.1,1762.7,0.1,"2015-07-23","2015-08-06",5,"BET.MOAB_004.2015.05","MOAB_004.N.20150806",14,"ok","ok","ok","Y","NEON.DOC.014050","jdFp/E+zhg275wdNAb0YCHFei8RgiAto",,0,0,0
"4D2B9892A8B4464DA5EC3010B70899C8","D13","MOAB",,"E","shrubScrub",38.236378,-109.406368,"WGS84",1.1,1760.7,0.1,"2015-07-23","2015-08-06",5,"BET.MOAB_006.2015.05","MOAB_006.E.20150806",14,"ok","ok","ok","Y","NEON.DOC.014050","Ymvu50svVai947RgaYoGNGTwjbYtyuA7",,0,0,0
"65C2C17CC5854CE19FF032C18EFFF79C","D13","MOAB",,"W","evergreenForest",38.261290,-109.349712,"WGS84",1.1,2006.8,0.1,"2015-07-23","2015-08-06",5,"BET.MOAB_003.2015.05","MOAB_003.W.20150806",14,"ok","ok","ok","Y","NEON.DOC.014050","Ymvu50svVai947RgaYoGNGTwjbYtyuA7",,0,0,0
"99F2E972DF0C4E60ADE663DD619D724F","D13","MOAB",,"S","shrubScrub",38.255010,-109.378094,"WGS84",1.1,1815.7,0.1,"2015-07-23","2015-08-06",5,"BET.MOAB_010.2015.05","MOAB_010.S.20150806",14,"ok","ok","ok","Y","NEON.DOC.014050","Ymvu50svVai947RgaYoGNGTwjbYtyuA7",,0,0,0
"FBDA86222BF742E882A44817CDD3870B","D13","MOAB",,"W","shrubScrub",38.210934,-109.403953,"WGS84",1.1,1768.1,0.1,"2015-07-23","2015-08-06",5,"BET.MOAB_005.2015.05","MOAB_005.W.20150806",14,"ok","ok","ok","Y","NEON.DOC.014050","Ymvu50svVai947RgaYoGNGTwjbYtyuA7",,0,0,0
"0E20AA4071B544938CE889A40BD21755","D13","MOAB",,"S","shrubScrub",38.236201,-109.406600,"WGS84",1.1,1760.7,0.1,"2015-07-23","2015-08-06",5,"BET.MOAB_006.2015.05","MOAB_006.S.20150806",14,"ok","ok","ok","Y","NEON.DOC.014050","Ymvu50svVai947RgaYoGNGTwjbYtyuA7",,0,0,0
"FC4A396501A34070AC5C3C557225A304","D13","MOAB",,"N","shrubScrub",38.257750,-109.413670,"WGS84",1.1,1799.4,0.1,"2015-07-23","2015-08-06",5,"BET.MOAB_001.2015.05","MOAB_001.N.20150806",14,"ok","ok","ok","Y","NEON.DOC.014050","Ymvu50svVai947RgaYoGNGTwjbYtyuA7",,0,0,0
"B09940B2CCA049C99D5DB8FC22EE51AC","D13","MOAB",,"N","shrubScrub",38.211111,-109.403721,"WGS84",1.1,1768.1,0.1,"2015-07-23","2015-08-06",5,"BET.MOAB_005.2015.05","MOAB_005.N.20150806",14,"ok","ok","ok","Y","NEON.DOC.014050","Ymvu50svVai947RgaYoGNGTwjbYtyuA7",,0,0,0
"3EFD36F19DAB4336A28EF52CB94BF97B","D13","MOAB",,"S","shrubScrub",38.233090,-109.397422,"WGS84",1.1,1762.7,0.1,"2015-07-23","2015-08-06",5,"BET.MOAB_004.2015.05","MOAB_004.S.20150806",14,"ok","ok","ok","Y","NEON.DOC.014050","jdFp/E+zhg275wdNAb0YCHFei8RgiAto",,0,0,0
"9F8A589A826142F1BF44AD4A5702D927","D13","MOAB",,"S","shrubScrub",38.210751,-109.403728,"WGS84",1.1,1768.1,0.1,"2015-07-23","2015-08-06",5,"BET.MOAB_005.2015.05","MOAB_005.S.20150806",14,"ok","ok","ok","Y","NEON.DOC.014050","Ymvu50svVai947RgaYoGNGTwjbYtyuA7",,0,0,0
"1FA66817D4244A6CB45A546D666FE47B","D13","MOAB",,"E","shrubScrub",38.258220,-109.423044,"WGS84",1.1,1793.4,0.1,"2015-07-23","2015-08-06",5,"BET.MOAB_009.2015.05","MOAB_009.E.20150806",14,"ok","ok","ok","Y","NEON.DOC.014050","Ymvu50svVai947RgaYoGNGTwjbYtyuA7",,0,0,0
"C9BACACB28864BCCA0C0DB671B54A5CA","D13","MOAB",,"W","shrubScrub",38.265498,-109.342069,"WGS84",1.1,1996.4,0.1,"2015-07-23","2015-08-06",5,"BET.MOAB_007.2015.05","MOAB_007.W.20150806",14,"ok","ok","ok","Y","NEON.DOC.014050","Ymvu50svVai947RgaYoGNGTwjbYtyuA7",,0,0,0
"0B6E615DCA844A4BBA502CFD7BFF533E","D13","MOAB",,"W","shrubScrub",38.257572,-109.413902,"WGS84",1.1,1799.4,0.1,"2015-07-23","2015-08-06",5,"BET.MOAB_001.2015.05","MOAB_001.W.20150806",14,"ok","ok","ok","Y","NEON.DOC.014050","Ymvu50svVai947RgaYoGNGTwjbYtyuA7",,0,0,0
"72A5F2A2CC5547C8996F68D0632783ED","D13","MOAB",,"N","evergreenForest",38.261467,-109.349479,"WGS84",1.1,2006.8,0.1,"2015-07-23","2015-08-06",5,"BET.MOAB_003.2015.05","MOAB_003.N.20150806",14,"ok","ok","ok","Y","NEON.DOC.014050","Ymvu50svVai947RgaYoGNGTwjbYtyuA7",,0,0,0
"B6DA8AC57FB143878CC2CF5C39F6284B","D13","MOAB",,"N","shrubScrub",38.210973,-109.414694,"WGS84",1.1,1773.5,0.1,"2015-07-23","2015-08-06",5,"BET.MOAB_002.2015.05","MOAB_002.N.20150806",14,"ok","ok","high","Y","NEON.DOC.014050","Ymvu50svVai947RgaYoGNGTwjbYtyuA7",,0,0,0
"7C76B4A8B2E64842BE1E8F9C20C2C7CC","D13","MOAB",,"N","shrubScrub",38.258404,-109.423269,"WGS84",1.1,1793.4,0.1,"2015-07-23","2015-08-06",5,"BET.MOAB_009.2015.05","MOAB_009.N.20150806",14,"ok","ok","ok","Y","NEON.DOC.014050","Ymvu50svVai947RgaYoGNGTwjbYtyuA7",,0,0,0
"26CB59386D4642CD9ACAC8A51C65DCA5","D13","MOAB",,"N","shrubScrub",38.265675,-109.341836,"WGS84",1.1,1996.4,0.1,"2015-07-23","2015-08-06",5,"BET.MOAB_007.2015.05","MOAB_007.N.20150806",14,"ok","ok","low","Y","NEON.DOC.014050","Ymvu50svVai947RgaYoGNGTwjbYtyuA7","set to 250 ml of PG",0,0,0
"0BCF2E7F83C5438B9830B30A036CCF38","D13","MOAB",,"S","shrubScrub",38.265315,-109.341844,"WGS84",1.1,1996.4,0.1,"2015-07-23","2015-08-06",5,"BET.MOAB_007.2015.05","MOAB_007.S.20150806",14,"ok","ok","ok","Y","NEON.DOC.014050","Ymvu50svVai947RgaYoGNGTwjbYtyuA7",,0,0,0
"40DDC3DBD48646E7A905A4690FF07934","D13","MOAB",,"W","shrubScrub",38.258227,-109.423501,"WGS84",1.1,1793.4,0.1,"2015-07-23","2015-08-06",5,"BET.MOAB_009.2015.05","MOAB_009.W.20150806",14,"ok","ok","ok","Y","NEON.DOC.014050","Ymvu50svVai947RgaYoGNGTwjbYtyuA7",,0,0,0
"F06280D4703A4F46AC18D9248D0617C6","D13","MOAB",,"W","shrubScrub",38.233273,-109.397647,"WGS84",1.1,1762.7,0.1,"2015-07-23","2015-08-06",5,"BET.MOAB_004.2015.05","MOAB_004.W.20150806",14,"ok","ok","ok","Y","NEON.DOC.014050","jdFp/E+zhg275wdNAb0YCHFei8RgiAto",,0,0,0
"0443CF21BF5345E08BDA3802A838701E","D13","MOAB",,"E","shrubScrub",38.210928,-109.403496,"WGS84",1.1,1768.1,0.1,"2015-07-23","2015-08-06",5,"BET.MOAB_005.2015.05","MOAB_005.E.20150806",14,"ok","ok","ok","Y","NEON.DOC.014050","Ymvu50svVai947RgaYoGNGTwjbYtyuA7",,0,0,0
"21DD143222114EFAA397088367DFEA91","D13","MOAB",,"E","shrubScrub",38.255187,-109.377862,"WGS84",1.1,1815.7,0.1,"2015-07-23","2015-08-06",5,"BET.MOAB_010.2015.05","MOAB_010.E.20150806",14,"ok","ok","ok","Y","NEON.DOC.014050","Ymvu50svVai947RgaYoGNGTwjbYtyuA7",,0,0,0
"84EFB2C2572249AE8D5BA93B7447F3C9","D13","MOAB",,"W","shrubScrub",38.210796,-109.414927,"WGS84",1.1,1773.5,0.1,"2015-07-23","2015-08-06",5,"BET.MOAB_002.2015.05","MOAB_002.W.20150806",14,"ok","ok","high","Y","NEON.DOC.014050","Ymvu50svVai947RgaYoGNGTwjbYtyuA7",,0,0,0
"B750C8C3FF9A406AA226737E869AEAA7","D13","MOAB",,"S","shrubScrub",38.258043,-109.423277,"WGS84",1.1,1793.4,0.1,"2015-07-23","2015-08-06",5,"BET.MOAB_009.2015.05","MOAB_009.S.20150806",14,"ok","ok","ok","Y","NEON.DOC.014050","Ymvu50svVai947RgaYoGNGTwjbYtyuA7",,0,0,0
"040A3FC5AB0B46F7B460BEA6E9BE5080","D13","MOAB",,"S","shrubScrub",38.257389,-109.413678,"WGS84",1.1,1799.4,0.1,"2015-07-23","2015-08-06",5,"BET.MOAB_001.2015.05","MOAB_001.S.20150806",14,"ok","ok","ok","Y","NEON.DOC.014050","Ymvu50svVai947RgaYoGNGTwjbYtyuA7",,0,0,0
"E77E04BAF41F4228B7DAA92EFBADE777","D13","MOAB",,"N","shrubScrub",38.255371,-109.378086,"WGS84",1.1,1815.7,0.1,"2015-07-23","2015-08-06",5,"BET.MOAB_010.2015.05","MOAB_010.N.20150806",14,"ok","ok","ok","Y","NEON.DOC.014050","Ymvu50svVai947RgaYoGNGTwjbYtyuA7",,0,0,0
"3F68A4306C8748F4BFB901ABC80D5D09","D13","MOAB",,"W","shrubScrub",38.236385,-109.406825,"WGS84",1.1,1760.7,0.1,"2015-07-23","2015-08-06",5,"BET.MOAB_006.2015.05","MOAB_006.W.20150806",14,"ok","ok","ok","Y","NEON.DOC.014050","Ymvu50svVai947RgaYoGNGTwjbYtyuA7",,0,0,0
"267661E8AB7F4027B77C872037B9507F","D13","MOAB",,"W","shrubScrub",38.255194,-109.378319,"WGS84",1.1,1815.7,0.1,"2015-07-23","2015-08-06",5,"BET.MOAB_010.2015.05","MOAB_010.W.20150806",14,"ok","ok","ok","Y","NEON.DOC.014050","Ymvu50svVai947RgaYoGNGTwjbYtyuA7",,0,0,0
"06ADEC8DA944499F9B06B81490BD5F17","D13","MOAB",,"E","shrubScrub",38.257566,-109.413445,"WGS84",1.1,1799.4,0.1,"2015-07-23","2015-08-06",5,"BET.MOAB_001.2015.05","MOAB_001.E.20150806",14,"ok","ok","ok","Y","NEON.DOC.014050","Ymvu50svVai947RgaYoGNGTwjbYtyuA7",,0,0,0
"7F5188FD882F4FE5B5CF05D674FED50C","D13","MOAB",,"S","evergreenForest",38.261107,-109.349487,"WGS84",1.1,2006.8,0.1,"2015-07-23","2015-08-06",5,"BET.MOAB_003.2015.05","MOAB_003.S.20150806",14,"disturbed","ok","ok","Y","NEON.DOC.014050","Ymvu50svVai947RgaYoGNGTwjbYtyuA7","Dirt eroded away from cup edge leaving a lip.",0,0,0
"0E08535E2B93490BA0D7A65BE9DCDD83","D13","MOAB",,"E","shrubScrub",38.265492,-109.341612,"WGS84",1.1,1996.4,0.1,"2015-07-23","2015-08-06",5,"BET.MOAB_007.2015.05","MOAB_007.E.20150806",14,"ok","ok","ok","Y","NEON.DOC.014050","Ymvu50svVai947RgaYoGNGTwjbYtyuA7",,0,0,0
"D67477EE51CB4EF1AD468DE99D3DA38D","D13","MOAB",,"E","shrubScrub",38.233267,-109.397190,"WGS84",1.1,1762.7,0.1,"2015-07-23","2015-08-06",5,"BET.MOAB_004.2015.05","MOAB_004.E.20150806",14,"ok","ok","ok","Y","NEON.DOC.014050","jdFp/E+zhg275wdNAb0YCHFei8RgiAto",,0,0,0
"035F29814A6C4BDDBF1C95E0EDB21953","D13","MOAB",,"E","shrubScrub",38.210790,-109.414470,"WGS84",1.1,1773.5,0.1,"2015-07-23","2015-08-06",5,"BET.MOAB_002.2015.05","MOAB_002.E.20150806",14,"ok","ok","ok","Y","NEON.DOC.014050","Ymvu50svVai947RgaYoGNGTwjbYtyuA7",,0,0,0
"58C530E042A340E69953BA8780CE6190","D13","MOAB",,"N","shrubScrub",38.236562,-109.406592,"WGS84",1.1,1760.7,0.1,"2015-07-23","2015-08-06",5,"BET.MOAB_006.2015.05","MOAB_006.N.20150806",14,"ok","ok","ok","Y","NEON.DOC.014050","Ymvu50svVai947RgaYoGNGTwjbYtyuA7",,0,0,0
"BCD9A0864C394B9F8CD4A27E7353E74F","D13","MOAB",,"W","shrubScrub",38.257572,-109.413902,"WGS84",1.1,1799.4,0.1,"2015-08-06","2015-08-20",6,"BET.MOAB_001.2015.06","MOAB_001.W.20150820",14,"ok","ok","low","Y","NEON.DOC.014050","Ymvu50svVai947RgaYoGNGTwjbYtyuA7","S and W traps were filled to 250 ml",0,0,0
"43725F7286CD463CBAE2F111802B52D0","D13","MOAB",,"S","shrubScrub",38.233090,-109.397422,"WGS84",1.1,1762.7,0.1,"2015-08-06","2015-08-20",6,"BET.MOAB_004.2015.06","MOAB_004.S.20150820",14,"ok","ok","low","Y","NEON.DOC.014050","Ymvu50svVai947RgaYoGNGTwjbYtyuA7","All fluid levels low, all filled to 250 ml. W trap had one invertebrate bycatch, lizard.",0,0,0
"BCFA9A78615E41C896AB4C88605A4EF2","D13","MOAB",,"S","shrubScrub",38.255010,-109.378094,"WGS84",1.1,1815.7,0.1,"2015-08-06","2015-08-20",6,"BET.MOAB_010.2015.06","MOAB_010.S.20150820",14,"ok","ok","low","Y","NEON.DOC.014050","Ymvu50svVai947RgaYoGNGTwjbYtyuA7","All fluid levels low, all filled to 250 ml",0,0,0
"81397604B19147928FA92B00293C58DA","D13","MOAB",,"W","shrubScrub",38.258227,-109.423501,"WGS84",1.1,1793.4,0.1,"2015-08-06","2015-08-20",6,"BET.MOAB_009.2015.06","MOAB_009.W.20150820",14,"ok","ok","ok","Y","NEON.DOC.014050","Ymvu50svVai947RgaYoGNGTwjbYtyuA7","N and E traps were filled to 250 ml",0,0,0
"870C83BA780A4F018BF4D18B8C85A022","D13","MOAB",,"E","shrubScrub",38.258220,-109.423044,"WGS84",1.1,1793.4,0.1,"2015-08-06","2015-08-20",6,"BET.MOAB_009.2015.06","MOAB_009.E.20150820",14,"ok","ok","low","Y","NEON.DOC.014050","Ymvu50svVai947RgaYoGNGTwjbYtyuA7","N and E traps were filled to 250 ml",0,0,0
"AC6DBA0EFEFD4656AD23E0276D7993C6","D13","MOAB",,"N","shrubScrub",38.236562,-109.406592,"WGS84",1.1,1760.7,0.1,"2015-08-06","2015-08-20",6,"BET.MOAB_006.2015.06","MOAB_006.N.20150820",14,"ok","ok","low","Y","NEON.DOC.014050","Ymvu50svVai947RgaYoGNGTwjbYtyuA7","Filled all traps to 250ml",0,0,0
"5B65038E1230492B837742B8A6DE0DA0","D13","MOAB",,"N","shrubScrub",38.233450,-109.397414,"WGS84",1.1,1762.7,0.1,"2015-08-06","2015-08-20",6,"BET.MOAB_004.2015.06","MOAB_004.N.20150820",14,"ok","ok","low","Y","NEON.DOC.014050","Ymvu50svVai947RgaYoGNGTwjbYtyuA7","All fluid levels low, all filled to 250 ml. W trap had one vertebrate bycatch, lizard",0,0,0
"B784A7D8462F4D2E86F552DD467AD0FC","D13","MOAB",,"N","shrubScrub",38.211111,-109.403721,"WGS84",1.1,1768.1,0.1,"2015-08-06","2015-08-20",6,"BET.MOAB_005.2015.06","MOAB_005.N.20150820",14,"ok","ok","low","Y","NEON.DOC.014050","wcMB+uWhN6DlxgYb80zZ5eNIhcO7pIW7","Filled N + E traps to 250 ml",0,0,0
"0BDCDA6C1D1E4050A58CADBF74D124EA","D13","MOAB",,"W","shrubScrub",38.210796,-109.414927,"WGS84",1.1,1773.5,0.1,"2015-08-06","2015-08-20",6,"BET.MOAB_002.2015.06","MOAB_002.W.20150820",14,"ok","ok","ok","Y","NEON.DOC.014050","wcMB+uWhN6DlxgYb80zZ5eNIhcO7pIW7","Filled N and S traps to 250 ml",0,0,0
"C1124E6600C249ACBE7D3D05B47B657A","D13","MOAB",,"E","shrubScrub",38.233267,-109.397190,"WGS84",1.1,1762.7,0.1,"2015-08-06","2015-08-20",6,"BET.MOAB_004.2015.06","MOAB_004.E.20150820",14,"ok","ok","low","Y","NEON.DOC.014050","Ymvu50svVai947RgaYoGNGTwjbYtyuA7","All fluid levels low, all filled to 250 ml. W trap had one invertebrate bycatch, lizard.",0,0,0
"608F0E2072CF4E018FFB906E20FD355F","D13","MOAB",,"N","shrubScrub",38.265675,-109.341836,"WGS84",1.1,1996.4,0.1,"2015-08-06","2015-08-20",6,"BET.MOAB_007.2015.06","MOAB_007.N.20150820",14,"ok","ok","low","Y","NEON.DOC.014050","wcMB+uWhN6DlxgYb80zZ5eNIhcO7pIW7","Filled N, S cups to 250 ml w/ PG",0,0,0
"1EACF7E123004C34B37C0B2C0FB067D9","D13","MOAB",,"N","evergreenForest",38.261467,-109.349479,"WGS84",1.1,2006.8,0.1,"2015-08-06","2015-08-20",6,"BET.MOAB_003.2015.06","MOAB_003.N.20150820",14,"disturbed","ok","low","Y","NEON.DOC.014050","wcMB+uWhN6DlxgYb80zZ5eNIhcO7pIW7","N, S traps eroded along cup edge-large exposed edge. Filled N, E cups to 250 ml line.",0,0,0
"3A236398649C465E88216870D755A951","D13","MOAB",,"E","shrubScrub",38.257566,-109.413445,"WGS84",1.1,1799.4,0.1,"2015-08-06","2015-08-20",6,"BET.MOAB_001.2015.06","MOAB_001.E.20150820",14,"ok","ok","ok","Y","NEON.DOC.014050","Ymvu50svVai947RgaYoGNGTwjbYtyuA7","S and W traps were filled to 250 ml",0,0,0
"5592B0D7B1B44C9899B06DBE50B04FB4","D13","MOAB",,"S","shrubScrub",38.236201,-109.406600,"WGS84",1.1,1760.7,0.1,"2015-08-06","2015-08-20",6,"BET.MOAB_006.2015.06","MOAB_006.S.20150820",14,"ok","ok","low","Y","NEON.DOC.014050","Ymvu50svVai947RgaYoGNGTwjbYtyuA7","Filled all traps to 250ml",0,0,0
"28776DE017AC4310A6567132A781D78E","D13","MOAB",,"W","shrubScrub",38.210934,-109.403953,"WGS84",1.1,1768.1,0.1,"2015-08-06","2015-08-20",6,"BET.MOAB_005.2015.06","MOAB_005.W.20150820",14,"ok","ok","ok","Y","NEON.DOC.014050","wcMB+uWhN6DlxgYb80zZ5eNIhcO7pIW7","Filled N + E traps to 250 ml",0,0,0
"C22AF547C0834282831124B12737E6C8","D13","MOAB",,"N","shrubScrub",38.257750,-109.413670,"WGS84",1.1,1799.4,0.1,"2015-08-06","2015-08-20",6,"BET.MOAB_001.2015.06","MOAB_001.N.20150820",14,"ok","ok","ok","Y","NEON.DOC.014050","Ymvu50svVai947RgaYoGNGTwjbYtyuA7","S and W traps were filled to 250 ml",0,0,0
"890D4A0E1CB84504B4A73733B09AB1E4","D13","MOAB",,"S","shrubScrub",38.210612,-109.414702,"WGS84",1.1,1773.5,0.1,"2015-08-06","2015-08-20",6,"BET.MOAB_002.2015.06","MOAB_002.S.20150820",14,"ok","ok","low","Y","NEON.DOC.014050","wcMB+uWhN6DlxgYb80zZ5eNIhcO7pIW7","Filled N and S traps to 250 ml",0,0,0
"F6A1D0639DD14F278532B4F50D9196AD","D13","MOAB",,"N","shrubScrub",38.210973,-109.414694,"WGS84",1.1,1773.5,0.1,"2015-08-06","2015-08-20",6,"BET.MOAB_002.2015.06","MOAB_002.N.20150820",14,"ok","ok","low","Y","NEON.DOC.014050","wcMB+uWhN6DlxgYb80zZ5eNIhcO7pIW7","Filled N and S traps to 250 ml",0,0,0
"62B37E5712034F1E943270FBE8725B0A","D13","MOAB",,"W","evergreenForest",38.261290,-109.349712,"WGS84",1.1,2006.8,0.1,"2015-08-06","2015-08-20",6,"BET.MOAB_003.2015.06","MOAB_003.W.20150820",14,"ok","ok","ok","Y","NEON.DOC.014050","wcMB+uWhN6DlxgYb80zZ5eNIhcO7pIW7","N, S traps eroded along cup edge-large exposed edge. Filled N, E cups to 250 ml line.",0,0,0
"4BE66760163A490FBB045AF26C6083D6","D13","MOAB",,"E","shrubScrub",38.265492,-109.341612,"WGS84",1.1,1996.4,0.1,"2015-08-06","2015-08-20",6,"BET.MOAB_007.2015.06","MOAB_007.E.20150820",14,"ok","ok","ok","Y","NEON.DOC.014050","wcMB+uWhN6DlxgYb80zZ5eNIhcO7pIW7","Filled N, S cups to 250 ml w/ PG",0,0,0
"F3CACB5FDBBD42F692C0926FB75F85D4","D13","MOAB",,"W","shrubScrub",38.265498,-109.342069,"WGS84",1.1,1996.4,0.1,"2015-08-06","2015-08-20",6,"BET.MOAB_007.2015.06","MOAB_007.W.20150820",14,"ok","ok","ok","Y","NEON.DOC.014050","wcMB+uWhN6DlxgYb80zZ5eNIhcO7pIW7","Filled N, S cups to 250 ml w/ PG",0,0,0
"3E972EC1D0614F368D83ADC895949CA5","D13","MOAB",,"W","shrubScrub",38.233273,-109.397647,"WGS84",1.1,1762.7,0.1,"2015-08-06","2015-08-20",6,"BET.MOAB_004.2015.06","MOAB_004.W.20150820",14,"ok","ok","low","Y","NEON.DOC.014050","Ymvu50svVai947RgaYoGNGTwjbYtyuA7","All fluid levels low, all filled to 250 ml. W trap had one invertebrate bycatch, lizard.",0,0,0
"BC868C00CBD54313B293760CB4060DBF","D13","MOAB",,"E","shrubScrub",38.210790,-109.414470,"WGS84",1.1,1773.5,0.1,"2015-08-06","2015-08-20",6,"BET.MOAB_002.2015.06","MOAB_002.E.20150820",14,"ok","ok","ok","Y","NEON.DOC.014050","wcMB+uWhN6DlxgYb80zZ5eNIhcO7pIW7","Filled N and S traps to 250 ml",0,0,0
"254F5EA6BD014347906501C647630E12","D13","MOAB",,"E","shrubScrub",38.255187,-109.377862,"WGS84",1.1,1815.7,0.1,"2015-08-06","2015-08-20",6,"BET.MOAB_010.2015.06","MOAB_010.E.20150820",14,"ok","ok","low","Y","NEON.DOC.014050","Ymvu50svVai947RgaYoGNGTwjbYtyuA7","All fluid levels low, all filled to 250 ml",0,0,0
"C37211B1D16A4562B58FB4BEE3204233","D13","MOAB",,"E","shrubScrub",38.210928,-109.403496,"WGS84",1.1,1768.1,0.1,"2015-08-06","2015-08-20",6,"BET.MOAB_005.2015.06","MOAB_005.E.20150820",14,"ok","ok","low","Y","NEON.DOC.014050","wcMB+uWhN6DlxgYb80zZ5eNIhcO7pIW7","Filled N + E traps to 250 ml",0,0,0
"34A5AF3E75244445BD0AD28191003F8B","D13","MOAB",,"N","shrubScrub",38.258404,-109.423269,"WGS84",1.1,1793.4,0.1,"2015-08-06","2015-08-20",6,"BET.MOAB_009.2015.06","MOAB_009.N.20150820",14,"ok","ok","low","Y","NEON.DOC.014050","Ymvu50svVai947RgaYoGNGTwjbYtyuA7","N and E traps were filled to 250 ml",0,0,0
"1945EB6BDE69491E91C939816C60C3D3","D13","MOAB",,"S","shrubScrub",38.257389,-109.413678,"WGS84",1.1,1799.4,0.1,"2015-08-06","2015-08-20",6,"BET.MOAB_001.2015.06","MOAB_001.S.20150820",14,"ok","ok","low","Y","NEON.DOC.014050","Ymvu50svVai947RgaYoGNGTwjbYtyuA7","S and W traps were filled to 250 ml",0,0,0
"7222BBFDB6CB463EAA1B0B173950BE25","D13","MOAB",,"E","shrubScrub",38.236378,-109.406368,"WGS84",1.1,1760.7,0.1,"2015-08-06","2015-08-20",6,"BET.MOAB_006.2015.06","MOAB_006.E.20150820",14,"ok","ok","low","Y","NEON.DOC.014050","Ymvu50svVai947RgaYoGNGTwjbYtyuA7","Filled all traps to 250ml",0,0,0
"2C5557FF72AE43B080D112871643C584","D13","MOAB",,"S","evergreenForest",38.261107,-109.349487,"WGS84",1.1,2006.8,0.1,"2015-08-06","2015-08-20",6,"BET.MOAB_003.2015.06","MOAB_003.S.20150820",14,"disturbed","ok","ok","Y","NEON.DOC.014050","wcMB+uWhN6DlxgYb80zZ5eNIhcO7pIW7","N, S traps eroded along cup edge-large exposed edge. Filled N, E cups to 250 ml line.",0,0,0
"5C6DFFBB2822435C8CEB682083712614","D13","MOAB",,"E","evergreenForest",38.261284,-109.349254,"WGS84",1.1,2006.8,0.1,"2015-08-06","2015-08-20",6,"BET.MOAB_003.2015.06","MOAB_003.E.20150820",14,"ok","ok","low","Y","NEON.DOC.014050","wcMB+uWhN6DlxgYb80zZ5eNIhcO7pIW7","N, S traps eroded along cup edge-large exposed edge. Filled N, E cups to 250 ml line.",0,0,0
"0E1C667532864D52A5831D6ABEDAE0E7","D13","MOAB",,"S","shrubScrub",38.265315,-109.341844,"WGS84",1.1,1996.4,0.1,"2015-08-06","2015-08-20",6,"BET.MOAB_007.2015.06","MOAB_007.S.20150820",14,"ok","ok","low","Y","NEON.DOC.014050","wcMB+uWhN6DlxgYb80zZ5eNIhcO7pIW7","Filled N, S cups to 250 ml w/ PG",0,0,0
"6C2842101CB348F2B22E0D807CFD82B7","D13","MOAB",,"W","shrubScrub",38.236385,-109.406825,"WGS84",1.1,1760.7,0.1,"2015-08-06","2015-08-20",6,"BET.MOAB_006.2015.06","MOAB_006.W.20150820",14,"ok","ok","low","Y","NEON.DOC.014050","Ymvu50svVai947RgaYoGNGTwjbYtyuA7","Filled all traps to 250ml",0,0,0
"BD49B653089441C58748752CE1B77F79","D13","MOAB",,"S","shrubScrub",38.210751,-109.403728,"WGS84",1.1,1768.1,0.1,"2015-08-06","2015-08-20",6,"BET.MOAB_005.2015.06","MOAB_005.S.20150820",14,"ok","ok","ok","Y","NEON.DOC.014050","wcMB+uWhN6DlxgYb80zZ5eNIhcO7pIW7","Filled N + E traps to 250 ml",0,0,0
"16DB3F3D6DB148BA8AB56B60F5207BA8","D13","MOAB",,"W","shrubScrub",38.255194,-109.378319,"WGS84",1.1,1815.7,0.1,"2015-08-06","2015-08-20",6,"BET.MOAB_010.2015.06","MOAB_010.W.20150820",14,"ok","ok","low","Y","NEON.DOC.014050","Ymvu50svVai947RgaYoGNGTwjbYtyuA7","All fluid levels low, all filled to 250 ml",0,0,0
"C37E3CE84B7645069AAB0658A774777D","D13","MOAB",,"N","shrubScrub",38.255371,-109.378086,"WGS84",1.1,1815.7,0.1,"2015-08-06","2015-08-20",6,"BET.MOAB_010.2015.06","MOAB_010.N.20150820",14,"ok","ok","low","Y","NEON.DOC.014050","Ymvu50svVai947RgaYoGNGTwjbYtyuA7","All fluid levels low, all filled to 250 ml",0,0,0
"3962230468274BB0BB0C4577B353FD10","D13","MOAB",,"S","shrubScrub",38.258043,-109.423277,"WGS84",1.1,1793.4,0.1,"2015-08-06","2015-08-20",6,"BET.MOAB_009.2015.06","MOAB_009.S.20150820",14,"ok","ok","ok","Y","NEON.DOC.014050","Ymvu50svVai947RgaYoGNGTwjbYtyuA7","N and E traps were filled to 250 ml",0,0,0
